page,supplier_title,supplier_note,source_url,filename,archive_status,archive_relative_path,bytes,sha256,content_type
1,Agate Arbre A 06mm,,https://camille-ambiance-nature.fr/uploads/certificats/agate-arbre-A-06mm-690c67f6356dd.png,agate-arbre-A-06mm-690c67f6356dd.png,downloaded,documents/agate-arbre-A-06mm-690c67f6356dd.png,87411,fabd5eecd24ee8f387b768af9124a5f92b8c5366b1d138776a47c409794721d7,image/png
1,Agate Arbre A 08mm,,https://camille-ambiance-nature.fr/uploads/certificats/Agate-Arbre-AB-08mm-66754930508aa.jpg,Agate-Arbre-AB-08mm-66754930508aa.jpg,downloaded,documents/Agate-Arbre-AB-08mm-66754930508aa.jpg,34143,70f199dedb594fad4b0fff6d9fb5207b453f442564020c6ef811854ad6f66a8d,image/jpeg
1,Agate Bandée A 08mm,,https://camille-ambiance-nature.fr/uploads/certificats/Agate-Bandee-A-08mm-667566c93611e.jpg,Agate-Bandee-A-08mm-667566c93611e.jpg,downloaded,documents/Agate-Bandee-A-08mm-667566c93611e.jpg,34793,6141ff174b1dbbe785463b29b8ddc5c09a51827342f2597ca2a0b3bf8f5a44c3,image/jpeg
1,Agate Blanche 08mm,,https://camille-ambiance-nature.fr/uploads/certificats/Agate-Blanche-60b78a356e43c.jpg,Agate-Blanche-60b78a356e43c.jpg,downloaded,documents/Agate-Blanche-60b78a356e43c.jpg,37350,0e158b423718e20c9984057667068bee644f1d88206799a39b1bcc576af805ff,image/jpeg
1,Agate Botswana 06mm,,https://camille-ambiance-nature.fr/uploads/certificats/Agate-Botswana-60b78a6482ec3.jpg,Agate-Botswana-60b78a6482ec3.jpg,downloaded,documents/Agate-Botswana-60b78a6482ec3.jpg,38481,15cfcd6eeca5ef46cd6f8763500aca3e1d2df952daf2a77dd9be69528ccffab3,image/jpeg
1,Agate Botswana 08mm,,https://camille-ambiance-nature.fr/uploads/certificats/agate-Botswana-08mm-690c78d5aaa61.png,agate-Botswana-08mm-690c78d5aaa61.png,downloaded,documents/agate-Botswana-08mm-690c78d5aaa61.png,94764,73b62b236b9a60a84e47a2b640f86038b9bbbed48fa609289bf31c168494e1b5,image/png
1,Agate Botswana Grise AB 08mm,,https://camille-ambiance-nature.fr/uploads/certificats/Agate-Botswana-AB-08mm-6675696cc714c.jpg,Agate-Botswana-AB-08mm-6675696cc714c.jpg,downloaded,documents/Agate-Botswana-AB-08mm-6675696cc714c.jpg,35020,3b1be3053468bd57f73595f43cbe6a94eb0ae69abbce6ea4985c5c9087a28a83,image/jpeg
1,Agate Botswana Rose 06mm,,https://camille-ambiance-nature.fr/uploads/certificats/Agate-Botswana-Rose-A-06mm-66754b14648e4.jpg,Agate-Botswana-Rose-A-06mm-66754b14648e4.jpg,downloaded,documents/Agate-Botswana-Rose-A-06mm-66754b14648e4.jpg,34743,cbc8a999698883621dabad40bdedadd55d3cf8e55e944d8ba4f408ade4d8f990,image/jpeg
1,Agate Botswana Rose 08mm,,https://camille-ambiance-nature.fr/uploads/certificats/agate-Botswana-Rose-08mm-69d4f4a9f2170.png,agate-Botswana-Rose-08mm-69d4f4a9f2170.png,downloaded,documents/agate-Botswana-Rose-08mm-69d4f4a9f2170.png,84552,6a34de231e5a30faf9f318221b40513e00f323fbc460dcce0791d204a1c505b9,image/png
1,Agate Crazy Lace 06mm,,https://camille-ambiance-nature.fr/uploads/certificats/Agate-Crazy-Lace-60b78a92a5b7a.jpg,Agate-Crazy-Lace-60b78a92a5b7a.jpg,downloaded,documents/Agate-Crazy-Lace-60b78a92a5b7a.jpg,39367,0ba76099ada3882fa631e089166c4ce5aa9421be4559c49b7ef3baa825be9ed5,image/jpeg
1,Agate Crazy Lace 08mm,L’imprégnation de polymères permet de renforcer une pierre poreuse à l’état naturel. Ceci n’altère en rien la qualité du produit.,https://camille-ambiance-nature.fr/uploads/certificats/Agate-Crazy-Lace-AB-08mm-667434a39649c.jpg,Agate-Crazy-Lace-AB-08mm-667434a39649c.jpg,downloaded,documents/Agate-Crazy-Lace-AB-08mm-667434a39649c.jpg,35438,60129689693b2fd25975c369ad3f307cf4d668aace27a84b85d80876f0c69af6,image/jpeg
1,Agate Crazy Lace Grise A 08mm,,https://camille-ambiance-nature.fr/uploads/certificats/agate-crazy-lace-grise-A-08mm-690c7b7ae19b8.png,agate-crazy-lace-grise-A-08mm-690c7b7ae19b8.png,downloaded,documents/agate-crazy-lace-grise-A-08mm-690c7b7ae19b8.png,89840,b2f8662e08b3a5613a82eed3923a13dc4f9de16bb51e072d8a29c4a0a65a1043,image/png
1,Agate crazy lace rouge AA 06mm,,https://camille-ambiance-nature.fr/uploads/certificats/agate-crazy-lace-rouge-AA-06mm-69d4f515372fb.png,agate-crazy-lace-rouge-AA-06mm-69d4f515372fb.png,downloaded,documents/agate-crazy-lace-rouge-AA-06mm-69d4f515372fb.png,83018,c72d6b49eb12ced8e65c8e789c3d86f8ea488648c8e522257956d74062825c47,image/png
1,Agate Crazy Lace Rouge AA 08mm,,https://camille-ambiance-nature.fr/uploads/certificats/Agate-Crazy-Lace-Rouge-AA-08mm-639049cd374d9.jpg,Agate-Crazy-Lace-Rouge-AA-08mm-639049cd374d9.jpg,downloaded,documents/Agate-Crazy-Lace-Rouge-AA-08mm-639049cd374d9.jpg,26674,cbec35ed8cf8341b8dcf4fed91096546d31b0bd5d10a5e729a466c20ed22e180,image/jpeg
1,Agate de Feu 08mm,,https://camille-ambiance-nature.fr/uploads/certificats/Agate-de-Feu-A-07-5-08-5mm-6397362e92dfa.jpg,Agate-de-Feu-A-07-5-08-5mm-6397362e92dfa.jpg,downloaded,documents/Agate-de-Feu-A-07-5-08-5mm-6397362e92dfa.jpg,26190,3e1f82659180e7219f07015d479bf92d6b93b547054ef62ce363b5be712e7c97,image/jpeg
1,Agate Dendrite 06mm,,https://camille-ambiance-nature.fr/uploads/certificats/agate-dendrite-06mm-69d4f66c2c153.png,agate-dendrite-06mm-69d4f66c2c153.png,downloaded,documents/agate-dendrite-06mm-69d4f66c2c153.png,87974,df03971e975f55b4a2a827a62fd87213c20a25cebb88da495dada162dbf0ac7a,image/png
1,Agate Dendrite 08mm,,https://camille-ambiance-nature.fr/uploads/certificats/Agate-Dendrite-60b78ad4caaf5.jpg,Agate-Dendrite-60b78ad4caaf5.jpg,downloaded,documents/Agate-Dendrite-60b78ad4caaf5.jpg,40043,4180657ba7ec49e1cbafa9160d5435e7b46bcc5fde75aa418da2b2cd10f77f15,image/jpeg
1,Agate fleur de cerisier 06mm,,https://camille-ambiance-nature.fr/uploads/certificats/agate-fleur-de-cerisier-06mm-69d4f6d243d78.png,agate-fleur-de-cerisier-06mm-69d4f6d243d78.png,downloaded,documents/agate-fleur-de-cerisier-06mm-69d4f6d243d78.png,87235,e4206352c2c2177c62f7df27d9b6cdacf31129181afc8534713da329a412e4a5,image/png
1,Agate Fleur de Cerisier 08mm,,https://camille-ambiance-nature.fr/uploads/certificats/Agate-Fleur-de-Cerisier-A-08mm-66742a4709a59.jpg,Agate-Fleur-de-Cerisier-A-08mm-66742a4709a59.jpg,downloaded,documents/Agate-Fleur-de-Cerisier-A-08mm-66742a4709a59.jpg,35416,72b285e1ab260d830f7bc070a40f92eb970b85223c67dc93abc54015ce6cd2c6,image/jpeg
1,Agate Indienne 06mm,,https://camille-ambiance-nature.fr/uploads/certificats/agate-indienne-06mm-69d4f71b4f780.png,agate-indienne-06mm-69d4f71b4f780.png,downloaded,documents/agate-indienne-06mm-69d4f71b4f780.png,88406,d9d31f3ea448dec5bc5ee556cd357032b59a1cc9038c68219c1d7660d683abcc,image/png
1,Agate Indienne 08mm,,https://camille-ambiance-nature.fr/uploads/certificats/Agate-Indienne-AB-08mm-66742a6c92770.jpg,Agate-Indienne-AB-08mm-66742a6c92770.jpg,downloaded,documents/Agate-Indienne-AB-08mm-66742a6c92770.jpg,34700,1c5d0cc3b54b6d767b19c4ad0f6e8659dec9fff7d14332200a83306d401fc57e,image/jpeg
1,Agate Mousse 06mm,,https://camille-ambiance-nature.fr/uploads/certificats/Agate-Mousse-06mm-60b78c6205e1f.jpg,Agate-Mousse-06mm-60b78c6205e1f.jpg,downloaded,documents/Agate-Mousse-06mm-60b78c6205e1f.jpg,40009,518f51a5b145ce429db42bb42e17805a7482de0c60697b93387f5b911fa348a1,image/jpeg
1,Agate Mousse 08mm,,https://camille-ambiance-nature.fr/uploads/certificats/Agate-Mousse-AB-08mm-66754971a927a.jpg,Agate-Mousse-AB-08mm-66754971a927a.jpg,downloaded,documents/Agate-Mousse-AB-08mm-66754971a927a.jpg,36070,0fa1a27e2be18687284205e5431677c1a9c9418f52a1e2cd47cf75e52c1f5e5e,image/jpeg
1,Agate Mousse Jaune 08mm,,https://camille-ambiance-nature.fr/uploads/certificats/Agate-Mousse-Jaune-A-08mm-653232108090a.jpg,Agate-Mousse-Jaune-A-08mm-653232108090a.jpg,downloaded,documents/Agate-Mousse-Jaune-A-08mm-653232108090a.jpg,29574,cf05875b89043a3e5651145ba3e0ddb40e5ae1be24fb1cf78abf3b38795dc53e,image/jpeg
1,Agate Oeil 08mm,,https://camille-ambiance-nature.fr/uploads/certificats/agate-oeil-AAA-08mm-67c030e079aa0.png,agate-oeil-AAA-08mm-67c030e079aa0.png,downloaded,documents/agate-oeil-AAA-08mm-67c030e079aa0.png,104067,1d3ecead5b1d3fbcdbc50b07ecdd3408e1404908cdd8dd36a8add8bea166cc13,image/png
1,Agate Plume 08mm,,https://camille-ambiance-nature.fr/uploads/certificats/Agate-Plume-60b78cae275ba.jpg,Agate-Plume-60b78cae275ba.jpg,downloaded,documents/Agate-Plume-60b78cae275ba.jpg,37827,92fbcb1d2b474cc8c08ac6a55b5c2e452aaf3558117852110cb904cb3f281e23,image/jpeg
1,Aigue Marine 04mm,L’imprégnation de polymères permet de renforcer une pierre poreuse à l’état naturel. Ceci n’altère en rien la qualité du produit.,https://camille-ambiance-nature.fr/uploads/certificats/Aigue-Marine-Bresil-A-03-5-04-5mm-65323254ead8c.jpg,Aigue-Marine-Bresil-A-03-5-04-5mm-65323254ead8c.jpg,downloaded,documents/Aigue-Marine-Bresil-A-03-5-04-5mm-65323254ead8c.jpg,30263,9d18a16e7bbc7878e7a80b4b0c1a6890733e1f62d70f6bad6f00b5ff7f46d24e,image/jpeg
1,Aigue marine Brésil (Bahia) 06mm,L’imprégnation de polymères permet de renforcer une pierre poreuse à l’état naturel. Ceci n’altère en rien la qualité du produit.,https://camille-ambiance-nature.fr/uploads/certificats/Aigue-marine-Bresil-Bahia-AAA-06-07mm-673b44d47596e.jpg,Aigue-marine-Bresil-Bahia-AAA-06-07mm-673b44d47596e.jpg,downloaded,documents/Aigue-marine-Bresil-Bahia-AAA-06-07mm-673b44d47596e.jpg,106560,1a59bba4e8d968a3a3a4483a845a045692daba8c3a90bfc3c5dd90c2c083cf89,image/jpeg
1,Aigue Marine Brésil 06mm,La pierre a été polie soit à l’huile ou avec de la résine afin de résorber les possibles micros-fissures de surface. C’est la raison pour laquelle il y a des résidus trouvés sur la pierre. Ceci n’altère en rien la naturalité ainsi que la qualité du produit. C’est une technique utilisée en bijouterie pour ce type de pierre.,https://camille-ambiance-nature.fr/uploads/certificats/Aigue-Marine-06mm-612cacc029bf4.jpg,Aigue-Marine-06mm-612cacc029bf4.jpg,downloaded,documents/Aigue-Marine-06mm-612cacc029bf4.jpg,41146,1341a4db29c5b13d39c4753ba59558ea6b11903c4a50f75e02721c1766b10fc0,image/jpeg
1,Aigue Marine Brésil 08mm,La pierre a été polie soit à l’huile ou avec de la résine afin de résorber les possibles micros-fissures de surface. C’est la raison pour laquelle il y a des résidus trouvés sur la pierre. Ceci n’altère en rien la naturalité ainsi que la qualité du produit. C’est une technique utilisée en bijouterie pour ce type de pierre.,https://camille-ambiance-nature.fr/uploads/certificats/Aigue-Marine-08mm-612cacdb03289.jpg,Aigue-Marine-08mm-612cacdb03289.jpg,downloaded,documents/Aigue-Marine-08mm-612cacdb03289.jpg,43029,d36cc26d8d39d8ff67b750eeca0024c39a4e2c7084f8da8d5e3e483a0a480f4b,image/jpeg
1,Aigue Marine Brésil 10mm,L’imprégnation de polymères permet de renforcer une pierre poreuse à l’état naturel. Ceci n’altère en rien la qualité du produit.,https://camille-ambiance-nature.fr/uploads/certificats/aigue-marine-10mm-690c80721a224.png,aigue-marine-10mm-690c80721a224.png,downloaded,documents/aigue-marine-10mm-690c80721a224.png,85095,7b4a588124e6733ee16f2c00bc942f8cd9145ed255f368c7556ef45f284bf76c,image/png
1,Aigue Marine Namibie 06mm,L’imprégnation de polymères permet de renforcer une pierre poreuse à l’état naturel. Ceci n’altère en rien la qualité du produit.,https://camille-ambiance-nature.fr/uploads/certificats/Aigue-Marine-Namibie-A-5-5-6-5mm-6675704a3a48a.jpg,Aigue-Marine-Namibie-A-5-5-6-5mm-6675704a3a48a.jpg,downloaded,documents/Aigue-Marine-Namibie-A-5-5-6-5mm-6675704a3a48a.jpg,35077,7ceb89a57cf35ed8f3ebde63ccc321bac4885e1030592cab8cf823335c12b2b2,image/jpeg
1,Aigue Marine Perles Roulées,La pierre a été polie soit à l’huile ou avec de la résine afin de résorber les possibles micros-fissures de surface. C’est la raison pour laquelle il y a des résidus trouvés sur la pierre. Ceci n’altère en rien la naturalité ainsi que la qualité du produit. C’est une technique utilisée en bijouterie pour ce type de pierre.,https://camille-ambiance-nature.fr/uploads/certificats/Aigue-Marine-Pierres-Roulees-612cad0e8183b.jpg,Aigue-Marine-Pierres-Roulees-612cad0e8183b.jpg,downloaded,documents/Aigue-Marine-Pierres-Roulees-612cad0e8183b.jpg,42374,64252b032c348c8f9a18d3b861d9f8f7ad248751abd9c956a718a19d0e191c71,image/jpeg
1,Amazonite Brésil 08mm,L’imprégnation de polymères permet de renforcer une pierre poreuse à l’état naturel. Ceci n’altère en rien la qualité du produit.,https://camille-ambiance-nature.fr/uploads/certificats/Amazonite-08mm-690c753ada8ca.png,Amazonite-08mm-690c753ada8ca.png,downloaded,documents/Amazonite-08mm-690c753ada8ca.png,83099,1de2e0cedeaff3b8b77eb89899a5bbc51e6f0654987fead727d0f1269ebff6d9,image/png
1,Amazonite Etats-Unis 06mm,,https://camille-ambiance-nature.fr/uploads/certificats/Amazonite-USA-AAA-06mm-667574af46c44.jpg,Amazonite-USA-AAA-06mm-667574af46c44.jpg,downloaded,documents/Amazonite-USA-AAA-06mm-667574af46c44.jpg,34237,d7d52449ea0b666c1d86417d31cc34e3bd0e57d64ad3e5a11da86a5891a68c9b,image/jpeg
1,Amazonite Etats-Unis 08mm,,https://camille-ambiance-nature.fr/uploads/certificats/Amazonite-USA-A-7-5-8-5mm-667575c1e7180.jpg,Amazonite-USA-A-7-5-8-5mm-667575c1e7180.jpg,downloaded,documents/Amazonite-USA-A-7-5-8-5mm-667575c1e7180.jpg,34869,85a5ac4188957da153ac0c9f3efcd731f89486f3a77f815558fcdd8c25d560e8,image/jpeg
1,Amazonite Pérou 06mm,Le remplissage de cire dans les fissures signifie qu’il y a des résidus de cire de polissage dans les fissures de la pierre. Ceci n’altère en rien la qualité du produit.,https://camille-ambiance-nature.fr/uploads/certificats/amazonite-Perou-06mm-690c68abc02de.png,amazonite-Perou-06mm-690c68abc02de.png,downloaded,documents/amazonite-Perou-06mm-690c68abc02de.png,78658,711b2853d7010ed2e97f592a78c003ab188925ce4bc7b000dcf8f8fa1f00e7ba,image/png
1,Amazonite Pérou 08mm,,https://camille-ambiance-nature.fr/uploads/certificats/Amazonite-Perou-A-08mm-66757010134be.jpg,Amazonite-Perou-A-08mm-66757010134be.jpg,downloaded,documents/Amazonite-Perou-A-08mm-66757010134be.jpg,34469,661ed86753a650edca719ebfd6139bb9281a4eb5fd7f99e12e061eab2eed8aa4,image/jpeg
1,Amazonite Russie 06mm,L’imprégnation de polymères permet de renforcer une pierre poreuse à l’état naturel. Ceci n’altère en rien la qualité du produit.,https://camille-ambiance-nature.fr/uploads/certificats/Amazonite-Russie-612ca94e3ef2c.jpg,Amazonite-Russie-612ca94e3ef2c.jpg,downloaded,documents/Amazonite-Russie-612ca94e3ef2c.jpg,38348,bd249db4eebc76d9b248ea9d03afa2172637fb55d59a0beb9c3471912c178c2f,image/jpeg
1,Ambre cognac 06mm,L'Ambre est chauffé à 130°C afin d'enlever les bulles d'air à l'intérieur pour retirer les fissures. C'est un traitement normal pour renforcer l'ambre naturel.,https://camille-ambiance-nature.fr/uploads/certificats/ambre-cognac-AA-06mm-67c0324b035b7.png,ambre-cognac-AA-06mm-67c0324b035b7.png,downloaded,documents/ambre-cognac-AA-06mm-67c0324b035b7.png,98509,627b66540036aba2d0f0ca76e3213acc529dbad53c45629909e15e63c10f3f0f,image/png
1,Ambre Cognac 08mm,L'Ambre est chauffé à 130°C afin d'enlever les bulles d'air à l'intérieur pour retirer les fissures. C'est un traitement normal pour renforcer l'ambre naturel.,https://camille-ambiance-nature.fr/uploads/certificats/Ambre-Cognac-08mm-65240a56350d9.jpg,Ambre-Cognac-08mm-65240a56350d9.jpg,downloaded,documents/Ambre-Cognac-08mm-65240a56350d9.jpg,19856,68d32110a038d01e4647da37084a4a6b75182c88a2c77b2452698d0c02277286,image/jpeg
1,Ambre forme naturelle 05-06mm,,https://camille-ambiance-nature.fr/uploads/certificats/ambre-cognac-AA-forme-naturelle-05-06mm-67c0327032b56.png,ambre-cognac-AA-forme-naturelle-05-06mm-67c0327032b56.png,downloaded,documents/ambre-cognac-AA-forme-naturelle-05-06mm-67c0327032b56.png,98721,6f4176858808e6771cfdcab7f794696a7db96f0f791d02e3245918e679503e26,image/png
1,Ambre Jaune 08mm,L'Ambre est chauffé à 130°C afin d'enlever les bulles d'air à l'intérieur pour retirer les fissures. C'est un traitement normal pour renforcer l'ambre naturel.,https://camille-ambiance-nature.fr/uploads/certificats/Ambre-Jaune-08mm-65240a69de2c0.jpg,Ambre-Jaune-08mm-65240a69de2c0.jpg,downloaded,documents/Ambre-Jaune-08mm-65240a69de2c0.jpg,20793,7052d3e08753950dbaf8f2bb2ad20636e8697183e927d1943eaa0916a6fac2f1,image/jpeg
1,Ambre jaune AA 07-08mm,L'Ambre est chauffé à 130°C afin d'enlever les bulles d'air à l'intérieur pour retirer les fissures. C'est un traitement normal pour renforcer l'ambre naturel.,https://camille-ambiance-nature.fr/uploads/certificats/ambre-jaune-AA-07-08mm-69d4f7685fbd4.png,ambre-jaune-AA-07-08mm-69d4f7685fbd4.png,downloaded,documents/ambre-jaune-AA-07-08mm-69d4f7685fbd4.png,85769,3c21bedb40c3465d95cf59dd245ded095140eb7c8fd086918092a41672c31d27,image/png
1,Ambre miel 08mm,L'Ambre est chauffé à 130°C afin d'enlever les bulles d'air à l'intérieur pour retirer les fissures. C'est un traitement normal pour renforcer l'ambre naturel.,https://camille-ambiance-nature.fr/uploads/certificats/ambre-miel-AA-07-08mm-690c7c92c6da9.png,ambre-miel-AA-07-08mm-690c7c92c6da9.png,downloaded,documents/ambre-miel-AA-07-08mm-690c7c92c6da9.png,85051,e7a7b60b1b16daa464bd61fac803c5531afb4d766fc13e5fa1f498b43083d5c0,image/png
1,Ambre miel A 04-05mm,L'Ambre est chauffé à 130°C afin d'enlever les bulles d'air à l'intérieur pour retirer les fissures. C'est un traitement normal pour renforcer l'ambre naturel.,https://camille-ambiance-nature.fr/uploads/certificats/ambre-miel-A-04-05mm-69d4f7a197fec.png,ambre-miel-A-04-05mm-69d4f7a197fec.png,downloaded,documents/ambre-miel-A-04-05mm-69d4f7a197fec.png,86384,7027b11a90906a0ee2cc987a3aa23a78d3653ea7dc71f052fc03c3a93feb4096,image/png
1,Amphibole A 06mm,,https://camille-ambiance-nature.fr/uploads/certificats/Amphibole-A-06mm-6397364f84249.jpg,Amphibole-A-06mm-6397364f84249.jpg,downloaded,documents/Amphibole-A-06mm-6397364f84249.jpg,30213,0a47fef8e6141d80106a6df1100c48797a259e3aaf1c82709189dd6242c1f45f,image/jpeg
1,Amphibole A 08mm,,https://camille-ambiance-nature.fr/uploads/certificats/Amphibole-A-08mm-639736575adfa.jpg,Amphibole-A-08mm-639736575adfa.jpg,downloaded,documents/Amphibole-A-08mm-639736575adfa.jpg,26356,fee3f5b2a7aac0ffab1bfe7fdde0cdcf0286b6e7cdfe96a38ab843455324517d,image/jpeg
2,Améthyste 06mm,,https://camille-ambiance-nature.fr/uploads/certificats/amethyste-06mm-690c69953cf1f.png,amethyste-06mm-690c69953cf1f.png,downloaded,documents/amethyste-06mm-690c69953cf1f.png,82115,f2118347d463c74124286b8a127da1ce81db30c24ff1d068fa513ffbee871537,image/png
2,Améthyste 08mm,,https://camille-ambiance-nature.fr/uploads/certificats/Amethyste-08mm-690c731ec6c02.png,Amethyste-08mm-690c731ec6c02.png,downloaded,documents/Amethyste-08mm-690c731ec6c02.png,88244,30aa242ecf5e5fa89230e69e5a650a300eb1c6863410ceec863946d7d4f4c197,image/png
2,Améthyste lavande 08mm,L’imprégnation de polymères permet de renforcer une pierre poreuse à l’état naturel. Ceci n’altère en rien la qualité du produit.,https://camille-ambiance-nature.fr/uploads/certificats/Amethyste-lavande-08mm-690c646a92067.png,Amethyste-lavande-08mm-690c646a92067.png,downloaded,documents/Amethyste-lavande-08mm-690c646a92067.png,82854,b5cd686c0b768a89adfe72a47f474f846402a920b3c94df5a21873547b80983e,image/png
2,Amétrine 06mm,,https://camille-ambiance-nature.fr/uploads/certificats/Ametrine-A-06mm-6532328a3f150.jpg,Ametrine-A-06mm-6532328a3f150.jpg,downloaded,documents/Ametrine-A-06mm-6532328a3f150.jpg,29437,4f3dd7f5aa1fe1863b06b8ff836bb3ac16eb14faf3e766cd2fe0e08404204e4a,image/jpeg
2,Amétrine 08mm,,https://camille-ambiance-nature.fr/uploads/certificats/Ametrine-60c738f724cc1.jpg,Ametrine-60c738f724cc1.jpg,downloaded,documents/Ametrine-60c738f724cc1.jpg,39430,74ac19c0620a0b594b940d6eeb96b0f92a38f7bd66841b1740b525bf1a0c2943,image/jpeg
2,Angélite 06mm,L’imprégnation de polymères permet de renforcer une pierre poreuse à l’état naturel. Ceci n’altère en rien la qualité du produit.,https://camille-ambiance-nature.fr/uploads/certificats/Angelite-A-06mm-667549f19d2e8.jpg,Angelite-A-06mm-667549f19d2e8.jpg,downloaded,documents/Angelite-A-06mm-667549f19d2e8.jpg,34133,0c7bb35f2df2308d4007fe301315b3373943560d2426902a136fe46f092db85f,image/jpeg
2,Angélite 08mm,,https://camille-ambiance-nature.fr/uploads/certificats/angelite-A-08mm-69d4f7dc16bf7.png,angelite-A-08mm-69d4f7dc16bf7.png,downloaded,documents/angelite-A-08mm-69d4f7dc16bf7.png,88340,3e3155bfd95b5f92ea3d5dd98d775745d5988ad24a87ecefeef57bec55eff265,image/png
2,Apatite Bleue 04mm,L’imprégnation de polymères permet de renforcer une pierre poreuse à l’état naturel. Ceci n’altère en rien la qualité du produit.,https://camille-ambiance-nature.fr/uploads/certificats/apatite-bleue-AA-04mm-67c032a25dc7e.png,apatite-bleue-AA-04mm-67c032a25dc7e.png,downloaded,documents/apatite-bleue-AA-04mm-67c032a25dc7e.png,94752,0fec631c776ef5838819b6855322d269d6aee28afd5d59ac4b9658f8a893c584,image/png
2,Apatite Bleue 06mm,L’imprégnation de polymères permet de renforcer une pierre poreuse à l’état naturel. Ceci n’altère en rien la qualité du produit.,https://camille-ambiance-nature.fr/uploads/certificats/apatite-bleue-06mm-690c6a1def234.png,apatite-bleue-06mm-690c6a1def234.png,downloaded,documents/apatite-bleue-06mm-690c6a1def234.png,80547,6746ea38546fc52c31d8c45e22fb4477710ce836ca1b015f3296754e9181ee9f,image/png
2,Apatite Bleue 08mm,,https://camille-ambiance-nature.fr/uploads/certificats/apatite-bleue-08mm-69d4f82f3bce3.png,apatite-bleue-08mm-69d4f82f3bce3.png,downloaded,documents/apatite-bleue-08mm-69d4f82f3bce3.png,86950,8e61bee1bdc263f69e133862c32ad4857caf6746d2be65d9af6ad1600850e58e,image/png
2,Apatite Bleue 12mm,L’imprégnation de polymères permet de renforcer une pierre poreuse à l’état naturel. Ceci n’altère en rien la qualité du produit.,https://camille-ambiance-nature.fr/uploads/certificats/apatite-bleue-12mm-690c7f7f36306.png,apatite-bleue-12mm-690c7f7f36306.png,downloaded,documents/apatite-bleue-12mm-690c7f7f36306.png,84372,ec9541b2cdfbdb5f943f467cbe48145f2878d0d81c4442b07e000fc17a8f44c6,image/png
2,Apatite Verte 04mm,L’imprégnation de polymères permet de renforcer une pierre poreuse à l’état naturel. Ceci n’altère en rien la qualité du produit.,https://camille-ambiance-nature.fr/uploads/certificats/Apatite-Verte-A-04mm-653232a27cd16.jpg,Apatite-Verte-A-04mm-653232a27cd16.jpg,downloaded,documents/Apatite-Verte-A-04mm-653232a27cd16.jpg,28214,549c30eca3d791ca352735bd58ada3b6fb7e23c0b40d175944f8315faa4e316a,image/jpeg
2,Apatite Verte 06mm,L’imprégnation de résine permet de renforcer une pierre poreuse à l’état naturel. Ceci n’altère en rien la qualité du produit.,https://camille-ambiance-nature.fr/uploads/certificats/apatite-verte-06mm-69d4f8a28db17.png,apatite-verte-06mm-69d4f8a28db17.png,downloaded,documents/apatite-verte-06mm-69d4f8a28db17.png,85919,b7a4bd47e16a2c60f28cf789bf30905d0952a67f8b0829332b3125d6534b225c,image/png
2,Aventurine bleue 06mm,,https://camille-ambiance-nature.fr/uploads/certificats/Aventurine-bleue-A-06mm-67c032e6236e9.png,Aventurine-bleue-A-06mm-67c032e6236e9.png,downloaded,documents/Aventurine-bleue-A-06mm-67c032e6236e9.png,109164,cd29f8edc07847adb14b546bf083f2f540b6b28c640210e89e0c36a2aef3121d,image/png
2,Aventurine orange 06mm,,https://camille-ambiance-nature.fr/uploads/certificats/Aventurine-Orange-06mm-628207454fd42.jpg,Aventurine-Orange-06mm-628207454fd42.jpg,downloaded,documents/Aventurine-Orange-06mm-628207454fd42.jpg,30632,e70f9fd8bad25b344bd66bb96a88a4b51f73b5ac5a8e2e0240b1dbfaead5dcbe,image/jpeg
2,Aventurine orange 08mm,,https://camille-ambiance-nature.fr/uploads/certificats/Aventurine-Orange-08mm-62b5bc6b1bd59.png,Aventurine-Orange-08mm-62b5bc6b1bd59.png,downloaded,documents/Aventurine-Orange-08mm-62b5bc6b1bd59.png,728848,2e7d6f56dacc87ee6b852036ea4a2ad66d3b38264490421eb1cedbd7d2b62e98,image/png
2,Aventurine rouge 06mm,,https://camille-ambiance-nature.fr/uploads/certificats/Aventurine-Rouge-616d3f5ca27cb.jpg,Aventurine-Rouge-616d3f5ca27cb.jpg,downloaded,documents/Aventurine-Rouge-616d3f5ca27cb.jpg,33786,77faf0a2f978a3818c0d3bd499107c172af483b93f9f413922435f81319d3c69,image/jpeg
2,Aventurine verte 04mm,,https://camille-ambiance-nature.fr/uploads/certificats/Aventurine-Verte-AB-04mm-667425d9c1d22.jpg,Aventurine-Verte-AB-04mm-667425d9c1d22.jpg,downloaded,documents/Aventurine-Verte-AB-04mm-667425d9c1d22.jpg,35370,e545c0a4dcf0f80cce1e689747d8570ef34f1044258783b80854c403f3614aca,image/jpeg
2,Aventurine verte 08mm,,https://camille-ambiance-nature.fr/uploads/certificats/aventurine-verte-08mm-69d4f8df78607.png,aventurine-verte-08mm-69d4f8df78607.png,downloaded,documents/aventurine-verte-08mm-69d4f8df78607.png,90452,26a439e2e28e98fe74c2aed68b293152aa674157674d4dda7b367349087edef3,image/png
2,Aventurine verte A 06mm,,https://camille-ambiance-nature.fr/uploads/certificats/aventurine-verte-A-06mm-68516bfe0ca09.png,aventurine-verte-A-06mm-68516bfe0ca09.png,downloaded,documents/aventurine-verte-A-06mm-68516bfe0ca09.png,98812,17ee5644cb137f4b8be61125c91c96a03d050b2cb0a6c75d476eafc7a98db1b6,image/png
2,Aventurine verte AB 06mm,,https://camille-ambiance-nature.fr/uploads/certificats/Aventurine-Verte-AB-06mm-66756efecdf28.jpg,Aventurine-Verte-AB-06mm-66756efecdf28.jpg,downloaded,documents/Aventurine-Verte-AB-06mm-66756efecdf28.jpg,35148,2bc6bd751f3505597f43576fb810696cb0e4881c5f70e46c074a4c25b3f20912,image/jpeg
2,Azurite Malachite 1,,https://camille-ambiance-nature.fr/uploads/certificats/Azurite-Malachite-60c7393c7ebd6.jpg,Azurite-Malachite-60c7393c7ebd6.jpg,downloaded,documents/Azurite-Malachite-60c7393c7ebd6.jpg,38557,d921d117ee1fd01944ea8099ecb1bcbe3074477a8155bed1f8d960b16c098d20,image/jpeg
2,Azurite Malachite 2,,https://camille-ambiance-nature.fr/uploads/certificats/Azurite-Malachite-1-616d3f791523f.jpg,Azurite-Malachite-1-616d3f791523f.jpg,downloaded,documents/Azurite-Malachite-1-616d3f791523f.jpg,33680,d98aa3d51e80dc8bbbfad76600010aeabf3219363c26cd34132ab535ad4e2f16,image/jpeg
2,Azurite Malachite 3,,https://camille-ambiance-nature.fr/uploads/certificats/Azurite-Malachite-2-616d3f83d622d.jpg,Azurite-Malachite-2-616d3f83d622d.jpg,downloaded,documents/Azurite-Malachite-2-616d3f83d622d.jpg,34193,375c468940f5a9bd9a7b5d83dc53ecbfbe4ea1f3d0dd00831dbdd2a5febe7053,image/jpeg
2,Azurite Malachite Chrysocolle AAA 08-09mm,L’imprégnation de polymères permet de renforcer une pierre poreuse à l’état naturel. Ceci n’altère en rien la qualité du produit.,https://camille-ambiance-nature.fr/uploads/certificats/Azurite-Malachite-Chrysocolle-AAA-08-09mm-63973672b5f7e.jpg,Azurite-Malachite-Chrysocolle-AAA-08-09mm-63973672b5f7e.jpg,downloaded,documents/Azurite-Malachite-Chrysocolle-AAA-08-09mm-63973672b5f7e.jpg,33346,5d3890eddb3e2a33db87bc60f2cb62ad2b213b1563c53d11ea8c9f2fed216fab,image/jpeg
2,Azurite Malachite Naturelle 08mm,,https://camille-ambiance-nature.fr/uploads/certificats/Rapports-d-authenticite-690ca23c0aca7.png,Rapports-d-authenticite-690ca23c0aca7.png,downloaded,documents/Rapports-d-authenticite-690ca23c0aca7.png,143696,981bb3f2d10768a5dd6ec8a10d0768a9a8d9de7650c47346c9676536fbc42101,image/png
2,Biotite 06mm,L’imprégnation de résine permet de renforcer une pierre poreuse à l’état naturel. Ceci n’altère en rien la qualité du produit.,https://camille-ambiance-nature.fr/uploads/certificats/Biotite-616d4000c872f.jpg,Biotite-616d4000c872f.jpg,downloaded,documents/Biotite-616d4000c872f.jpg,34465,a5aa805cc3e0e56dd6148f9687f31cf74d292a7e4e9a0db7ff6fc8a87f53b781,image/jpeg
2,Biotite 08mm,L’imprégnation de polymères permet de renforcer une pierre poreuse à l’état naturel. Ceci n’altère en rien la qualité du produit.,https://camille-ambiance-nature.fr/uploads/certificats/Biotite-A-08mm-653232c4ed733.jpg,Biotite-A-08mm-653232c4ed733.jpg,downloaded,documents/Biotite-A-08mm-653232c4ed733.jpg,28998,f8c6f61f7553758fae1dc66ff2da1a6001374b53ce0553839234fcce04e3cf98,image/jpeg
2,Bleue Liberite 06mm,,https://camille-ambiance-nature.fr/uploads/certificats/Bleue-Liberite-60c7394e41012.jpg,Bleue-Liberite-60c7394e41012.jpg,downloaded,documents/Bleue-Liberite-60c7394e41012.jpg,38782,d2ead5e6a433c2142899cc9f9915a517fdfde3fc83b5b05a12d26c04fae91953,image/jpeg
2,Bois fossile 06mm,,https://camille-ambiance-nature.fr/uploads/certificats/Bois-Fossiles-60c73959a0cc9.jpg,Bois-Fossiles-60c73959a0cc9.jpg,downloaded,documents/Bois-Fossiles-60c73959a0cc9.jpg,41546,40658797024ecaab8e9a020586ad2b2ac9a3416839be8fb114965ee265d8aaea,image/jpeg
2,Bois Fossile 08mm,,https://camille-ambiance-nature.fr/uploads/certificats/Bois-Fossile-A-08mm-653232d89e7ad.jpg,Bois-Fossile-A-08mm-653232d89e7ad.jpg,downloaded,documents/Bois-Fossile-A-08mm-653232d89e7ad.jpg,29239,2a8e9c3be61fb2b2c78dc5bb1623810241cfa0a78a56a3f4e6a25a157097b38c,image/jpeg
2,Bois fossile bleu A 08mm,L’imprégnation de polymères permet de renforcer une pierre poreuse à l’état naturel. Ceci n’altère en rien la qualité du produit.,https://camille-ambiance-nature.fr/uploads/certificats/Bois-fossile-bleu-A-08mm-69fae2af98d45.png,Bois-fossile-bleu-A-08mm-69fae2af98d45.png,downloaded,documents/Bois-fossile-bleu-A-08mm-69fae2af98d45.png,90327,8199fb1910d6e5be22498ab0adf6ce8f40aa8a839bf8bb1f88584b555b5f6697,image/png
2,Bois fossile vert A 08mm,L’imprégnation de polymères permet de renforcer une pierre poreuse à l’état naturel. Ceci n’altère en rien la qualité du produit.,https://camille-ambiance-nature.fr/uploads/certificats/bois-fossile-vert-A-08mm-69fae258c57c2.png,bois-fossile-vert-A-08mm-69fae258c57c2.png,downloaded,documents/bois-fossile-vert-A-08mm-69fae258c57c2.png,86801,3777d0ad4f4a35434e667c1f13086ae4f2fb164957c683c5adbddcb7bf1dfbd6,image/png
2,Bronzite 06mm,,https://camille-ambiance-nature.fr/uploads/certificats/Bronzite-60c73991099a1.jpg,Bronzite-60c73991099a1.jpg,downloaded,documents/Bronzite-60c73991099a1.jpg,37075,8a727038476bc788ba212f4c8dd89791220f69bf755936ceaf67d4e51e3a74c3,image/jpeg
2,Budstone 06mm,,https://camille-ambiance-nature.fr/uploads/certificats/Budstone-A-06mm-6397367e307df.jpg,Budstone-A-06mm-6397367e307df.jpg,downloaded,documents/Budstone-A-06mm-6397367e307df.jpg,29925,7ccf1cb06ac2eecd7af1cd165a9380d356fd955f5347a7f825f700098193c39c,image/jpeg
2,Budstone 08mm,,https://camille-ambiance-nature.fr/uploads/certificats/budstone-A-08mm-69d4f91ce08d5.png,budstone-A-08mm-69d4f91ce08d5.png,downloaded,documents/budstone-A-08mm-69d4f91ce08d5.png,86454,b54888679f1545d61ee8ce0df303071d78289fb9767a1c57363afff62a3d65b7,image/png
2,Béryls Naturel A 06mm - Aigue marine,L’imprégnation de polymères permet de renforcer une pierre poreuse à l’état naturel. Ceci n’altère en rien la qualité du produit.,https://camille-ambiance-nature.fr/uploads/certificats/Aigue-Marine-A-06mm-690c6ac828f9e.png,Aigue-Marine-A-06mm-690c6ac828f9e.png,downloaded,documents/Aigue-Marine-A-06mm-690c6ac828f9e.png,81973,8b572d3ed5bc27355bf7777e229bc4729deb0b7f5b52a9519a71cca8eb6cfac2,image/png
2,Béryls Naturel A 06mm - Emeraude,L’imprégnation de polymères permet de renforcer une pierre poreuse à l’état naturel. Ceci n’altère en rien la qualité du produit.,https://camille-ambiance-nature.fr/uploads/certificats/Emeraude-A-06mm-690c6ae1dc77c.png,Emeraude-A-06mm-690c6ae1dc77c.png,downloaded,documents/Emeraude-A-06mm-690c6ae1dc77c.png,82698,cb176134825847ba5e4df39c6a1564678aa82914a3488997fc1ff07b26f63629,image/png
2,Béryls Naturel A 06mm - Héliodore,L’imprégnation de polymères permet de renforcer une pierre poreuse à l’état naturel. Ceci n’altère en rien la qualité du produit.,https://camille-ambiance-nature.fr/uploads/certificats/Heliodore-A-06mm-690c6af7070d6.png,Heliodore-A-06mm-690c6af7070d6.png,downloaded,documents/Heliodore-A-06mm-690c6af7070d6.png,85213,26b752aa6000a66c8090b8fdd8af0a6868ba77494fb2897f08abe307ad192fe5,image/png
2,Béryls Naturel A 06mm - Morganite,L’imprégnation de polymères permet de renforcer une pierre poreuse à l’état naturel. Ceci n’altère en rien la qualité du produit.,https://camille-ambiance-nature.fr/uploads/certificats/Morganite-A-06mm-690c6b09540c0.png,Morganite-A-06mm-690c6b09540c0.png,downloaded,documents/Morganite-A-06mm-690c6b09540c0.png,82304,4fede4349686547cc3d3fae12cd66b2148f90c5a399f94d9ba165657e5164e77,image/png
2,Calcite Bleue sur Guangue AA 07.5-08.5mm,,https://camille-ambiance-nature.fr/uploads/certificats/Calcite-Bleue-sur-Guangue-AA-07-5-08-5mm-63973686eb62d.jpg,Calcite-Bleue-sur-Guangue-AA-07-5-08-5mm-63973686eb62d.jpg,downloaded,documents/Calcite-Bleue-sur-Guangue-AA-07-5-08-5mm-63973686eb62d.jpg,31732,2c438ec31f27670ce8db581941dc050390c160cf539453523f9886b1797dfbce,image/jpeg
2,Calcite Orange 06mm,,https://camille-ambiance-nature.fr/uploads/certificats/Calcite-Orange-06mm-6282079b25d01.jpg,Calcite-Orange-06mm-6282079b25d01.jpg,downloaded,documents/Calcite-Orange-06mm-6282079b25d01.jpg,28904,30e68e43bfc8bdd1aeb57572d7c9170549cb6412669b798b98e488b514e0f858,image/jpeg
2,Calcite Orange 08mm,L’imprégnation de polymères permet de renforcer une pierre poreuse à l’état naturel. Ceci n’altère en rien la qualité du produit.,https://camille-ambiance-nature.fr/uploads/certificats/Calcite-orange-08mm-690c761ecfdfa.png,Calcite-orange-08mm-690c761ecfdfa.png,downloaded,documents/Calcite-orange-08mm-690c761ecfdfa.png,83026,cc61e9e65230ded5e091c517607f0fba928f99c38bb4b215a22c803816833fa0,image/png
2,Calcite Rose AA 08mm,,https://camille-ambiance-nature.fr/uploads/certificats/Calcite-Rose-AA-08mm-6397368eb972d.jpg,Calcite-Rose-AA-08mm-6397368eb972d.jpg,downloaded,documents/Calcite-Rose-AA-08mm-6397368eb972d.jpg,31472,5bf2e98bf73e326b6c5307de4e4cb4b6d02c64e85a4e8f0e14b5baa1c46dae2c,image/jpeg
2,Calcédoine Bleue 04mm,,https://camille-ambiance-nature.fr/uploads/certificats/Calcedoine-Bleue-04mm-61d6fc91ba2a8.jpg,Calcedoine-Bleue-04mm-61d6fc91ba2a8.jpg,downloaded,documents/Calcedoine-Bleue-04mm-61d6fc91ba2a8.jpg,43676,b85db697d359b3b8fc111f9d64f7be98751e5164df531daeb80ed9923696468b,image/jpeg
2,Calcédoine Bleue 06mm,,https://camille-ambiance-nature.fr/uploads/certificats/Calcedoine-Bleue-60c73a2a948ea.jpg,Calcedoine-Bleue-60c73a2a948ea.jpg,downloaded,documents/Calcedoine-Bleue-60c73a2a948ea.jpg,31240,438d5000f812bf0e1286b11122a359fe5d7269b188b8e3e090aa85d862f78e9a,image/jpeg
2,Calcédoine Bleue Namibie AA 06mm,,https://camille-ambiance-nature.fr/uploads/certificats/Calcedoine-Bleue-Namibie-AA-06-5-07-5mm-653232f89ea40.jpg,Calcedoine-Bleue-Namibie-AA-06-5-07-5mm-653232f89ea40.jpg,downloaded,documents/Calcedoine-Bleue-Namibie-AA-06-5-07-5mm-653232f89ea40.jpg,32325,4d03ee5c9928f0d43dea116405e1efe61eab53930013287419fab860bfa19db0,image/jpeg
2,Charoite,,https://camille-ambiance-nature.fr/uploads/certificats/Charoite-60c73a6de8b95.jpg,Charoite-60c73a6de8b95.jpg,downloaded,documents/Charoite-60c73a6de8b95.jpg,41714,bbdf581ad4aa8f57916f8942fde10013c006765c8420a498c3f72d85c1fe4a87,image/jpeg
3,Charoite 12mm,,https://camille-ambiance-nature.fr/uploads/certificats/Charoite-12mm-60c73a616ada0.jpg,Charoite-12mm-60c73a616ada0.jpg,downloaded,documents/Charoite-12mm-60c73a616ada0.jpg,38494,e46e1c69e0bdd66de537cb6915976d7e9ea9b324c65b9f72e5ef33e1b4a62b7b,image/jpeg
3,Chiastolite,,https://camille-ambiance-nature.fr/uploads/certificats/Chiastolite-60c73a80d29be.jpg,Chiastolite-60c73a80d29be.jpg,downloaded,documents/Chiastolite-60c73a80d29be.jpg,40592,fa664b5bdf2e68f3abaf3b8a946b7c005fff25ec0ad2b26320af7a240582a504,image/jpeg
3,Chrysocolle Pérou 06mm,,https://camille-ambiance-nature.fr/uploads/certificats/chrysocolle-Perou-06mm-690c6db1a7c78.png,chrysocolle-Perou-06mm-690c6db1a7c78.png,downloaded,documents/chrysocolle-Perou-06mm-690c6db1a7c78.png,84881,127c3ba293904682fd096f8d97c50692668ffa8ff84c18674e03091f8b8394d1,image/png
3,Chrysocolle Pérou AAA (08-09mm),L’imprégnation de polymères permet de renforcer une pierre poreuse à l’état naturel. Ceci n’altère en rien la qualité du produit.,https://camille-ambiance-nature.fr/uploads/certificats/Chrysocolle-Perou-AAA-08-09mm-08mm-673b45c09ba3f.jpg,Chrysocolle-Perou-AAA-08-09mm-08mm-673b45c09ba3f.jpg,downloaded,documents/Chrysocolle-Perou-AAA-08-09mm-08mm-673b45c09ba3f.jpg,108249,46242dda450592aa2589eea718d65a9fd1030ff4ae8fb9f7a7f3e5ba413598fc,image/jpeg
3,Chrysoprase 06-07mm,,https://camille-ambiance-nature.fr/uploads/certificats/Chrysoprase-06-07mm-62820a1979673.jpg,Chrysoprase-06-07mm-62820a1979673.jpg,downloaded,documents/Chrysoprase-06-07mm-62820a1979673.jpg,30745,c9b57d2629241fc8269c6f299afcffbcf9796c9bf399e9821a0050f1e3139fd4,image/jpeg
3,Chrysoprase AA+ 06mm,,https://camille-ambiance-nature.fr/uploads/certificats/Chrysoprase-AA-06mm-66754b9491ea2.jpg,Chrysoprase-AA-06mm-66754b9491ea2.jpg,downloaded,documents/Chrysoprase-AA-06mm-66754b9491ea2.jpg,35712,f73e013081a0a2fb3d4506a48e0768d7e907a464b1c90614d448b516fb20d48b,image/jpeg
3,Citrine A 08mm,L’imprégnation de polymères permet de renforcer une pierre poreuse à l’état naturel. Ceci n’altère en rien la qualité du produit.,https://camille-ambiance-nature.fr/uploads/certificats/Citrine-A-08mm-67c03365966d5.png,Citrine-A-08mm-67c03365966d5.png,downloaded,documents/Citrine-A-08mm-67c03365966d5.png,100303,8d2cce15f8d29faaa586175d35907615896361776c06dbad68cf6c561935b653,image/png
3,Citrine AA 06mm,L’imprégnation de polymères permet de renforcer une pierre poreuse à l’état naturel. Ceci n’altère en rien la qualité du produit.,https://camille-ambiance-nature.fr/uploads/certificats/citrine-AA-06mm-67c03394595d7.png,citrine-AA-06mm-67c03394595d7.png,downloaded,documents/citrine-AA-06mm-67c03394595d7.png,102098,41d0269f61d0d85c360519ca29863b9070b205adc208dd2cec621fea77c3c789,image/png
3,Citrine Madagascar A perles pierres roulées,Le remplissage de cire dans les fissures signifie qu’il y a des résidus de cire de polissage dans les fissures de la pierre. Ceci n’altère en rien la qualité du produit.,https://camille-ambiance-nature.fr/uploads/certificats/citrine-Madagascar-A-pierres-roulees-690c641365d5d.png,citrine-Madagascar-A-pierres-roulees-690c641365d5d.png,downloaded,documents/citrine-Madagascar-A-pierres-roulees-690c641365d5d.png,84578,8c3085695f50c8a35dfff11ff706172e1ac879015c4da4cfe6c616517034a146,image/png
3,Citrine Naturelle,,https://camille-ambiance-nature.fr/uploads/certificats/Citrine-Naturelle-06mm-61f7c64eae84d.jpg,Citrine-Naturelle-06mm-61f7c64eae84d.jpg,downloaded,documents/Citrine-Naturelle-06mm-61f7c64eae84d.jpg,33758,0076f1905b88e6aca3b699a119599cf3a87d0922a7235bf07994e7d6c1fcdc40,image/jpeg
3,Citrine Naturelle A+ 04mm,L’imprégnation de polymères permet de renforcer une pierre poreuse à l’état naturel. Ceci n’altère en rien la qualité du produit.,https://camille-ambiance-nature.fr/uploads/certificats/Citrine-Naturelle-A-04-05mm-6674273fb6d17.jpg,Citrine-Naturelle-A-04-05mm-6674273fb6d17.jpg,downloaded,documents/Citrine-Naturelle-A-04-05mm-6674273fb6d17.jpg,34111,423bc8481ffd6a9617389a29372623a9b28c02b742ebac29eeb40595399e4f6d,image/jpeg
3,Citrine Naturelle AA 08mm,,https://camille-ambiance-nature.fr/uploads/certificats/Citrine-Naturelle-AA-08-09mm-6675758dc58e3.jpg,Citrine-Naturelle-AA-08-09mm-6675758dc58e3.jpg,downloaded,documents/Citrine-Naturelle-AA-08-09mm-6675758dc58e3.jpg,33338,615aae02c152b55d9bd6adc1adb2beefacaec2fdc0698a39dae077bd83ae56a5,image/jpeg
3,Citrine Naturelle AA 10mm,,https://camille-ambiance-nature.fr/uploads/certificats/Citrine-Naturelle-AA-10mm-667428180456c.jpg,Citrine-Naturelle-AA-10mm-667428180456c.jpg,downloaded,documents/Citrine-Naturelle-AA-10mm-667428180456c.jpg,34326,462884daa5170178638410e35e1e6a2a6a78a79b899716091eeb6fd47a6c4db7,image/jpeg
3,Corail Fossile,,https://camille-ambiance-nature.fr/uploads/certificats/Corail-Fossile-616d4027cc473.jpg,Corail-Fossile-616d4027cc473.jpg,downloaded,documents/Corail-Fossile-616d4027cc473.jpg,34672,367026d519241d95d299e5ce99f84abccf606489ad43509efc4ae178b1c84139,image/jpeg
3,Cordiérite A 08mm,,https://camille-ambiance-nature.fr/uploads/certificats/Cordierite-A-08mm-6675747064ee0.jpg,Cordierite-A-08mm-6675747064ee0.jpg,downloaded,documents/Cordierite-A-08mm-6675747064ee0.jpg,34723,ba64cba17ab20b11869cfc3c3db956e70f5317d0e262164752470a887059e2ae,image/jpeg
3,Cordiérite A+ 06mm,,https://camille-ambiance-nature.fr/uploads/certificats/Cordierite-60c73abc7b0ce.jpg,Cordierite-60c73abc7b0ce.jpg,downloaded,documents/Cordierite-60c73abc7b0ce.jpg,41686,0ba151910d2547dcd7a195cc292f376a2c1d683a501e94d13dd218b77bf6d641,image/jpeg
3,Cornaline 08mm,,https://camille-ambiance-nature.fr/uploads/certificats/Cornaline-60c73ac552c0c.jpg,Cornaline-60c73ac552c0c.jpg,downloaded,documents/Cornaline-60c73ac552c0c.jpg,41509,6635e332d4dcfb23624420ddfc7e3c96c30f76804736386d6cbc3caf7c1e9a1a,image/jpeg
3,Cornaline A 04mm,,https://camille-ambiance-nature.fr/uploads/certificats/Cornaline-A-04mm-667426aa50500.jpg,Cornaline-A-04mm-667426aa50500.jpg,downloaded,documents/Cornaline-A-04mm-667426aa50500.jpg,34631,84e820436af0b52e969534a608cbcb196b24adf71cf865d4eba99e1e22308c12,image/jpeg
3,Cornaline A 06mm,,https://camille-ambiance-nature.fr/uploads/certificats/cornaline-A-06mm-690c6d1637d08.png,cornaline-A-06mm-690c6d1637d08.png,downloaded,documents/cornaline-A-06mm-690c6d1637d08.png,89512,374f5af49b6366fbe8b793ad2056089f3efca7520993c8000e700faece593e2d,image/png
3,Cornaline rouge 04mm,,https://camille-ambiance-nature.fr/uploads/certificats/cornaline-rouge-04mm-69d4f989f0ad0.png,cornaline-rouge-04mm-69d4f989f0ad0.png,downloaded,documents/cornaline-rouge-04mm-69d4f989f0ad0.png,91233,71828b19e62b485feeb4c155190cbb39f58e01aefe0ed59be04ee9af66467f96,image/png
3,Cornaline rouge 06mm,,https://camille-ambiance-nature.fr/uploads/certificats/cornaline-rouge-06mm-69d4f9d45bbe3.png,cornaline-rouge-06mm-69d4f9d45bbe3.png,downloaded,documents/cornaline-rouge-06mm-69d4f9d45bbe3.png,91486,5b0c0ab9eadf9c5252efd48e33799427a95787e7907de1e34d6d603e841a5c0d,image/png
3,Cornaline rouge 08mm,,https://camille-ambiance-nature.fr/uploads/certificats/cornaline-rouge-08mm-69d4fa0ba2288.png,cornaline-rouge-08mm-69d4fa0ba2288.png,downloaded,documents/cornaline-rouge-08mm-69d4fa0ba2288.png,90986,8f50f0820cf43750980485f69809a175f347269bc6dc8a2fec4592fbad6b6679,image/png
3,Cristal De Roche A 06mm,,https://camille-ambiance-nature.fr/uploads/certificats/Cristal-De-Roche-A-06mm-66754b6386b59.jpg,Cristal-De-Roche-A-06mm-66754b6386b59.jpg,downloaded,documents/Cristal-De-Roche-A-06mm-66754b6386b59.jpg,33507,a1118061de1caa423f353a41c096b933573ea9920fb8d4fe102217415db9c3f0,image/jpeg
3,Cristal de roche AA 06mm,,https://camille-ambiance-nature.fr/uploads/certificats/cristal-de-roche-AA-06mm-67c03548c4acb.png,cristal-de-roche-AA-06mm-67c03548c4acb.png,downloaded,documents/cristal-de-roche-AA-06mm-67c03548c4acb.png,102925,239be648dfed1f3d6e015e41b779eff7ef9c4664df606f726e0b6954831e5385,image/png
3,Cristal De Roche Fumé A 08mm,,https://camille-ambiance-nature.fr/uploads/certificats/Cristal-De-Roche-Fume-A-08mm-66756990df307.jpg,Cristal-De-Roche-Fume-A-08mm-66756990df307.jpg,downloaded,documents/Cristal-De-Roche-Fume-A-08mm-66756990df307.jpg,34032,b2e026bdcc8f5c4bbd868c0918892c36db35f9c9ba7198d54fdce7bba95e3318,image/jpeg
3,Cristal De Roche Multicolore,,https://camille-ambiance-nature.fr/uploads/certificats/Cristal-de-Roche-Multicolore-06mm-61f7c682ee768.jpg,Cristal-de-Roche-Multicolore-06mm-61f7c682ee768.jpg,downloaded,documents/Cristal-de-Roche-Multicolore-06mm-61f7c682ee768.jpg,27891,ba281e939440a8cbbaa76b21f7c4a3793a2c30a3484151c841f84bcb7f058c08,image/jpeg
3,Cristal de Roche Rutile Hematite AAA 05.5-06.5mm,,https://camille-ambiance-nature.fr/uploads/certificats/Cristal-de-Roche-Rutile-Hematite-AAA-05-5-06-5mm-6397369715fed.jpg,Cristal-de-Roche-Rutile-Hematite-AAA-05-5-06-5mm-6397369715fed.jpg,downloaded,documents/Cristal-de-Roche-Rutile-Hematite-AAA-05-5-06-5mm-6397369715fed.jpg,30319,a8e553f58d9c2da38bb187543cefa0374408eebfeb4f8961fb068b7e1c41a02a,image/jpeg
3,Cristal De Roche Tourmaline,,https://camille-ambiance-nature.fr/uploads/certificats/Cristal-De-Roche-Tourmaline-616d40416c754.jpg,Cristal-De-Roche-Tourmaline-616d40416c754.jpg,downloaded,documents/Cristal-De-Roche-Tourmaline-616d40416c754.jpg,34096,15507c3173aca3907dcc0fa601feca3a70ea618cd166e1ed9c0bb16f5d0137e3,image/jpeg
3,Cyanite Bleue,L’imprégnation de polymères permet de renforcer une pierre poreuse à l’état naturel. Ceci n’altère en rien la qualité du produit.,https://camille-ambiance-nature.fr/uploads/certificats/Cyanite-Bleue-612ca99891e4c.jpg,Cyanite-Bleue-612ca99891e4c.jpg,downloaded,documents/Cyanite-Bleue-612ca99891e4c.jpg,39915,25fa86b0ad579217c4ea1a058e7a1b37fd53d624d01d09de4740461a89d7a5d0,image/jpeg
3,Cyanite Bleue 08mm,L’imprégnation de polymères permet de renforcer une pierre poreuse à l’état naturel. Ceci n’altère en rien la qualité du produit.,https://camille-ambiance-nature.fr/uploads/certificats/Cyanite-Bleue-6220d7f24caac.jpg,Cyanite-Bleue-6220d7f24caac.jpg,downloaded,documents/Cyanite-Bleue-6220d7f24caac.jpg,26996,8bf38b7c44193cf84bb44ce9a15e8b3c08c62c09b79eca7727cd0099919b23d0,image/jpeg
3,Cyanite Verte,,https://camille-ambiance-nature.fr/uploads/certificats/Cyanite-Verte-60f9547d73672.jpg,Cyanite-Verte-60f9547d73672.jpg,downloaded,documents/Cyanite-Verte-60f9547d73672.jpg,39508,d1c17347bb77a37d55987bcc154aa7e435afc44398190587f179e300cde147b2,image/jpeg
3,Célestine A 08mm,L’imprégnation de polymères permet de renforcer une pierre poreuse à l’état naturel. Ceci n’altère en rien la qualité du produit.,https://camille-ambiance-nature.fr/uploads/certificats/Celestine-A-08mm-667575411c8fd.jpg,Celestine-A-08mm-667575411c8fd.jpg,downloaded,documents/Celestine-A-08mm-667575411c8fd.jpg,33248,6eba894ec98f082444e5065de3055731762df8a6ed990176c2515b883945a524,image/jpeg
3,Diopside Vert,,https://camille-ambiance-nature.fr/uploads/certificats/Diopside-Vert-60f954ab8f078.jpg,Diopside-Vert-60f954ab8f078.jpg,downloaded,documents/Diopside-Vert-60f954ab8f078.jpg,38202,283d10d6f6680ababf44a56213a2d3ecd745750e041c6434df2def3060a5af7f,image/jpeg
3,Diopside Vert AA+ 06mm,L’imprégnation de polymères permet de renforcer une pierre poreuse à l’état naturel. Ceci n’altère en rien la qualité du produit.,https://camille-ambiance-nature.fr/uploads/certificats/Diopsoide-Vert-AA-06mm-66742862764cc.jpg,Diopsoide-Vert-AA-06mm-66742862764cc.jpg,downloaded,documents/Diopsoide-Vert-AA-06mm-66742862764cc.jpg,33961,9f53e48e621af512f7750e048b36d457f7116c771a86cb6718af7b3866644ec2,image/jpeg
3,Dumortierite 06mm,,https://camille-ambiance-nature.fr/uploads/certificats/dumortierite-06mm-69d4fadd34a06.png,dumortierite-06mm-69d4fadd34a06.png,downloaded,documents/dumortierite-06mm-69d4fadd34a06.png,93427,47682ffa72df37f7537613d7385195195a25595b066c557d76e131a7874f973c,image/png
3,Emeraude,,https://camille-ambiance-nature.fr/uploads/certificats/Emeraude-616d404dbe3bf.jpg,Emeraude-616d404dbe3bf.jpg,downloaded,documents/Emeraude-616d404dbe3bf.jpg,32920,04e3621ad29b02a67a300cd9faf466515136219d38ea3a1159f4bb0dc152ca34,image/jpeg
3,Emeraude A 06mm,L’imprégnation de polymères permet de renforcer une pierre poreuse à l’état naturel. Ceci n’altère en rien la qualité du produit.,https://camille-ambiance-nature.fr/uploads/certificats/Emeraude-A-6-5-7-5mm-6674270738c9c.jpg,Emeraude-A-6-5-7-5mm-6674270738c9c.jpg,downloaded,documents/Emeraude-A-6-5-7-5mm-6674270738c9c.jpg,33938,c0758f430f0aa939baec5baf90cae21ef2d7de325866c7632884123e60b62e20,image/jpeg
3,Emeraude Brésil AA 04mm,L’imprégnation de polymères permet de renforcer une pierre poreuse à l’état naturel. Ceci n’altère en rien la qualité du produit.,https://camille-ambiance-nature.fr/uploads/certificats/emeraude-Bresil-AA-04mm-67c035667e717.png,emeraude-Bresil-AA-04mm-67c035667e717.png,downloaded,documents/emeraude-Bresil-AA-04mm-67c035667e717.png,102615,2a9779556aeff82b8d749debefe297252a0ed2f884efafd11df3eadb618daecb,image/png
3,Fluorine,,https://camille-ambiance-nature.fr/uploads/certificats/Fluorine-60c73ae2298c8.jpg,Fluorine-60c73ae2298c8.jpg,downloaded,documents/Fluorine-60c73ae2298c8.jpg,37358,1ca70c83959892c511028a20a249874f5530356c17dd12a9f6e584ba4d40b29e,image/jpeg
3,Fluorine Multicolore AA 08mm - Verte,L’imprégnation de polymères permet de renforcer une pierre poreuse à l’état naturel. Ceci n’altère en rien la qualité du produit.,https://camille-ambiance-nature.fr/uploads/certificats/Fluorine-Multicolore-AA-Verte-08mm-667569c93f94f.jpg,Fluorine-Multicolore-AA-Verte-08mm-667569c93f94f.jpg,downloaded,documents/Fluorine-Multicolore-AA-Verte-08mm-667569c93f94f.jpg,34739,261ba467dae9b50c5585bae16027198fde30ab939de4084f9b0fbbdac41e2307,image/jpeg
3,Fluorine Multicolore AA 08mm - Violette,,https://camille-ambiance-nature.fr/uploads/certificats/Fluorine-Multicolore-AA-Violette-08mm-66756e410714c.jpg,Fluorine-Multicolore-AA-Violette-08mm-66756e410714c.jpg,downloaded,documents/Fluorine-Multicolore-AA-Violette-08mm-66756e410714c.jpg,34136,9f768dc942a0da35ee402077006af729fa6b1037f23b4c5528ba3f37f0c17de5,image/jpeg
3,Fluorine verte A+ 06mm,L’imprégnation de polymères permet de renforcer une pierre poreuse à l’état naturel. Ceci n’altère en rien la qualité du produit.,https://camille-ambiance-nature.fr/uploads/certificats/Fluorine-verte-A-06mm-673b4574e0296.jpg,Fluorine-verte-A-06mm-673b4574e0296.jpg,downloaded,documents/Fluorine-verte-A-06mm-673b4574e0296.jpg,106807,3a6f6c5b8cfddc72cf43a4ef84f1ec36a7bc54943cfabf0ded88fd05fe6c89d4,image/jpeg
3,Fluorine Violette AA 08mm,,https://camille-ambiance-nature.fr/uploads/certificats/Fluorine-Violette-AA-08mm-63904a76ac1cc.jpg,Fluorine-Violette-AA-08mm-63904a76ac1cc.jpg,downloaded,documents/Fluorine-Violette-AA-08mm-63904a76ac1cc.jpg,27620,bc9512c60a5009a9a47849e53c2b4682a199ca3f7fa54f09f7828cb69812d362,image/jpeg
3,Gabbro,,https://camille-ambiance-nature.fr/uploads/certificats/Gabbro-616d4074d7d2f.jpg,Gabbro-616d4074d7d2f.jpg,downloaded,documents/Gabbro-616d4074d7d2f.jpg,36191,d8530f3673362d2e90720c7ebe5b5029af61dfcd3a34b153c9ceee53a73249ce,image/jpeg
3,Grenat Rouge 08mm,,https://camille-ambiance-nature.fr/uploads/certificats/grenat-rouge-08mm-690c79a1ea627.png,grenat-rouge-08mm-690c79a1ea627.png,downloaded,documents/grenat-rouge-08mm-690c79a1ea627.png,85298,1cb1539e6e69d08a60617a6b8c3e6892a568e9057c312565765fb2221e51c7d7,image/png
3,Grenat Rouge Almandin 04mm,,https://camille-ambiance-nature.fr/uploads/certificats/Grenat-Rouge-Almandin-A-04mm-6674265aa40d2.jpg,Grenat-Rouge-Almandin-A-04mm-6674265aa40d2.jpg,downloaded,documents/Grenat-Rouge-Almandin-A-04mm-6674265aa40d2.jpg,35798,338b9e1071a363908de311f10f867ac7e2ca6e5a8de169961fe4b7b7886778c3,image/jpeg
3,Grenat Vert,,https://camille-ambiance-nature.fr/uploads/certificats/Grenat-Vert-616d40da14e1c.jpg,Grenat-Vert-616d40da14e1c.jpg,downloaded,documents/Grenat-Vert-616d40da14e1c.jpg,35336,8fae0cf3b69181053c24d135e43fb0de2e4d0399d0fe8ebd24a3c6634ad38655,image/jpeg
3,Hematite 08mm,,https://camille-ambiance-nature.fr/uploads/certificats/hematite-08mm-690c7a106a118.png,hematite-08mm-690c7a106a118.png,downloaded,documents/hematite-08mm-690c7a106a118.png,84437,9b4f6fe4f7a2f4a8608e3a562d767ca1e560b08177b52988e4370a714684e5fe,image/png
4,Howlite Blanche 08mm,,https://camille-ambiance-nature.fr/uploads/certificats/howlite-blanche-08mm-690c71e4e7cd1.png,howlite-blanche-08mm-690c71e4e7cd1.png,downloaded,documents/howlite-blanche-08mm-690c71e4e7cd1.png,83642,2371b786cb6755ee971cd10f0ce5be3ad75aefe457c39609791b7b8243040720,image/png
4,Howlite Blanche A 04mm,,https://camille-ambiance-nature.fr/uploads/certificats/howlite-blanche-A-04mm-690c65aad0e22.png,howlite-blanche-A-04mm-690c65aad0e22.png,downloaded,documents/howlite-blanche-A-04mm-690c65aad0e22.png,84594,cd1098c96dd3beb33ca6c5c6746aff8fcfa31866bfb7730c1ca8225240084071,image/png
4,Hypersthène,La pierre a été polie soit à l’huile ou avec de la résine afin de résorber les possibles micros-fissures de surface. C’est la raison pour laquelle il y a des résidus trouvés sur la pierre. Ceci n’altère en rien la naturalité ainsi que la qualité du produit. C’est une technique utilisée en bijouterie pour ce type de pierre.,https://camille-ambiance-nature.fr/uploads/certificats/Hypersthene-612cad3b88cd2.jpg,Hypersthene-612cad3b88cd2.jpg,downloaded,documents/Hypersthene-612cad3b88cd2.jpg,44070,25365d0ad9c83dbefc7081a26f49a3ce96046702bace0e39e2d76ae9be765f34,image/jpeg
4,Hématite 06mm,,https://camille-ambiance-nature.fr/uploads/certificats/Hematite-60c73b330ead4.jpg,Hematite-60c73b330ead4.jpg,downloaded,documents/Hematite-60c73b330ead4.jpg,38232,fed2e18ab6e89dca1296c7aad2d66665df8e712439e4f4a14a5e194d461ac8e2,image/jpeg
4,Hématite A 04mm,,https://camille-ambiance-nature.fr/uploads/certificats/hematite-A-04mm-690c6506efebf.png,hematite-A-04mm-690c6506efebf.png,downloaded,documents/hematite-A-04mm-690c6506efebf.png,84267,a96beb47fdad05fbe45059395e3398b79484d0338206ce1cc827824064b8e55d,image/png
4,Hématite AB 04mm,,https://camille-ambiance-nature.fr/uploads/certificats/Hematite-AB-04mm-667427a8c2ad2.jpg,Hematite-AB-04mm-667427a8c2ad2.jpg,downloaded,documents/Hematite-AB-04mm-667427a8c2ad2.jpg,34286,ac544602a66f333bbf66a5e89f0a207687f2751d1a4dbdfa42e77d08e204d187,image/jpeg
4,Hématite Baroque,,https://camille-ambiance-nature.fr/uploads/certificats/Hematite-Baroque-60c73b18f3935.jpg,Hematite-Baroque-60c73b18f3935.jpg,downloaded,documents/Hematite-Baroque-60c73b18f3935.jpg,38663,938e3985e3bf81905266e8bec2edaf4ee60de3e480753100e47744247e9131d5,image/jpeg
4,Jade De Birmanie,,https://camille-ambiance-nature.fr/uploads/certificats/Jade-de-Birmanie-60c73b641d71d.jpg,Jade-de-Birmanie-60c73b641d71d.jpg,downloaded,documents/Jade-de-Birmanie-60c73b641d71d.jpg,32959,47693cb78a1d20bbfa14a9d271228ce3031171d286810f40bf0c0ab3f84444e5,image/jpeg
4,Jade De Birmanie Violet,,https://camille-ambiance-nature.fr/uploads/certificats/Jade-de-Birmanie-Violet-60c73b4fc0b55.jpg,Jade-de-Birmanie-Violet-60c73b4fc0b55.jpg,downloaded,documents/Jade-de-Birmanie-Violet-60c73b4fc0b55.jpg,43744,96f31f2cb8cfb8b116e1eee3bdb507548561c9bf794216f649c82af8cb4aafc5,image/jpeg
4,Jade De Chine A 08mm,,https://camille-ambiance-nature.fr/uploads/certificats/Jade-de-Chine-A-08mm-66754c5423097.jpg,Jade-de-Chine-A-08mm-66754c5423097.jpg,downloaded,documents/Jade-de-Chine-A-08mm-66754c5423097.jpg,35150,0c765db5b225d388c34a1d9ca64cc35713af4a96c47233295e9e00f5b668b2ff,image/jpeg
4,Jade De Hetian A 06mm,,https://camille-ambiance-nature.fr/uploads/certificats/Jade-De-Hetian-A-06mm-639736acdc79b.jpg,Jade-De-Hetian-A-06mm-639736acdc79b.jpg,downloaded,documents/Jade-De-Hetian-A-06mm-639736acdc79b.jpg,33808,d36200f861ab2d810871a5e10c34800451b7f4c40ef7066adb5982ce9d94a1d0,image/jpeg
4,Jade Nephrite 06mm,,https://camille-ambiance-nature.fr/uploads/certificats/Jade-Nephrite-60c73b7278c3a.jpg,Jade-Nephrite-60c73b7278c3a.jpg,downloaded,documents/Jade-Nephrite-60c73b7278c3a.jpg,40641,190917513ec25e57fc986b1dc506a2724e2ca78f8225a715454c29240b593443,image/jpeg
4,Jade Nephrite A 08mm,,https://camille-ambiance-nature.fr/uploads/certificats/Jade-Nephrite-A-08mm-66754cd2a69b1.jpg,Jade-Nephrite-A-08mm-66754cd2a69b1.jpg,downloaded,documents/Jade-Nephrite-A-08mm-66754cd2a69b1.jpg,34670,3be11ea75077ddaaea2b27cdc8ea867c0328afec8372f895c920c194739000b8,image/jpeg
4,Jais A 06mm,,https://camille-ambiance-nature.fr/uploads/certificats/Jais-A-06mm-639736b48c62c.jpg,Jais-A-06mm-639736b48c62c.jpg,downloaded,documents/Jais-A-06mm-639736b48c62c.jpg,32330,2b4c4196c78626e47425ec41b08dffb883aaf84663127f0616c5e27696eea073,image/jpeg
4,Jais A 08mm,,https://camille-ambiance-nature.fr/uploads/certificats/Jais-A-08mm-66754d2a6cd2a.jpg,Jais-A-08mm-66754d2a6cd2a.jpg,downloaded,documents/Jais-A-08mm-66754d2a6cd2a.jpg,32750,4b1ffaf8ff8882dd28c484c30b50e87c13fd79385c3edc1fbd70775658808bf8,image/jpeg
4,Jaspe Bleu,,https://camille-ambiance-nature.fr/uploads/certificats/Jaspe-Bleu-60f9556304629.jpg,Jaspe-Bleu-60f9556304629.jpg,downloaded,documents/Jaspe-Bleu-60f9556304629.jpg,39742,1497bc493f2f2f47ebdd15015da56cadf24024915485354c78e455499c09d960,image/jpeg
4,Jaspe Breschia,,https://camille-ambiance-nature.fr/uploads/certificats/Jaspe-Breschia-60c73b7fa930d.jpg,Jaspe-Breschia-60c73b7fa930d.jpg,downloaded,documents/Jaspe-Breschia-60c73b7fa930d.jpg,37901,f966ed9dabfe7a3a216cbc6093eb0056f53f1de08d2076f2c395b2f3523d77cc,image/jpeg
4,Jaspe Dalmatien AB 06mm,,https://camille-ambiance-nature.fr/uploads/certificats/Jaspe-Dalmatien-AB-06mm-639736bd042ee.jpg,Jaspe-Dalmatien-AB-06mm-639736bd042ee.jpg,downloaded,documents/Jaspe-Dalmatien-AB-06mm-639736bd042ee.jpg,34426,cfe5f09a787d72184745e924ccd54a4f1a9696fdd44ef768429f0daaca8a1d78,image/jpeg
4,Jaspe Dalmatien AB 08mm,,https://camille-ambiance-nature.fr/uploads/certificats/Jaspe-Dalmatien-AB-08mm-667433bf77a96.jpg,Jaspe-Dalmatien-AB-08mm-667433bf77a96.jpg,downloaded,documents/Jaspe-Dalmatien-AB-08mm-667433bf77a96.jpg,34032,e0fcc87f551d1d09bb485b74d94f652ab871d767b50f8f8a0907fba93b545f79,image/jpeg
4,Jaspe K2,,https://camille-ambiance-nature.fr/uploads/certificats/Jaspe-K2-60b787c0380a1.jpg,Jaspe-K2-60b787c0380a1.jpg,downloaded,documents/Jaspe-K2-60b787c0380a1.jpg,44108,2d5b482facb32ebbb68d0f69155e57f98145f380baac68b762d25486301b9a24,image/jpeg
4,Jaspe Kambaba,,https://camille-ambiance-nature.fr/uploads/certificats/Jaspe-Kambaba-622717cf137ec.jpg,Jaspe-Kambaba-622717cf137ec.jpg,downloaded,documents/Jaspe-Kambaba-622717cf137ec.jpg,24238,d8bd6a50fa43b6e7aab432514636145e8fbcbfa645312df814635f1a2122e437,image/jpeg
4,Jaspe Kambaba AB 08mm,,https://camille-ambiance-nature.fr/uploads/certificats/Jaspe-Kambaba-AB-08mm-66754c9351d2b.jpg,Jaspe-Kambaba-AB-08mm-66754c9351d2b.jpg,downloaded,documents/Jaspe-Kambaba-AB-08mm-66754c9351d2b.jpg,34411,1a69d274ddf06331038800d46530ee8b8675bcf1d877d8a472670ce6c255ce4e,image/jpeg
4,Jaspe Léopard,,https://camille-ambiance-nature.fr/uploads/certificats/Jaspe-Leopard-06mm-625feffcadcbe.jpg,Jaspe-Leopard-06mm-625feffcadcbe.jpg,downloaded,documents/Jaspe-Leopard-06mm-625feffcadcbe.jpg,27087,cc98832f98bd9a57f8be31564de5869e2f9873575f9f2cceb90e99f30dc93cba,image/jpeg
4,Jaspe Mokaite 04mm,,https://camille-ambiance-nature.fr/uploads/certificats/Jaspe-Mokaite-04mm-625ff0085da79.jpg,Jaspe-Mokaite-04mm-625ff0085da79.jpg,downloaded,documents/Jaspe-Mokaite-04mm-625ff0085da79.jpg,25591,9ef062432d3bd3fd5a1e3331e7683a0594b5fb5e84ed1e6b239559d90df6a0e3,image/jpeg
4,Jaspe Mokaite A 06mm,,https://camille-ambiance-nature.fr/uploads/certificats/jaspe-mokaite-A-06mm-690c6e15b80f5.png,jaspe-mokaite-A-06mm-690c6e15b80f5.png,downloaded,documents/jaspe-mokaite-A-06mm-690c6e15b80f5.png,81002,b98c4e5ae8a3c1eabdaed2a1925bb3ba1320d0aba027b5b8c9d530caa5be6f44,image/png
4,Jaspe Mokaite A 10mm,,https://camille-ambiance-nature.fr/uploads/certificats/Jaspe-Mokaite-A-10mm-66742a8bc7cb5.jpg,Jaspe-Mokaite-A-10mm-66742a8bc7cb5.jpg,downloaded,documents/Jaspe-Mokaite-A-10mm-66742a8bc7cb5.jpg,35402,8947ebea8d90f54a3ce73ca6161ce8195cdfb8bda12e6b32f78cd6d93dabd5b3,image/jpeg
4,Jaspe Ocean Bleu,,https://camille-ambiance-nature.fr/uploads/certificats/Jaspe-Ocean-Bleu-60f9559c65972.jpg,Jaspe-Ocean-Bleu-60f9559c65972.jpg,downloaded,documents/Jaspe-Ocean-Bleu-60f9559c65972.jpg,41141,2fb3caf0796248e3bed7764a44f059b70dc636fc92424cfe20588aa14006ce6a,image/jpeg
4,Jaspe Océan A+ 06mm,,https://camille-ambiance-nature.fr/uploads/certificats/Jaspe-Ocean-A-06mm-66754d5cee63e.jpg,Jaspe-Ocean-A-06mm-66754d5cee63e.jpg,downloaded,documents/Jaspe-Ocean-A-06mm-66754d5cee63e.jpg,34742,a6fdb33953578abf342c02428c4a534a6b7cf227ad609e6220f34a6befb882ba,image/jpeg
4,Jaspe Paysage 06mm,,https://camille-ambiance-nature.fr/uploads/certificats/Jaspe-Paysage-622717de292aa.jpg,Jaspe-Paysage-622717de292aa.jpg,downloaded,documents/Jaspe-Paysage-622717de292aa.jpg,28122,5e9e7b4513b362697513a4ca813650a72d90349ffa7b694c552f460c7110b7d0,image/jpeg
4,Jaspe Paysage AB 08mm,,https://camille-ambiance-nature.fr/uploads/certificats/Jaspe-Paysage-AB-08mm-66754d8e70b63.jpg,Jaspe-Paysage-AB-08mm-66754d8e70b63.jpg,downloaded,documents/Jaspe-Paysage-AB-08mm-66754d8e70b63.jpg,34581,5d76b657f7dd4107a14a75ff86d3354e519f54ff170d8f2cb8c1c37cb1c11f60,image/jpeg
4,Jaspe Peau De Serpent A+ 08mm,L’imprégnation de polymères permet de renforcer une pierre poreuse à l’état naturel. Ceci n’altère en rien la qualité du produit.,https://camille-ambiance-nature.fr/uploads/certificats/Jaspe-Peau-De-Serpent-A-08mm-66754dc824786.jpg,Jaspe-Peau-De-Serpent-A-08mm-66754dc824786.jpg,downloaded,documents/Jaspe-Peau-De-Serpent-A-08mm-66754dc824786.jpg,33141,3c05cbfe8e7561373a6d02465a2474c742a0ab1f28fe8a21db8b7d554518d3e4,image/jpeg
4,Jaspe Rouge 04mm,,https://camille-ambiance-nature.fr/uploads/certificats/Jaspe-Rouge-04mm-61f7c6a2a8636.jpg,Jaspe-Rouge-04mm-61f7c6a2a8636.jpg,downloaded,documents/Jaspe-Rouge-04mm-61f7c6a2a8636.jpg,23725,11d67e71ca53a6f4d4252398285e7b02fbc80d7796c543e297fe7a49cdf2056d,image/jpeg
4,Jaspe Rouge 08mm,,https://camille-ambiance-nature.fr/uploads/certificats/Jaspe-Rouge-08mm-690c75d2c7244.png,Jaspe-Rouge-08mm-690c75d2c7244.png,downloaded,documents/Jaspe-Rouge-08mm-690c75d2c7244.png,91630,c99a7cd8f9ca1c45b7b30bbc66d07ada41291cf6189e4ff4efaa870346f63221,image/png
4,Jaspe Sang De Dragon A+ 08mm,,https://camille-ambiance-nature.fr/uploads/certificats/Jaspe-Sang-De-Dragon-A-08mm-66754dfaa9f35.jpg,Jaspe-Sang-De-Dragon-A-08mm-66754dfaa9f35.jpg,downloaded,documents/Jaspe-Sang-De-Dragon-A-08mm-66754dfaa9f35.jpg,35118,7fcfd552c1afae900942e062b7b19ef4b87b413d0b0569d2e5fd137789337c51,image/jpeg
4,Kunzite 06mm,L’imprégnation de polymères permet de renforcer une pierre poreuse à l’état naturel. Ceci n’altère en rien la qualité du produit.,https://camille-ambiance-nature.fr/uploads/certificats/Kunzite-612ca9d8c0863.jpg,Kunzite-612ca9d8c0863.jpg,downloaded,documents/Kunzite-612ca9d8c0863.jpg,44516,af27a448b71ddeb2bf7d04e5c3d956e1245d4bc15ae297c36fe5b00721ee385b,image/jpeg
4,Kunzite Bresil AA 08mm,L’imprégnation de polymères permet de renforcer une pierre poreuse à l’état naturel. Ceci n’altère en rien la qualité du produit.,https://camille-ambiance-nature.fr/uploads/certificats/Kunzite-Bresil-AA-07-08mm-66754ecfb5ad4.jpg,Kunzite-Bresil-AA-07-08mm-66754ecfb5ad4.jpg,downloaded,documents/Kunzite-Bresil-AA-07-08mm-66754ecfb5ad4.jpg,34478,cd993e2751c31b6ae98f7c2b7ffa7556635a2c60db9060fec727d06a719a8083,image/jpeg
4,Labradorite 06mm,L’imprégnation de polymères permet de renforcer une pierre poreuse à l’état naturel. Ceci n’altère en rien la qualité du produit.,https://camille-ambiance-nature.fr/uploads/certificats/labradorite-06mm-690c6f093c0f8.png,labradorite-06mm-690c6f093c0f8.png,downloaded,documents/labradorite-06mm-690c6f093c0f8.png,86399,09d4d185ed352c043d5efafdebacfe9cc163e2b88a0669548f53b40d91beee39,image/png
4,Labradorite AA 08mm,L’imprégnation de polymères permet de renforcer une pierre poreuse à l’état naturel. Ceci n’altère en rien la qualité du produit.,https://camille-ambiance-nature.fr/uploads/certificats/Labradorite-AA-8-5-9-5mm-66756050ee69d.jpg,Labradorite-AA-8-5-9-5mm-66756050ee69d.jpg,downloaded,documents/Labradorite-AA-8-5-9-5mm-66756050ee69d.jpg,34606,d3c5ee7ef9c25004cff4666a9df3cbb57bd473c095f6eea890efb3b7a7a1c0b5,image/jpeg
4,Lapis Lazuli 04mm,,https://camille-ambiance-nature.fr/uploads/certificats/Lapis-Lazuli-04mm-628dd0c8da812.jpg,Lapis-Lazuli-04mm-628dd0c8da812.jpg,downloaded,documents/Lapis-Lazuli-04mm-628dd0c8da812.jpg,30754,8d6a3851f78a5e72655e59567c760a091565b1f918be53318b4c40aaa484a762,image/jpeg
4,Lapis Lazuli 06mm,,https://camille-ambiance-nature.fr/uploads/certificats/lapis-lazuli-06mm-690c7030ee608.png,lapis-lazuli-06mm-690c7030ee608.png,downloaded,documents/lapis-lazuli-06mm-690c7030ee608.png,81726,4d3cd9acd34583f7aecaa6caa2f93edd384c8de9137f0f54a92c6f51b419c892,image/png
4,Lapis Lazuli 08mm,,https://camille-ambiance-nature.fr/uploads/certificats/Lapis-lazuli-08mm-690c76b7d6b78.png,Lapis-lazuli-08mm-690c76b7d6b78.png,downloaded,documents/Lapis-lazuli-08mm-690c76b7d6b78.png,89524,3a0a63dd2e3df81c9e58981673669b98829c07949fba951b250ea114aa4d2cd1,image/png
4,Lapis Lazuli A 10mm,,https://camille-ambiance-nature.fr/uploads/certificats/Lapis-Lazuli-A-10mm-6674277bab315.jpg,Lapis-Lazuli-A-10mm-6674277bab315.jpg,downloaded,documents/Lapis-Lazuli-A-10mm-6674277bab315.jpg,34995,aa86dc2c3cf86ae69f541869f0aa57b039b916db62a39d8352c8a49be5558740,image/jpeg
4,Lapis Lazuli AA+ 08mm,,https://camille-ambiance-nature.fr/uploads/certificats/Lapis-Lazuli-AA-08mm-6675609b1a0f0.jpg,Lapis-Lazuli-AA-08mm-6675609b1a0f0.jpg,downloaded,documents/Lapis-Lazuli-AA-08mm-6675609b1a0f0.jpg,34237,d1e07774b02bde52e7a149b4a8165a5cb11ea70e08df0d51d772a4c979a4aca2,image/jpeg
4,Lapis lazuli AAA 04mm facettee,,https://camille-ambiance-nature.fr/uploads/certificats/lapis-lazuli-AAA-04mm-facettee-69d4fb63d6699.png,lapis-lazuli-AAA-04mm-facettee-69d4fb63d6699.png,downloaded,documents/lapis-lazuli-AAA-04mm-facettee-69d4fb63d6699.png,88405,030318ea88730c67dba7eb09aaa032909e0dab72b31363ec1520578724e54b84,image/png
4,Lapis lazuli AAA 10mm,,https://camille-ambiance-nature.fr/uploads/certificats/Lapis-lazuli-AAA-10mm-673b4635e7c34.jpg,Lapis-lazuli-AAA-10mm-673b4635e7c34.jpg,downloaded,documents/Lapis-lazuli-AAA-10mm-673b4635e7c34.jpg,110811,6a34a0e97aaa3d7eacb8c7984cf205c1efd47a948ba3be3147b768d78652db28,image/jpeg
4,Larimar AA 06mm,,https://camille-ambiance-nature.fr/uploads/certificats/Larimar-60c73baa06507.jpg,Larimar-60c73baa06507.jpg,downloaded,documents/Larimar-60c73baa06507.jpg,41740,6a77a466457e6c0bcc19ffe9c207478a1271bdb448cda2af98793eb70295c558,image/jpeg
4,Larimar AA 08mm,,https://camille-ambiance-nature.fr/uploads/certificats/Larimar-AA-07-08mm-6675760c4e7f4.jpg,Larimar-AA-07-08mm-6675760c4e7f4.jpg,downloaded,documents/Larimar-AA-07-08mm-6675760c4e7f4.jpg,35961,06625ac7012a5813b36d86dc33c2ee7fa355a08a8ff17171aa0f92bfa6d30115,image/jpeg
4,Lépidolite,,https://camille-ambiance-nature.fr/uploads/certificats/Lepidolite-60c73bb7dfac3.jpg,Lepidolite-60c73bb7dfac3.jpg,downloaded,documents/Lepidolite-60c73bb7dfac3.jpg,41191,aa56fd8e07fa83e790d2541e05b6d6a243c135695f6cf069ae53a7646cfb6d0a,image/jpeg
5,Lépidolite A+ 08mm,,https://camille-ambiance-nature.fr/uploads/certificats/Lepidolite-A-08mm-6532330bcd3da.jpg,Lepidolite-A-08mm-6532330bcd3da.jpg,downloaded,documents/Lepidolite-A-08mm-6532330bcd3da.jpg,28798,81a503ac645c364b36f0ff4469bb100408e097294283b6e657be169cde917ec6,image/jpeg
5,Lépidolite AA+ 08mm,L’imprégnation de polymères permet de renforcer une pierre poreuse à l’état naturel. Ceci n’altère en rien la qualité du produit.,https://camille-ambiance-nature.fr/uploads/certificats/Lepidolite-AA-08mm-667574014de79.jpg,Lepidolite-AA-08mm-667574014de79.jpg,downloaded,documents/Lepidolite-AA-08mm-667574014de79.jpg,34441,e8fb99d82d6251efd9d231eca6400f0def4950b2b04a65ebd95d11089d3aff6e,image/jpeg
5,Magnésite A 06mm,,https://camille-ambiance-nature.fr/uploads/certificats/Magnesite-A-06mm-6675738537123.jpg,Magnesite-A-06mm-6675738537123.jpg,downloaded,documents/Magnesite-A-06mm-6675738537123.jpg,33656,c7b014ee54678a2563fe49f817526e87fffd0f31c764a96c5ae45c301889430f,image/jpeg
5,Malachite 06mm,,https://camille-ambiance-nature.fr/uploads/certificats/malachite-06mm-690c7090f2a17.png,malachite-06mm-690c7090f2a17.png,downloaded,documents/malachite-06mm-690c7090f2a17.png,86858,a17a21c3a81937c98c174edd4f90c9ba4728e6ee2c5ebd88f2cc6d380738757c,image/png
5,Malachite A 10mm,,https://camille-ambiance-nature.fr/uploads/certificats/Malachite-10mm-616d40e8e3bf0.jpg,Malachite-10mm-616d40e8e3bf0.jpg,downloaded,documents/Malachite-10mm-616d40e8e3bf0.jpg,33883,2b0903030725eb12449799265bfaf8f61ee309290c5d59411d1c8eaf37724bdf,image/jpeg
5,Malachite AA 08mm,,https://camille-ambiance-nature.fr/uploads/certificats/Malachite-Foncee-AA-08mm-6675610ed4380.jpg,Malachite-Foncee-AA-08mm-6675610ed4380.jpg,downloaded,documents/Malachite-Foncee-AA-08mm-6675610ed4380.jpg,33819,94862baa8f1782e5dd08f84aa5bd9817e39a9f5dd1d9a46274b763f4dc983646,image/jpeg
5,Malachite AA 10mm,,https://camille-ambiance-nature.fr/uploads/certificats/Malachite-Claire-AA-10mm-6675733070fa8.jpg,Malachite-Claire-AA-10mm-6675733070fa8.jpg,downloaded,documents/Malachite-Claire-AA-10mm-6675733070fa8.jpg,34047,aec1b3d74c9eab6935c1b9f2d9b0c2f3a33786328a26ea03c78b5e7ae5d7ed7a,image/jpeg
5,Manganocalcite A 06mm,,https://camille-ambiance-nature.fr/uploads/certificats/Manganocalcite-60b787d99582b.jpg,Manganocalcite-60b787d99582b.jpg,downloaded,documents/Manganocalcite-60b787d99582b.jpg,41275,250eb06fbc0f1335fffd21d1a306e26527340194f5a2b175b4a9ea4b609ce292,image/jpeg
5,Manganocalcite AA 06mm,,https://camille-ambiance-nature.fr/uploads/certificats/Manganocalcite-AA-08mm-6675743b27e3c.jpg,Manganocalcite-AA-08mm-6675743b27e3c.jpg,downloaded,documents/Manganocalcite-AA-08mm-6675743b27e3c.jpg,32746,61d6a99e30ad9bb568b646be0018afd62355670de08cc69d4e1dca53e956d35c,image/jpeg
5,Morganite A 08mm,La pierre a été polie soit à l’huile ou avec de la résine afin de résorber les possibles micros-fissures de surface. C’est la raison pour laquelle il y a des résidus trouvés sur la pierre. Ceci n’altère en rien la naturalité ainsi que la qualité du produit. C’est une technique utilisée en bijouterie pour ce type de pierre.,https://camille-ambiance-nature.fr/uploads/certificats/Morganite-612caddbd269a.jpg,Morganite-612caddbd269a.jpg,downloaded,documents/Morganite-612caddbd269a.jpg,45426,b69417553afae0e977311dc50eb07888e8b198cbb567b92ff72f9c8174cd0f06,image/jpeg
5,Morganite AA 06mm,,https://camille-ambiance-nature.fr/uploads/certificats/Morganite-AA-06mm-66756f5140d1e.jpg,Morganite-AA-06mm-66756f5140d1e.jpg,downloaded,documents/Morganite-AA-06mm-66756f5140d1e.jpg,34646,ac6926e69f315ffa7e92779ef614e9d639202310f49c856221939a36aa9fabf5,image/jpeg
5,Morganite AA 08mm,L’imprégnation de polymères permet de renforcer une pierre poreuse à l’état naturel. Ceci n’altère en rien la qualité du produit.,https://camille-ambiance-nature.fr/uploads/certificats/Morganite-AA-08mm-63904abbbcee9.jpg,Morganite-AA-08mm-63904abbbcee9.jpg,downloaded,documents/Morganite-AA-08mm-63904abbbcee9.jpg,30375,2703b9140eb5f0e85452fa41b8db915b1ba4095e4c264a4fc0b59b84ed9bc8d6,image/jpeg
5,Morganite AA 10mm,L’imprégnation de polymères permet de renforcer une pierre poreuse à l’état naturel. Ceci n’altère en rien la qualité du produit.,https://camille-ambiance-nature.fr/uploads/certificats/Morganite-AA-10mm-66742b068ae21.jpg,Morganite-AA-10mm-66742b068ae21.jpg,downloaded,documents/Morganite-AA-10mm-66742b068ae21.jpg,34946,e506eb272171c22b3be655c627b2ebefc810a95b45a55e2b85a14dce950d44d5,image/jpeg
5,Nacre 06mm,,https://camille-ambiance-nature.fr/uploads/certificats/Nacre-06mm-62b5bce1986d6.png,Nacre-06mm-62b5bce1986d6.png,downloaded,documents/Nacre-06mm-62b5bce1986d6.png,648685,7ca2be1953cb0acac829b7073b84f18171c892085ab84622d343b7da558dcffc,image/png
5,Nacre 08mm,,https://camille-ambiance-nature.fr/uploads/certificats/nacre-08mm-69d4fba89593a.png,nacre-08mm-69d4fba89593a.png,downloaded,documents/nacre-08mm-69d4fba89593a.png,86735,1ab1d3858913fdaa5e045c5cd56ee39281831febe9ba6ee9f477b196648b420b,image/png
5,Obsidienne Acajou,,https://camille-ambiance-nature.fr/uploads/certificats/Obsidienne-Acajou-622717e9dab39.jpg,Obsidienne-Acajou-622717e9dab39.jpg,downloaded,documents/Obsidienne-Acajou-622717e9dab39.jpg,26384,e86a226e91b82ff470377dfe2a697f1c02b09be14067c39f1996da84815130ee,image/jpeg
5,Obsidienne argentée 10mm,,https://camille-ambiance-nature.fr/uploads/certificats/obsidienne-argentee-10mm-69d4fc136c5eb.png,obsidienne-argentee-10mm-69d4fc136c5eb.png,downloaded,documents/obsidienne-argentee-10mm-69d4fc136c5eb.png,83639,fdc76a5769a375c5943b063d3ee1d6626e62a2b0965a032f8d9d48c2b91c0c7b,image/png
5,Obsidienne Dorée,,https://camille-ambiance-nature.fr/uploads/certificats/Obsidienne-Doree-61d6fbe3346a6.jpg,Obsidienne-Doree-61d6fbe3346a6.jpg,downloaded,documents/Obsidienne-Doree-61d6fbe3346a6.jpg,43212,bf263dc05e63bb42160d0037994714727ec8f208fd4040a7f4213f0e248ea662,image/jpeg
5,Obsidienne Fleurie A 08mm,,https://camille-ambiance-nature.fr/uploads/certificats/Obsidienne-Fleurie-A-08mm-639736cde9436.jpg,Obsidienne-Fleurie-A-08mm-639736cde9436.jpg,downloaded,documents/Obsidienne-Fleurie-A-08mm-639736cde9436.jpg,33260,39d3cc2ca9f254eff1f52aed634361667fd67a75f0148f5d4f2481f5ad9808be,image/jpeg
5,Obsidienne Flocon De Neige,,https://camille-ambiance-nature.fr/uploads/certificats/Obsidienne-Flocon-De-Neige-6227181698c38.jpg,Obsidienne-Flocon-De-Neige-6227181698c38.jpg,downloaded,documents/Obsidienne-Flocon-De-Neige-6227181698c38.jpg,27752,8d3509f22d4abfabb564b3f2ad34145717423197f0c7802ba536a001adf92da7,image/jpeg
5,Obsidienne Flocon de Neige A 08mm,,https://camille-ambiance-nature.fr/uploads/certificats/Obsidienne-Flocon-De-Neige-AB-08mm-667561bfa6444.jpg,Obsidienne-Flocon-De-Neige-AB-08mm-667561bfa6444.jpg,downloaded,documents/Obsidienne-Flocon-De-Neige-AB-08mm-667561bfa6444.jpg,33819,6786eec1ac7ffeaf61e332bdad9e10835c08e5b4a2a83515d37944b534cf184f,image/jpeg
5,Obsidienne Noire 06mm,,https://camille-ambiance-nature.fr/uploads/certificats/Obsidienne-Noire-616d40f266cb8.jpg,Obsidienne-Noire-616d40f266cb8.jpg,downloaded,documents/Obsidienne-Noire-616d40f266cb8.jpg,33690,36ab0c89aed4c40833c68cd011c33c7cc4d92e8c1facd992b405286ac425f557,image/jpeg
5,Obsidienne Noire A 08mm,,https://camille-ambiance-nature.fr/uploads/certificats/Obsidienne-Noire-A-08mm-6675619878630.jpg,Obsidienne-Noire-A-08mm-6675619878630.jpg,downloaded,documents/Obsidienne-Noire-A-08mm-6675619878630.jpg,33324,64a0766082c06064f5f3441dc07594e40d055964cf62800b848bd40602eb5a33,image/jpeg
5,Obsidienne Oeil Celeste 06mm,,https://camille-ambiance-nature.fr/uploads/certificats/Obsidienne-Oeil-Celeste-60c73be1aab14.jpg,Obsidienne-Oeil-Celeste-60c73be1aab14.jpg,downloaded,documents/Obsidienne-Oeil-Celeste-60c73be1aab14.jpg,45259,4118edce7073afe61f6205a7e2ac9ed14d717a24b4b48fbe831cd5d1a0ed0d47,image/jpeg
5,Obsidienne Oeil Celeste A 08mm,,https://camille-ambiance-nature.fr/uploads/certificats/Obsidienne-Oeil-Celeste-A-08mm-66756148dbab6.jpg,Obsidienne-Oeil-Celeste-A-08mm-66756148dbab6.jpg,downloaded,documents/Obsidienne-Oeil-Celeste-A-08mm-66756148dbab6.jpg,33169,0aa6e5f08402562ebc7ef277693150ee4c690396c060c64c2867d3f2c2aa19d5,image/jpeg
5,Oeil de faucon AA 06mm,,https://camille-ambiance-nature.fr/uploads/certificats/Oeil-de-Faucon-AA-06mm-667428aa6e8b4.jpg,Oeil-de-Faucon-AA-06mm-667428aa6e8b4.jpg,downloaded,documents/Oeil-de-Faucon-AA-06mm-667428aa6e8b4.jpg,33666,6007dd1ba891884ce378eac739a9a8975109bfd7250e990a03bd85dcfbdc421d,image/jpeg
5,Oeil De Faucon AA 08mm,,https://camille-ambiance-nature.fr/uploads/certificats/oeil-de-faucon-AA-08mm-690c7b15986f1.png,oeil-de-faucon-AA-08mm-690c7b15986f1.png,downloaded,documents/oeil-de-faucon-AA-08mm-690c7b15986f1.png,89156,7d59c3d129da5af22cf5075d949857822a892563ab70c09483c40dd7dbcb37e5,image/png
5,Oeil De Faucon AB 08mm,,https://camille-ambiance-nature.fr/uploads/certificats/oeil-de-faucon-AB-08mm-690c7afad48ff.png,oeil-de-faucon-AB-08mm-690c7afad48ff.png,downloaded,documents/oeil-de-faucon-AB-08mm-690c7afad48ff.png,86239,37b7a82bb4f9c4d94fab7a42c5cbf1e47a77a05c2387ac0fc01a184ea5a660ca,image/png
5,Oeil de Fer AA 08mm,,https://camille-ambiance-nature.fr/uploads/certificats/Oeil-De-Fer-AA-08mm-6675621209e54.jpg,Oeil-De-Fer-AA-08mm-6675621209e54.jpg,downloaded,documents/Oeil-De-Fer-AA-08mm-6675621209e54.jpg,33421,5f3ffbdf6e196beea9f249d445cc7ed82b12c7734512b42eeb1f690d088f83c1,image/jpeg
5,Oeil De Taureau A 08mm,,https://camille-ambiance-nature.fr/uploads/certificats/oeil-de-taureau-08mm-690c7a6f8b68e.png,oeil-de-taureau-08mm-690c7a6f8b68e.png,downloaded,documents/oeil-de-taureau-08mm-690c7a6f8b68e.png,82595,5ff0187519b34a5adc9a986b3ae3f25c7c40a7daafa8efd5a6a727072fbf6d91,image/png
5,Oeil De Taureau AA/AAA 08m,,https://camille-ambiance-nature.fr/uploads/certificats/Oeil-de-Taureau-AA-08mm-6675625b666c5.jpg,Oeil-de-Taureau-AA-08mm-6675625b666c5.jpg,downloaded,documents/Oeil-de-Taureau-AA-08mm-6675625b666c5.jpg,33531,9ad190df9d5549b92f38ccdd50fa19e3ac7f8b90d1f70c30307156119e851837,image/jpeg
5,Oeil De Tigre 06mm,,https://camille-ambiance-nature.fr/uploads/certificats/oeil-de-tigre-06mm-690c711420caf.png,oeil-de-tigre-06mm-690c711420caf.png,downloaded,documents/oeil-de-tigre-06mm-690c711420caf.png,85164,6ac9ac4cb89e3287e5c353c0738986b248c6e13f1366d67d13dc028cbc26d37a,image/png
5,Oeil De Tigre 10mm,,https://camille-ambiance-nature.fr/uploads/certificats/Oeil-De-Tigre-10mm-625ff019f3ba5.jpg,Oeil-De-Tigre-10mm-625ff019f3ba5.jpg,downloaded,documents/Oeil-De-Tigre-10mm-625ff019f3ba5.jpg,25348,8a24e03969ccc7e4284ab9961b8f831f66d21365b7fff0912c6a0bd99141284f,image/jpeg
5,Oeil de Tigre A/AB 08mm,,https://camille-ambiance-nature.fr/uploads/certificats/oeil-de-tigre-A-08mm-690c77679a73a.png,oeil-de-tigre-A-08mm-690c77679a73a.png,downloaded,documents/oeil-de-tigre-A-08mm-690c77679a73a.png,88616,1f71eaae020bac8cd52841bb3287640da8a66a4aba3c57ca34d8765462c5c666,image/png
5,Oeil de Tigre AA/AAA 08mm,,https://camille-ambiance-nature.fr/uploads/certificats/Oeil-de-Tigre-AA-08mm-667562a74edb1.jpg,Oeil-de-Tigre-AA-08mm-667562a74edb1.jpg,downloaded,documents/Oeil-de-Tigre-AA-08mm-667562a74edb1.jpg,33223,fc6fcfd42c4f8c0b897fc7a1d087ee5bb9ed03cada3b4a47889dd44027e4db1e,image/jpeg
5,Oeil De Tigre Dore 06mm,,https://camille-ambiance-nature.fr/uploads/certificats/oeil-de-tigre-dore-06mm-69d4fcdf8c64c.png,oeil-de-tigre-dore-06mm-69d4fcdf8c64c.png,downloaded,documents/oeil-de-tigre-dore-06mm-69d4fcdf8c64c.png,83489,cf7b1ebd7e773cd93875e39c9fb0114ab16a17bbc717b35bb9a565aaddbe804d,image/png
5,Oeil De Tigre Doré 08mm,,https://camille-ambiance-nature.fr/uploads/certificats/Oeil-De-Tigre-Dore-AA-08mm-6675648fba6bf.jpg,Oeil-De-Tigre-Dore-AA-08mm-6675648fba6bf.jpg,downloaded,documents/Oeil-De-Tigre-Dore-AA-08mm-6675648fba6bf.jpg,32960,29aac9adc0a19cf4201eebbd100c489b09082b48545ea5da266891ae5d4a0f38,image/jpeg
5,Onyx A 08mm,,https://camille-ambiance-nature.fr/uploads/certificats/onyx-A-08mm-69d4fd2a8f6c1.png,onyx-A-08mm-69d4fd2a8f6c1.png,downloaded,documents/onyx-A-08mm-69d4fd2a8f6c1.png,82945,cf701c28d05ecb3639c52f95ebcddfec7cc4afe52820ca1974cf46d5d31cbeb5,image/png
5,Opale Bleue Des Andes A 06mm,,https://camille-ambiance-nature.fr/uploads/certificats/Opale-Bleue-Des-Andes-A-06mm-639736f7c0c1f.jpg,Opale-Bleue-Des-Andes-A-06mm-639736f7c0c1f.jpg,downloaded,documents/Opale-Bleue-Des-Andes-A-06mm-639736f7c0c1f.jpg,37229,bc0a2982080b19a8d8f6a0e0bd7e47b98c2f35e1c3edb1a13b228d1209f240a5,image/jpeg
5,Opale Boulder,,https://camille-ambiance-nature.fr/uploads/certificats/Opale-Boulder-60c73c26ec104.jpg,Opale-Boulder-60c73c26ec104.jpg,downloaded,documents/Opale-Boulder-60c73c26ec104.jpg,37092,fbeaed6f3be907a045ee5cb10a29f92b356dd662d8e210eea0e215533ae15427,image/jpeg
5,Opale Boulder 08mm,,https://camille-ambiance-nature.fr/uploads/certificats/Opale-Boulder-08mm-62271821ef7c7.jpg,Opale-Boulder-08mm-62271821ef7c7.jpg,downloaded,documents/Opale-Boulder-08mm-62271821ef7c7.jpg,30010,9680d0c39264bde372ca3b9e05f8f59650af287c64d6768748a0c8451829b130,image/jpeg
5,Opale Brune A 08mm,,https://camille-ambiance-nature.fr/uploads/certificats/Opale-Brune-A-08mm-63904b01b5a6a.jpg,Opale-Brune-A-08mm-63904b01b5a6a.jpg,downloaded,documents/Opale-Brune-A-08mm-63904b01b5a6a.jpg,31674,4ffca31d3a8ffe9b4ad46b7f8cec873e32a86b516a448838d68fd4e009c923a3,image/jpeg
5,Opale De Feu AB 04mm Facettée,,https://camille-ambiance-nature.fr/uploads/certificats/Opale-de-Feu-04mm-Facettee-63904b73ae9b8.jpg,Opale-de-Feu-04mm-Facettee-63904b73ae9b8.jpg,downloaded,documents/Opale-de-Feu-04mm-Facettee-63904b73ae9b8.jpg,28791,aa0f656f2cfc4db13b84784f94b1eed19b036bb2dd08dd741368ddd7dfa72491,image/jpeg
5,Opale Jaune,,https://camille-ambiance-nature.fr/uploads/certificats/Opale-Jaune-616d410d514ad.jpg,Opale-Jaune-616d410d514ad.jpg,downloaded,documents/Opale-Jaune-616d410d514ad.jpg,33762,cf2f7ec96bda239cb3c5b7d86316a7a65889b3700b587d12d91c2ef545e8c4fa,image/jpeg
5,Opale Noire A 08mm,,https://camille-ambiance-nature.fr/uploads/certificats/Opale-Noire-60c73c3152cf9.jpg,Opale-Noire-60c73c3152cf9.jpg,downloaded,documents/Opale-Noire-60c73c3152cf9.jpg,39930,d0556372b2cc259bdd1eef9d6205909d42ea60247b5c8e5f83c48f711adf9aaa,image/jpeg
5,Opale Noire AA 08mm,,https://camille-ambiance-nature.fr/uploads/certificats/Opale-Noire-AA-08-09mm-667575283778e.jpg,Opale-Noire-AA-08-09mm-667575283778e.jpg,downloaded,documents/Opale-Noire-AA-08-09mm-667575283778e.jpg,38164,5e1769c2e114c8dd7c246fd77a0ac5fa677bde58c74b7bb0b7c6c20ca3171f9b,image/jpeg
5,Opale Rose AB 08mm,L’imprégnation de polymères permet de renforcer une pierre poreuse à l’état naturel. Ceci n’altère en rien la qualité du produit.,https://camille-ambiance-nature.fr/uploads/certificats/Opale-Rose-AB-08mm-66756316c9074.jpg,Opale-Rose-AB-08mm-66756316c9074.jpg,downloaded,documents/Opale-Rose-AB-08mm-66756316c9074.jpg,33798,46b451b8148ef5e1e3b9eefd7cfc97a1234b3896471ce14760652dfe85217b4b,image/jpeg
5,Orthoceras A 08mm,,https://camille-ambiance-nature.fr/uploads/certificats/Orthoceras-A-08mm-63973702c0c91.jpg,Orthoceras-A-08mm-63973702c0c91.jpg,downloaded,documents/Orthoceras-A-08mm-63973702c0c91.jpg,32921,774a58d80416f8612e60eb66d5fd988743fd2b50447036b7590b979b05a3456b,image/jpeg
6,Peridot,L’imprégnation de résine permet de renforcer une pierre poreuse à l’état naturel. Ceci n’altère en rien la qualité du produit.,https://camille-ambiance-nature.fr/uploads/certificats/Peridot-616d411f40c4d.jpg,Peridot-616d411f40c4d.jpg,downloaded,documents/Peridot-616d411f40c4d.jpg,35049,054f6eeb1fcb7ecafc2c8308236622f38b7ea025f34da46f9ecf168e048f7b36,image/jpeg
6,Perle d'eau Douce A 06mm,,https://camille-ambiance-nature.fr/uploads/certificats/Perle-d-eau-Douce-A-06mm-655369063d41d.jpg,Perle-d-eau-Douce-A-06mm-655369063d41d.jpg,downloaded,documents/Perle-d-eau-Douce-A-06mm-655369063d41d.jpg,33564,81ca150549ae7f2f11ef617ddf2893330803d78993a1ac7aa19ea14aacfedd00,image/jpeg
6,Perle d'eau douce AA 06-07mm,,https://camille-ambiance-nature.fr/uploads/certificats/perle-d-eau-douce-AA-06-07mm-68516aa150fb9.png,perle-d-eau-douce-AA-06-07mm-68516aa150fb9.png,downloaded,documents/perle-d-eau-douce-AA-06-07mm-68516aa150fb9.png,97411,14a7314b0a172e79b54e5e5f64b8cd7d3ca458ab1f58a3661b255547885e8f6f,image/png
6,Phosphosidérite A 06mm,,https://camille-ambiance-nature.fr/uploads/certificats/Phosphosiderite-A-06mm-6674290f3e29a.jpg,Phosphosiderite-A-06mm-6674290f3e29a.jpg,downloaded,documents/Phosphosiderite-A-06mm-6674290f3e29a.jpg,34593,1f5ba551e064265ebfd99056437d8d560b10f426e9b2748831de8f396da0f460,image/jpeg
6,Phosphosidérite AAA 08mm,,https://camille-ambiance-nature.fr/uploads/certificats/phosphosiderite-AAA-08mm-67c0358fd759f.png,phosphosiderite-AAA-08mm-67c0358fd759f.png,downloaded,documents/phosphosiderite-AAA-08mm-67c0358fd759f.png,99375,784fd1db55bc8dc3ea23f47907c29796e25365b3ed8b8804d2c76b8bb9d688e6,image/png
6,Pierre De Lave AB 08mm,,https://camille-ambiance-nature.fr/uploads/certificats/Pierre-De-Lave-AB-08mm-667563362cc0c.jpg,Pierre-De-Lave-AB-08mm-667563362cc0c.jpg,downloaded,documents/Pierre-De-Lave-AB-08mm-667563362cc0c.jpg,36206,0e9e12da9baea1eab6cdb70b4d071c425b4568ba822109df2a9969f70e5a7f92,image/jpeg
6,Pierre De Lune Beige A 08mm,La pierre a été polie soit à l’huile ou avec de la résine afin de résorber les possibles micros-fissures de surface. C’est la raison pour laquelle il y a des résidus trouvés sur la pierre. Ceci n’altère en rien la naturalité ainsi que la qualité du produit. C’est une technique utilisée en bijouterie pour ce type de pierre.,https://camille-ambiance-nature.fr/uploads/certificats/Pierre-de-Lune-08mm-612cae6f3103e.jpg,Pierre-de-Lune-08mm-612cae6f3103e.jpg,downloaded,documents/Pierre-de-Lune-08mm-612cae6f3103e.jpg,41803,3da52bbc23c964ceac1e7c73a7ee0d5ee9537bc0d973bf54e6e0ff2e92bb217a,image/jpeg
6,Pierre De Lune Multicolore AA 08mm - Beige,,https://camille-ambiance-nature.fr/uploads/certificats/Pierre-De-Lune-Multicolore-AA-Beige-08mm-66756618de024.jpg,Pierre-De-Lune-Multicolore-AA-Beige-08mm-66756618de024.jpg,downloaded,documents/Pierre-De-Lune-Multicolore-AA-Beige-08mm-66756618de024.jpg,34340,9edced838c21d8e8d4de815454e18d70905400b497ee30149591363b7e509922,image/jpeg
6,Pierre De Lune Multicolore AA 08mm - Rose,,https://camille-ambiance-nature.fr/uploads/certificats/Pierre-De-Lune-Multicolore-AA-Rose-08mm-6675664405e6d.jpg,Pierre-De-Lune-Multicolore-AA-Rose-08mm-6675664405e6d.jpg,downloaded,documents/Pierre-De-Lune-Multicolore-AA-Rose-08mm-6675664405e6d.jpg,34504,db18a3a02a66803936a60453f42034e2947eb63c36e2ca35f1cb5faa45ce87b7,image/jpeg
6,Pierre De Lune Multicolore AB 08mm - Beige,,https://camille-ambiance-nature.fr/uploads/certificats/Pierre-De-Lune-Multicolore-AB-Beige-08mm-66756691de55b.jpg,Pierre-De-Lune-Multicolore-AB-Beige-08mm-66756691de55b.jpg,downloaded,documents/Pierre-De-Lune-Multicolore-AB-Beige-08mm-66756691de55b.jpg,34907,dd39e9f56b9e9a86e43af0dbcc58e049f8bc50e411030d524e96e1e652f9cfed,image/jpeg
6,Pierre De Lune Multicolore AB 08mm - Noire,,https://camille-ambiance-nature.fr/uploads/certificats/Pierre-De-Lune-Multicolore-AB-Noire-08mm-6675669e5c003.jpg,Pierre-De-Lune-Multicolore-AB-Noire-08mm-6675669e5c003.jpg,downloaded,documents/Pierre-De-Lune-Multicolore-AB-Noire-08mm-6675669e5c003.jpg,34247,e877d3eb22ec849b3d6b3151a30109e8f87246d8c971e131e9353628a40251de,image/jpeg
6,Pierre De Lune Noire,,https://camille-ambiance-nature.fr/uploads/certificats/Pierre-De-Lune-Noire-08mm-61f7c7222d75e.jpg,Pierre-De-Lune-Noire-08mm-61f7c7222d75e.jpg,downloaded,documents/Pierre-De-Lune-Noire-08mm-61f7c7222d75e.jpg,25127,1e66e680718b244b61ef3167cad2621227748a75dca514f98cc86c2313fe87e2,image/jpeg
6,Pierre De Soleil 06mm,L’imprégnation de polymères permet de renforcer une pierre poreuse à l’état naturel. Ceci n’altère en rien la qualité du produit.,https://camille-ambiance-nature.fr/uploads/certificats/Pierre-De-Soleil-06mm-625ff030885c4.jpg,Pierre-De-Soleil-06mm-625ff030885c4.jpg,downloaded,documents/Pierre-De-Soleil-06mm-625ff030885c4.jpg,29762,0feac4a503aff21eceb5ab8352b131e1118b266d6a763b97117cb4614d5347a0,image/jpeg
6,"Pierre de soleil A (10,5-11,5mm)",L’imprégnation de polymères permet de renforcer une pierre poreuse à l’état naturel. Ceci n’altère en rien la qualité du produit.,https://camille-ambiance-nature.fr/uploads/certificats/Pierre-de-soleil-A-10-5-11-5mm-673b460bd8c17.jpg,Pierre-de-soleil-A-10-5-11-5mm-673b460bd8c17.jpg,downloaded,documents/Pierre-de-soleil-A-10-5-11-5mm-673b460bd8c17.jpg,110732,aa441c65a25eddb660d388fd8887e6747cc75917699539bf9eda416cb463087f,image/jpeg
6,Pierre De Soleil AAA 08mm,,https://camille-ambiance-nature.fr/uploads/certificats/Pierre-De-Soleil-AAA-08mm-6675637469f4c.jpg,Pierre-De-Soleil-AAA-08mm-6675637469f4c.jpg,downloaded,documents/Pierre-De-Soleil-AAA-08mm-6675637469f4c.jpg,35146,d0241e23ade3ba43d070ba994c6f6b67a5d5597830490fbabca2d5220410ecf9,image/jpeg
6,"Pierre de soleil noire orangée AA+ 07,5-08,5mm",L’imprégnation de polymères permet de renforcer une pierre poreuse à l’état naturel. Ceci n’altère en rien la qualité du produit.,https://camille-ambiance-nature.fr/uploads/certificats/pierre-de-soleil-noire-orangee-AA-07-5-08-5mm-68516c990d693.png,pierre-de-soleil-noire-orangee-AA-07-5-08-5mm-68516c990d693.png,downloaded,documents/pierre-de-soleil-noire-orangee-AA-07-5-08-5mm-68516c990d693.png,99890,4361048ef12f19817b44200474373a18981e94b14188c17fce877d5ee32f347e,image/png
6,Pietersite,,https://camille-ambiance-nature.fr/uploads/certificats/Pietersite-60c73c7109e06.jpg,Pietersite-60c73c7109e06.jpg,downloaded,documents/Pietersite-60c73c7109e06.jpg,40470,6580c1ef5f971751df28a82ae3b0c566bfa397fda1e7e5f91a1f1bb6186bf51e,image/jpeg
6,Pinolite,,https://camille-ambiance-nature.fr/uploads/certificats/Pinolite-08mm-6227183923f5e.jpg,Pinolite-08mm-6227183923f5e.jpg,downloaded,documents/Pinolite-08mm-6227183923f5e.jpg,27624,f46d08379a6c02631a2214d08bb83b92c7398158353fd4c83efbc71ae3e1c57a,image/jpeg
6,Préhnite 04mm,,https://camille-ambiance-nature.fr/uploads/certificats/prehnite-04mm-69d4fdb30a926.png,prehnite-04mm-69d4fdb30a926.png,downloaded,documents/prehnite-04mm-69d4fdb30a926.png,86071,f86e3ce91a03a5f76700367c3a982cb0bbe7b26e72501fbc54d21591af254e12,image/png
6,Pyrite A 06mm,,https://camille-ambiance-nature.fr/uploads/certificats/Pyrite-A-06mm-667564b8d8e97.jpg,Pyrite-A-06mm-667564b8d8e97.jpg,downloaded,documents/Pyrite-A-06mm-667564b8d8e97.jpg,33668,08bd7081b4ebbab9546503877ab6e511c4c7fcff984c285f2a10b816a9188437,image/jpeg
6,Pyrite A 08mm,,https://camille-ambiance-nature.fr/uploads/certificats/Pyrite-A-08mm-667564d8ba660.jpg,Pyrite-A-08mm-667564d8ba660.jpg,downloaded,documents/Pyrite-A-08mm-667564d8ba660.jpg,33338,ed0d1a6aa2912d2780e2d3dfd864428bc85531e9f17ccacc072c5d53187fa013,image/jpeg
6,Péridot A 06mm,L’imprégnation de polymères permet de renforcer une pierre poreuse à l’état naturel. Ceci n’altère en rien la qualité du produit.,https://camille-ambiance-nature.fr/uploads/certificats/Peridot-A-06mm-673b45aa34637.jpg,Peridot-A-06mm-673b45aa34637.jpg,downloaded,documents/Peridot-A-06mm-673b45aa34637.jpg,108120,26767dbe0764585846f92e857394100df98ecb7dee7e4ad16df553fb96677a25,image/jpeg
6,Péristérite,La pierre a été polie soit à l’huile ou avec de la résine afin de résorber les possibles micros-fissures de surface. C’est la raison pour laquelle il y a des résidus trouvés sur la pierre. Ceci n’altère en rien la naturalité ainsi que la qualité du produit. C’est une technique utilisée en bijouterie pour ce type de pierre.,https://camille-ambiance-nature.fr/uploads/certificats/Peristerite-612cae15516d4.jpg,Peristerite-612cae15516d4.jpg,downloaded,documents/Peristerite-612cae15516d4.jpg,43525,f3dd29909ca81559525f37247f5aa03bcc93cef399cd2a129a29fa64d292f4e7,image/jpeg
6,Péristérite A 06mm,L’imprégnation de polymères permet de renforcer une pierre poreuse à l’état naturel. Ceci n’altère en rien la qualité du produit.,https://camille-ambiance-nature.fr/uploads/certificats/Peristerite-A-05-5-06-5mm-65323354adee0.jpg,Peristerite-A-05-5-06-5mm-65323354adee0.jpg,downloaded,documents/Peristerite-A-05-5-06-5mm-65323354adee0.jpg,30683,dcfe99398180acfc09f9d90b86fbfc4f8d78363e2a3a3e1211d903926abd4469,image/jpeg
6,Quartz Chlorite,,https://camille-ambiance-nature.fr/uploads/certificats/Quartz-Chlorite-60f95638634d9.jpg,Quartz-Chlorite-60f95638634d9.jpg,downloaded,documents/Quartz-Chlorite-60f95638634d9.jpg,40255,7e07e6a702afb2d0573e7933dcf0baef61bf4616b59445b7286a5cb15c889ec8,image/jpeg
6,Quartz Hématoïde A 06mm,L’imprégnation de polymères permet de renforcer une pierre poreuse à l’état naturel. Ceci n’altère en rien la qualité du produit.,https://camille-ambiance-nature.fr/uploads/certificats/Quartz-Hematoide-A-06mm-66756519037ac.jpg,Quartz-Hematoide-A-06mm-66756519037ac.jpg,downloaded,documents/Quartz-Hematoide-A-06mm-66756519037ac.jpg,35585,ec3327c2c26954b50b853e3ba8a74ecd8947f3007d083a016d7306b7e3308e35,image/jpeg
6,Quartz Lodolite A+ 07.5-09mm,,https://camille-ambiance-nature.fr/uploads/certificats/Quartz-Lodolite-A-07-5-09mm-6397370b3e711.jpg,Quartz-Lodolite-A-07-5-09mm-6397370b3e711.jpg,downloaded,documents/Quartz-Lodolite-A-07-5-09mm-6397370b3e711.jpg,32805,2a9bfaaa30facc5c70427b31a57be5e4cfd697f9f118920e2af7209c4d634055,image/jpeg
6,Quartz rose 04mm,,https://camille-ambiance-nature.fr/uploads/certificats/quartz-rose-04mm-69d4fe31763c0.png,quartz-rose-04mm-69d4fe31763c0.png,downloaded,documents/quartz-rose-04mm-69d4fe31763c0.png,85140,da911cab849ab6c4d02e0e65902da00a9ea917640da3b7f3e5db81f244dd98fb,image/png
6,Quartz Rose 06mm,L’imprégnation de polymères permet de renforcer une pierre poreuse à l’état naturel. Ceci n’altère en rien la qualité du produit.,https://camille-ambiance-nature.fr/uploads/certificats/quartz-rose-06mm-690c7e79a8647.png,quartz-rose-06mm-690c7e79a8647.png,downloaded,documents/quartz-rose-06mm-690c7e79a8647.png,84953,b40d5fa7c88820bdb28a35d3db349781ab032f0900132413e54d799e70c3a872,image/png
6,Quartz Rose 08mm,L’imprégnation de polymères permet de renforcer une pierre poreuse à l’état naturel. Ceci n’altère en rien la qualité du produit.,https://camille-ambiance-nature.fr/uploads/certificats/quartz-rose-08mm-690c7f057abe5.png,quartz-rose-08mm-690c7f057abe5.png,downloaded,documents/quartz-rose-08mm-690c7f057abe5.png,81492,c29f1895f9a5d7580298f6d3dde5093558cf12891ce80e825a7a557452eb79cb,image/png
6,Quartz rose Madagascar A 10mm,,https://camille-ambiance-nature.fr/uploads/certificats/Quartz-rose-Madagascar-A-10mm-673b453ceb47c.jpg,Quartz-rose-Madagascar-A-10mm-673b453ceb47c.jpg,downloaded,documents/Quartz-rose-Madagascar-A-10mm-673b453ceb47c.jpg,107160,63f86442483d3e7799fc429ce092b798ba7eeca74b9f534840257dbb15da97b8,image/jpeg
6,Rhodochrosite Argentine A+ 06mm,,https://camille-ambiance-nature.fr/uploads/certificats/Rhodochrosite-Argentine-A-5-5-6-5mm-66742b341138c.jpg,Rhodochrosite-Argentine-A-5-5-6-5mm-66742b341138c.jpg,downloaded,documents/Rhodochrosite-Argentine-A-5-5-6-5mm-66742b341138c.jpg,35927,c6db02d01aec1023eea453d13feb30bdf1efcaa3e0c24ba58fcca9d4147b23e2,image/jpeg
6,Rhodochrosite Argentine AA 08mm,,https://camille-ambiance-nature.fr/uploads/certificats/Rhodochrosite-Argentine-AA-7-5-8-5mm-66756710b3f60.jpg,Rhodochrosite-Argentine-AA-7-5-8-5mm-66756710b3f60.jpg,downloaded,documents/Rhodochrosite-Argentine-AA-7-5-8-5mm-66756710b3f60.jpg,34889,61c705425432f736da63fe46693ee48569ad2254a54398e946df989a95171afd,image/jpeg
6,Rhodonite Australie,,https://camille-ambiance-nature.fr/uploads/certificats/Rhodonite-Australie-60c73cbea5687.jpg,Rhodonite-Australie-60c73cbea5687.jpg,downloaded,documents/Rhodonite-Australie-60c73cbea5687.jpg,36663,aa5a1e87e70b7da749e84bd238647732c478db65589c78aea531b5bd4b1265ba,image/jpeg
6,Rhodonite Brésil AAA 10mm,L’imprégnation de polymères permet de renforcer une pierre poreuse à l’état naturel. Ceci n’altère en rien la qualité du produit.,https://camille-ambiance-nature.fr/uploads/certificats/rhodonite-Bresil-AAA-10mm-67c036035b64f.png,rhodonite-Bresil-AAA-10mm-67c036035b64f.png,downloaded,documents/rhodonite-Bresil-AAA-10mm-67c036035b64f.png,98893,af63894f45f9feaeeb70e95adcabce5f8ae2f68c8ef2573bbe2e7b06d494b0b9,image/png
6,Rhodonite Madagascar 06mm,,https://camille-ambiance-nature.fr/uploads/certificats/rhodonite-Madagascar-06mm-690c717f25444.png,rhodonite-Madagascar-06mm-690c717f25444.png,downloaded,documents/rhodonite-Madagascar-06mm-690c717f25444.png,89335,e67cbd95087146a39440bf831f8a81c7becd1be99b2ce512700fa2b408826f7b,image/png
6,Rhodonite Madagascar AB 08mm,,https://camille-ambiance-nature.fr/uploads/certificats/Rhodonite-Madagascar-AB-08mm-6675713963b85.jpg,Rhodonite-Madagascar-AB-08mm-6675713963b85.jpg,downloaded,documents/Rhodonite-Madagascar-AB-08mm-6675713963b85.jpg,34138,25c24eed1c6ffab46429f1ab83240fbc3f6510c2ccd1dcf16cbf2f53e3a60b74,image/jpeg
6,Rhodonite Pérou AA 08mm,,https://camille-ambiance-nature.fr/uploads/certificats/rhodonite-Perou-AA-08mm-67c0364c853e3.png,rhodonite-Perou-AA-08mm-67c0364c853e3.png,downloaded,documents/rhodonite-Perou-AA-08mm-67c0364c853e3.png,99226,c396aa77073ec7c8b77c79e7de15217c1abd03d8e43081ef41b60ecde20a9a51,image/png
6,Rhyolite,,https://camille-ambiance-nature.fr/uploads/certificats/Rhyolite-622718521bd03.jpg,Rhyolite-622718521bd03.jpg,downloaded,documents/Rhyolite-622718521bd03.jpg,25500,2ab59e4125b7b0cbb44840c1e32f711a5226bc778875baec49be09f466d6b66c,image/jpeg
6,Rubis 06mm,,https://camille-ambiance-nature.fr/uploads/certificats/Rubis-60b788084c46c.jpg,Rubis-60b788084c46c.jpg,downloaded,documents/Rubis-60b788084c46c.jpg,52219,dfa4294bc78606b33bb81d7d7fa9dc6dcc605e4e94f31c2e322c2c97ecffd97e,image/jpeg
6,Rubis 07-08mm,,https://camille-ambiance-nature.fr/uploads/certificats/Rubis-07-08mm-62b5bd007fee7.png,Rubis-07-08mm-62b5bd007fee7.png,downloaded,documents/Rubis-07-08mm-62b5bd007fee7.png,660910,02f349bad3df00100ff3e2916c08238f17f40e03dadd14b884c5c7c8d696036c,image/png
6,Rubis Zoisite 1,,https://camille-ambiance-nature.fr/uploads/certificats/Rubis-Zoisite-60f9567bb235a.jpg,Rubis-Zoisite-60f9567bb235a.jpg,downloaded,documents/Rubis-Zoisite-60f9567bb235a.jpg,42193,63118094511f6c812aa1331fc13c4782f6362548b09ead7b4ee8c246858972d5,image/jpeg
6,Rubis Zoisite 2,,https://camille-ambiance-nature.fr/uploads/certificats/Rubis-Zoisite-2-616d4157eb58a.jpg,Rubis-Zoisite-2-616d4157eb58a.jpg,downloaded,documents/Rubis-Zoisite-2-616d4157eb58a.jpg,34071,a55f4495c302df8a8453acd6d1f215ff0fef2035cd5ec9b5099320b79379dbac,image/jpeg
6,Saphir bleu A (08-09mm),,https://camille-ambiance-nature.fr/uploads/certificats/Saphir-bleu-A-08-09mm-673b46585e79e.jpg,Saphir-bleu-A-08-09mm-673b46585e79e.jpg,downloaded,documents/Saphir-bleu-A-08-09mm-673b46585e79e.jpg,116609,cf954a526b513baebec362b83d2ebbca4286dd5c642c2f3512962aac6e7ec396,image/jpeg
6,Saphir Bleu A 08mm,,https://camille-ambiance-nature.fr/uploads/certificats/Saphir-Bleu-A-08mm-63973716c89a2.jpg,Saphir-Bleu-A-08mm-63973716c89a2.jpg,downloaded,documents/Saphir-Bleu-A-08mm-63973716c89a2.jpg,36005,098754dd12760970acd72f467509d77608bd7eaf99ad7d1d3187a4926b5490d0,image/jpeg
6,Saphir Bleu AA 06mm,L’imprégnation de polymères permet de renforcer une pierre poreuse à l’état naturel. Ceci n’altère en rien la qualité du produit.,https://camille-ambiance-nature.fr/uploads/certificats/Saphir-Bleu-AA-06mm-6675831ae11f9.jpg,Saphir-Bleu-AA-06mm-6675831ae11f9.jpg,downloaded,documents/Saphir-Bleu-AA-06mm-6675831ae11f9.jpg,68334,7d4ae0f410c92a511d02d070763fff7259926109a27d958d03929fdf880d9be4,image/jpeg
6,Saphir Noir A (07.5-08.5mm),,https://camille-ambiance-nature.fr/uploads/certificats/Saphir-Noir-A-07-5-08-5mm-63904c88f1950.jpg,Saphir-Noir-A-07-5-08-5mm-63904c88f1950.jpg,downloaded,documents/Saphir-Noir-A-07-5-08-5mm-63904c88f1950.jpg,30957,024d4efeec6367e67512609d825ae02e0366cb6461b4dabf2d68900cd50629b0,image/jpeg
6,Saphir Rose A 08mm,,https://camille-ambiance-nature.fr/uploads/certificats/Saphir-Rose-A-08mm-6397371e5c416.jpg,Saphir-Rose-A-08mm-6397371e5c416.jpg,downloaded,documents/Saphir-Rose-A-08mm-6397371e5c416.jpg,35815,0dc67f517c724212c51d36faba333f78d62f560efe3568182df4c2c2756482b4,image/jpeg
7,Selenite 06mm,,https://camille-ambiance-nature.fr/uploads/certificats/Selenite-06mm-62b5bd2a16343.png,Selenite-06mm-62b5bd2a16343.png,downloaded,documents/Selenite-06mm-62b5bd2a16343.png,688911,7c263365f6ec6e9e30ab4779bdac5508198b0a829056698d000b2564919f0370,image/png
7,Seraphinite 06mm,,https://camille-ambiance-nature.fr/uploads/certificats/Seraphinite-60c73ce029e46.jpg,Seraphinite-60c73ce029e46.jpg,downloaded,documents/Seraphinite-60c73ce029e46.jpg,38859,cb3f64f186ac11e13001088a0a8bad58c05050f28970f95904def4e4e9ecea8b,image/jpeg
7,Seraphinite 08mm,,https://camille-ambiance-nature.fr/uploads/certificats/Seraphinite-08mm-62820b73699dc.jpg,Seraphinite-08mm-62820b73699dc.jpg,downloaded,documents/Seraphinite-08mm-62820b73699dc.jpg,28904,e8a74e24f067cd0782ac5f5167d6a775d591fe4c03d46dcb252d7576c978f5d6,image/jpeg
7,Serpentine AB 06mm,,https://camille-ambiance-nature.fr/uploads/certificats/Serpentine-AB-06mm-6397373baf701.jpg,Serpentine-AB-06mm-6397373baf701.jpg,downloaded,documents/Serpentine-AB-06mm-6397373baf701.jpg,36786,b37264d71c7756f0a41db2a4e616bf1fe63b76c038270bd5cb93ac35cdda3a20,image/jpeg
7,Serpentine Russie AB 06mm,,https://camille-ambiance-nature.fr/uploads/certificats/Serpentine-Russie-AB-06mm-66757092bfa7c.jpg,Serpentine-Russie-AB-06mm-66757092bfa7c.jpg,downloaded,documents/Serpentine-Russie-AB-06mm-66757092bfa7c.jpg,33803,bc3dab70b1e064d376e4cdfc0ca9d5296e38a2f245b887b6a630f691b8f8f709,image/jpeg
7,Serpentine Russie AB 08mm,,https://camille-ambiance-nature.fr/uploads/certificats/Serpentine-Russie-AB-08mm-63973744686a1.jpg,Serpentine-Russie-AB-08mm-63973744686a1.jpg,downloaded,documents/Serpentine-Russie-AB-08mm-63973744686a1.jpg,32476,b53800c5f0502e06da1c8ea6bf7fb26c232117053ee7280caebe22058147a5cd,image/jpeg
7,Shungite A 06mm,,https://camille-ambiance-nature.fr/uploads/certificats/Shungite-60c73ce8b83f5.jpg,Shungite-60c73ce8b83f5.jpg,downloaded,documents/Shungite-60c73ce8b83f5.jpg,37780,a825b6de31f9723476af38b8a42e0314e116a1145f377b84f0b644f6b76054c3,image/jpeg
7,Shungite A 08mm,,https://camille-ambiance-nature.fr/uploads/certificats/Shungite-A-08mm-667567f98e190.jpg,Shungite-A-08mm-667567f98e190.jpg,downloaded,documents/Shungite-A-08mm-667567f98e190.jpg,33724,96b8c284d81a22db86d4735b73ca98388e0b4723dbfc9cf7622a3b1c4dd563b5,image/jpeg
7,Sodalite 04mm,,https://camille-ambiance-nature.fr/uploads/certificats/Sodalite-Bresil-60c73cf29ed03.jpg,Sodalite-Bresil-60c73cf29ed03.jpg,downloaded,documents/Sodalite-Bresil-60c73cf29ed03.jpg,33537,2d0611b8274c39d5b74171a61973a108984747c8998a0604735fe3ab92653195,image/jpeg
7,Sodalite 06mm,,https://camille-ambiance-nature.fr/uploads/certificats/Sodalite-06mm-62b5bd3b6c051.png,Sodalite-06mm-62b5bd3b6c051.png,downloaded,documents/Sodalite-06mm-62b5bd3b6c051.png,672928,c8dc73510d3d24c6af3463523ff6b17f1c06fb5c7899be16cb938892269c9d86,image/png
7,Sodalite Brésil A 08mm,,https://camille-ambiance-nature.fr/uploads/certificats/Sodalite-Bresil-A-08mm-66756824a281f.jpg,Sodalite-Bresil-A-08mm-66756824a281f.jpg,downloaded,documents/Sodalite-Bresil-A-08mm-66756824a281f.jpg,33685,a0a644e9f912eb16534ffff96310e0810915962d19aef48833ce0ebf3083b9d5,image/jpeg
7,Sodalite brésil A 08mm taille 2,,https://camille-ambiance-nature.fr/uploads/certificats/sodalite-bresil-A-08mm-taille-2-68516cf05e167.png,sodalite-bresil-A-08mm-taille-2-68516cf05e167.png,downloaded,documents/sodalite-bresil-A-08mm-taille-2-68516cf05e167.png,90173,7c88093e06cff29f241f35ebc8e7d1ee428835546c1f9e2a1b8ec8ae907acfc1,image/png
7,Sodalite Namibie,,https://camille-ambiance-nature.fr/uploads/certificats/Sodalite-Namibie-60c73cfedb920.jpg,Sodalite-Namibie-60c73cfedb920.jpg,downloaded,documents/Sodalite-Namibie-60c73cfedb920.jpg,36653,0c35346bf72d14a145abd409a4776f7af2e77cdb6db73678356c57c6f92eed90,image/jpeg
7,Spinelle Bleue A+ 08mm,L’imprégnation de polymères permet de renforcer une pierre poreuse à l’état naturel. Ceci n’altère en rien la qualité du produit.,https://camille-ambiance-nature.fr/uploads/certificats/Spinelle-Bleue-A-08mm-6397375301843.jpg,Spinelle-Bleue-A-08mm-6397375301843.jpg,downloaded,documents/Spinelle-Bleue-A-08mm-6397375301843.jpg,38601,4a9ac0962572a2ce1266f7199dda17c547c86b2244aae9a84f30af8aecff6792,image/jpeg
7,Spinelle Multicolore AA 06mm - Rose,L’imprégnation de polymères permet de renforcer une pierre poreuse à l’état naturel. Ceci n’altère en rien la qualité du produit.,https://camille-ambiance-nature.fr/uploads/certificats/Spinelle-Multicolore-AA-Rose-06mm-66742e7ef3aff.jpg,Spinelle-Multicolore-AA-Rose-06mm-66742e7ef3aff.jpg,downloaded,documents/Spinelle-Multicolore-AA-Rose-06mm-66742e7ef3aff.jpg,34721,19e6dee3b937872644b30c96906d832868b4ef5224b1f66d712a00e3e52f054a,image/jpeg
7,Spinelle Multicolore AA 06mm - Violette,L’imprégnation de polymères permet de renforcer une pierre poreuse à l’état naturel. Ceci n’altère en rien la qualité du produit.,https://camille-ambiance-nature.fr/uploads/certificats/Spinelle-Multicolore-AA-Violette-06mm-66742eb088ff7.jpg,Spinelle-Multicolore-AA-Violette-06mm-66742eb088ff7.jpg,downloaded,documents/Spinelle-Multicolore-AA-Violette-06mm-66742eb088ff7.jpg,34988,2822fa82da9fd865eacfac052449df638302b58c138f6038cf9aab064d627fe7,image/jpeg
7,Spinelle Noire 04mm,,https://camille-ambiance-nature.fr/uploads/certificats/Spinelle-Noire-60c73d3e7dd68.jpg,Spinelle-Noire-60c73d3e7dd68.jpg,downloaded,documents/Spinelle-Noire-60c73d3e7dd68.jpg,38769,bb88874b7133441e1d6d40c95c6e56a489200a42d3a29a272f775bd899826dce,image/jpeg
7,Spinelle Noire A 08mm,,https://camille-ambiance-nature.fr/uploads/certificats/Spinelle-Noire-A-08mm-66756941a5778.jpg,Spinelle-Noire-A-08mm-66756941a5778.jpg,downloaded,documents/Spinelle-Noire-A-08mm-66756941a5778.jpg,34180,7d81457480feec6b5e2fb4dfe7a1fde64a87702ba2a91847bb7004a6d0d4eb65,image/jpeg
7,Super Seven (Améthyste) 04mm,,https://camille-ambiance-nature.fr/uploads/certificats/Super-Seven-Amethyste-04mm-62baf0d291fa7.jpg,Super-Seven-Amethyste-04mm-62baf0d291fa7.jpg,downloaded,documents/Super-Seven-Amethyste-04mm-62baf0d291fa7.jpg,41924,8b75e955b5e8482b4ddaff63dc7a6334c09a9cfb70710ebb0b55b656072416c0,image/jpeg
7,Super Seven A+ 06mm,,https://camille-ambiance-nature.fr/uploads/certificats/Super-Seven-A-06mm-6397376e40b5b.jpg,Super-Seven-A-06mm-6397376e40b5b.jpg,downloaded,documents/Super-Seven-A-06mm-6397376e40b5b.jpg,31589,a989d7d64a76a4f5bd7636c8c95378b5259ead0d6c4515183d0e93f65236e6b4,image/jpeg
7,Sélenite AA 08mm,L’imprégnation de polymères permet de renforcer une pierre poreuse à l’état naturel. Ceci n’altère en rien la qualité du produit.,https://camille-ambiance-nature.fr/uploads/certificats/Selenite-AA-08mm-6675677725450.jpg,Selenite-AA-08mm-6675677725450.jpg,downloaded,documents/Selenite-AA-08mm-6675677725450.jpg,32880,75d16eaff7d8df4d4c6239e4288568440ea9371922c98ab5c73c376c6505f8ce,image/jpeg
7,Tanzanite Bleue,La pierre a été polie soit à l’huile ou avec de la résine afin de résorber les possibles micros-fissures de surface. C’est la raison pour laquelle il y a des résidus trouvés sur la pierre. Ceci n’altère en rien la naturalité ainsi que la qualité du produit. C’est une technique utilisée en bijouterie pour ce type de pierre.,https://camille-ambiance-nature.fr/uploads/certificats/Tanzanite-Bleue-612caee97e2a0.jpg,Tanzanite-Bleue-612caee97e2a0.jpg,downloaded,documents/Tanzanite-Bleue-612caee97e2a0.jpg,49191,cdc3d896d726ce915095532cba955caf4c1594de0cf35c0293562e690eb0b1e1,image/jpeg
7,Thulite A 06mm,,https://camille-ambiance-nature.fr/uploads/certificats/Thulite-A-05-06mm-66756f9399338.jpg,Thulite-A-05-06mm-66756f9399338.jpg,downloaded,documents/Thulite-A-05-06mm-66756f9399338.jpg,33828,08bbcdf6941bb3ba5e57e283ffc542ec0614186fcd09bf44003a70f776a73028,image/jpeg
7,Thulite AB 06mm,,https://camille-ambiance-nature.fr/uploads/certificats/Thulite-AB-06mm-63973776d6ca5.jpg,Thulite-AB-06mm-63973776d6ca5.jpg,downloaded,documents/Thulite-AB-06mm-63973776d6ca5.jpg,34085,b275b7a1d21b343031a0ea822abae2da198ca5dfa60afc274ff3e3c0e1b620c6,image/jpeg
7,Topaze Bleue 05-06mm,,https://camille-ambiance-nature.fr/uploads/certificats/Topaze-Bleue-60f9570168b8d.jpg,Topaze-Bleue-60f9570168b8d.jpg,downloaded,documents/Topaze-Bleue-60f9570168b8d.jpg,39282,d3cee69f249e9e15f387dfbd4e93e3ea8e06ffad642e04f792dd288ca1886a43,image/jpeg
7,Topaze Bleue 08-09mm,,https://camille-ambiance-nature.fr/uploads/certificats/Topaze-Bleue-08-09mm-62b5bd4cc393b.png,Topaze-Bleue-08-09mm-62b5bd4cc393b.png,downloaded,documents/Topaze-Bleue-08-09mm-62b5bd4cc393b.png,705691,dbc3d21d10dc88ecbbbdd9f8ad45d9198a578fa8419cb1ccf8d33c20162bdc33,image/png
7,Topaze Jaune AA+ 08mm,,https://camille-ambiance-nature.fr/uploads/certificats/Topaze-Jaune-AA-08mm-64a29757dd1fa.jpg,Topaze-Jaune-AA-08mm-64a29757dd1fa.jpg,downloaded,documents/Topaze-Jaune-AA-08mm-64a29757dd1fa.jpg,32468,e0e6f54a20518bc03f0bea8c6bc6c5bade9932602a552113eaa152db6830cac8,image/jpeg
7,Tourmaline Brune A+ (Dravite) 06mm,,https://camille-ambiance-nature.fr/uploads/certificats/Tourmaline-Brune-A-Dravite-06mm-6397377f37157.jpg,Tourmaline-Brune-A-Dravite-06mm-6397377f37157.jpg,downloaded,documents/Tourmaline-Brune-A-Dravite-06mm-6397377f37157.jpg,34001,f9bf683e3aaa02860960e6c8e72bfb49ae252cfb2996c1129007bf99611bf5bf,image/jpeg
7,Tourmaline Multicolore A 08mm - Noire,,https://camille-ambiance-nature.fr/uploads/certificats/Tourmaline-Multicolore-A-Noire-08mm-667568afb0c70.jpg,Tourmaline-Multicolore-A-Noire-08mm-667568afb0c70.jpg,downloaded,documents/Tourmaline-Multicolore-A-Noire-08mm-667568afb0c70.jpg,34941,bfe54eda0c142b8fa6e54623a06bf1a1f53b21687ac5244b02c159e11b72c587,image/jpeg
7,Tourmaline Multicolore A 08mm - Rose,,https://camille-ambiance-nature.fr/uploads/certificats/Tourmaline-Multicolore-A-Rose-08mm-6675689d3e39b.jpg,Tourmaline-Multicolore-A-Rose-08mm-6675689d3e39b.jpg,downloaded,documents/Tourmaline-Multicolore-A-Rose-08mm-6675689d3e39b.jpg,33750,19f11957abf6d688720bc185d7b7e4b02219a4f0fec13848583584a8da26bc02,image/jpeg
7,Tourmaline Multicolore A 08mm - Verte,,https://camille-ambiance-nature.fr/uploads/certificats/Tourmaline-Multicolore-A-Verte-08mm-667568be32eda.jpg,Tourmaline-Multicolore-A-Verte-08mm-667568be32eda.jpg,downloaded,documents/Tourmaline-Multicolore-A-Verte-08mm-667568be32eda.jpg,34412,31c17074f9b107e62582cefd0bc0e52f3c952ab8a37060ca72636dc2ffd94228,image/jpeg
7,Tourmaline Noire 08mm,L’imprégnation de polymères permet de renforcer une pierre poreuse à l’état naturel. Ceci n’altère en rien la qualité du produit.,https://camille-ambiance-nature.fr/uploads/certificats/tourmaline-noire-08mm-690c7bd48b27e.png,tourmaline-noire-08mm-690c7bd48b27e.png,downloaded,documents/tourmaline-noire-08mm-690c7bd48b27e.png,87033,fbe4158a662938f5f0ec30623cd34ff55714e8a3382dc6a682e61001d65d2c7b,image/png
7,Tourmaline Noire avec Quartz B 08mm,,https://camille-ambiance-nature.fr/uploads/certificats/Tourmaline-Noire-Avec-Quartz-B-08mm-667574e926ccd.jpg,Tourmaline-Noire-Avec-Quartz-B-08mm-667574e926ccd.jpg,downloaded,documents/Tourmaline-Noire-Avec-Quartz-B-08mm-667574e926ccd.jpg,33684,c061f03c311b581a84c76ee50b89afb0d2d465b403ac11a0e763fea92bceeddb,image/jpeg
7,Tourmaline Oeil De Chat,L’imprégnation de résine permet de renforcer une pierre poreuse à l’état naturel. Ceci n’altère en rien la qualité du produit.,https://camille-ambiance-nature.fr/uploads/certificats/Tourmaline-Oeil-De-Chat-616d418f609fa.jpg,Tourmaline-Oeil-De-Chat-616d418f609fa.jpg,downloaded,documents/Tourmaline-Oeil-De-Chat-616d418f609fa.jpg,35668,15a8cfac9d36029afb4abc6785ed7d251fe308562c560c042f678d355fbbcfec,image/jpeg
7,Tourmaline Rose,,https://camille-ambiance-nature.fr/uploads/certificats/Tourmaline-Rose-60c73d59ccae8.jpg,Tourmaline-Rose-60c73d59ccae8.jpg,downloaded,documents/Tourmaline-Rose-60c73d59ccae8.jpg,39461,c5cf30fca46511d101fd128a57f5cde26f04cfc8722b3a8e8b7aafc50840dde0,image/jpeg
7,Tourmaline Rose Sur Eudialyte,,https://camille-ambiance-nature.fr/uploads/certificats/Tourmaline-Rose-sur-Eudialyte-612cafc7e86a6.jpg,Tourmaline-Rose-sur-Eudialyte-612cafc7e86a6.jpg,downloaded,documents/Tourmaline-Rose-sur-Eudialyte-612cafc7e86a6.jpg,45215,6813294de1b30e543af6ee9a6849bd1a6d206d70bca1871e1686d36def8d8b0b,image/jpeg
7,Tourmaline rose sur quartz AA (07-08mm),L’imprégnation de polymères permet de renforcer une pierre poreuse à l’état naturel. Ceci n’altère en rien la qualité du produit.,https://camille-ambiance-nature.fr/uploads/certificats/Tourmaline-rose-sur-quartz-AA-07-08mm-673b466f6e1ba.jpg,Tourmaline-rose-sur-quartz-AA-07-08mm-673b466f6e1ba.jpg,downloaded,documents/Tourmaline-rose-sur-quartz-AA-07-08mm-673b466f6e1ba.jpg,106872,7a170323a238a7fdc1a14d7f8821513c1db7ded0383bfaa4fc4b2c2925f0199c,image/jpeg
7,Turquoise d'Arizona 08mm,L’imprégnation de polymères permet de renforcer une pierre poreuse à l’état naturel. Ceci n’altère en rien la qualité du produit.,https://camille-ambiance-nature.fr/uploads/certificats/Turquoise-08mm-618238c15ceae.jpg,Turquoise-08mm-618238c15ceae.jpg,downloaded,documents/Turquoise-08mm-618238c15ceae.jpg,44865,051712d3d3e51b12329a743c7839f6986838c14839f05c3e8a566d2c963489bc,image/jpeg
7,Turquoise d'Arizona AA 06mm,L’imprégnation de polymères permet de renforcer une pierre poreuse à l’état naturel. Ceci n’altère en rien la qualité du produit.,https://camille-ambiance-nature.fr/uploads/certificats/Turquoise-Arizona-AA-06mm-66b5ff4ecad5c.jpg,Turquoise-Arizona-AA-06mm-66b5ff4ecad5c.jpg,downloaded,documents/Turquoise-Arizona-AA-06mm-66b5ff4ecad5c.jpg,89471,0e38ab9ffb8da5bc3dcbd52c3999a0549dbe3df926db37422cccf02802615237,image/jpeg
7,Turquoise Du Tibet 06mm,L’imprégnation de polymères permet de renforcer une pierre poreuse à l’état naturel. Ceci n’altère en rien la qualité du produit.,https://camille-ambiance-nature.fr/uploads/certificats/Turquoise-Tibet-06mm-6182437b1fe25.jpg,Turquoise-Tibet-06mm-6182437b1fe25.jpg,downloaded,documents/Turquoise-Tibet-06mm-6182437b1fe25.jpg,45182,98d7ae7b07083a25187a208552ecf9c5fd834bdbb7d55a53c3685365955ebc26,image/jpeg
7,Turquoise Du Tibet A 04mm,,https://camille-ambiance-nature.fr/uploads/certificats/Turquoise-Tibet-60c73f8abe889.jpg,Turquoise-Tibet-60c73f8abe889.jpg,downloaded,documents/Turquoise-Tibet-60c73f8abe889.jpg,40029,5427f628924d928a3da32476854cc7cc99240690843959990b4a92cc9303df7e,image/jpeg
7,Turquoise du Tibet A+ 08mm,L’imprégnation de polymères permet de renforcer une pierre poreuse à l’état naturel. Ceci n’altère en rien la qualité du produit.,https://camille-ambiance-nature.fr/uploads/certificats/Turquoise-Du-Tibet-A-08mm-66b5ff849966a.jpg,Turquoise-Du-Tibet-A-08mm-66b5ff849966a.jpg,downloaded,documents/Turquoise-Du-Tibet-A-08mm-66b5ff849966a.jpg,89047,46923b118d1a4fcd3419729b0d6be7afd1786ea46979488a1788126f10f7ba5c,image/jpeg
7,Turquoise du Tibet A+ 10mm,L’imprégnation de polymères permet de renforcer une pierre poreuse à l’état naturel. Ceci n’altère en rien la qualité du produit.,https://camille-ambiance-nature.fr/uploads/certificats/Turquoise-Du-Tibet-A-10mm-66b5ff9ce2d3d.jpg,Turquoise-Du-Tibet-A-10mm-66b5ff9ce2d3d.jpg,downloaded,documents/Turquoise-Du-Tibet-A-10mm-66b5ff9ce2d3d.jpg,90994,d96885feb4f077e3b66f4265170cf8eaaa1d6f7e03982f7ccf72b39112bdd777,image/jpeg
7,Turquoise Du Tibet AA 04mm,L’imprégnation de polymères permet de renforcer une pierre poreuse à l’état naturel. Ceci n’altère en rien la qualité du produit.,https://camille-ambiance-nature.fr/uploads/certificats/turquoise-du-Tibet-AA-04mm-690c66595f098.png,turquoise-du-Tibet-AA-04mm-690c66595f098.png,downloaded,documents/turquoise-du-Tibet-AA-04mm-690c66595f098.png,88034,2d8ff077f008dea616890c385111d71d11b7ca7a253c876bc52fd61ff4756bd2,image/png
7,Turquoise D’Afrique AB 08mm,,https://camille-ambiance-nature.fr/uploads/certificats/Turquoise-D-Afrique-AB-08mm-63973787157f5.jpg,Turquoise-D-Afrique-AB-08mm-63973787157f5.jpg,downloaded,documents/Turquoise-D-Afrique-AB-08mm-63973787157f5.jpg,37695,e9d3d313b67411e83093efe509b09cefb5b7e304f3be9d9de183ebe9af0b63dc,image/jpeg
7,Turquoise sur Matrix AA 08mm,L’imprégnation de polymères permet de renforcer une pierre poreuse à l’état naturel. Ceci n’altère en rien la qualité du produit.,https://camille-ambiance-nature.fr/uploads/certificats/Turquoise-sur-Matrix-AA-07-08mm-66756fb9f118d.jpg,Turquoise-sur-Matrix-AA-07-08mm-66756fb9f118d.jpg,downloaded,documents/Turquoise-sur-Matrix-AA-07-08mm-66756fb9f118d.jpg,35168,8f6b934b356df8610cfa175c9edaf06e8f924548e5d7f6d008483ac7a44646a6,image/jpeg
7,Unakite AB 06mm,,https://camille-ambiance-nature.fr/uploads/certificats/Unakite-06mm-61f7c76964ab2.jpg,Unakite-06mm-61f7c76964ab2.jpg,downloaded,documents/Unakite-06mm-61f7c76964ab2.jpg,38525,8ede0ca64c50a8b23762e5c5adcb90a236b91c3d6fb5df7406062374abf56d05,image/jpeg
7,Unakite AB 08mm,,https://camille-ambiance-nature.fr/uploads/certificats/Unakite-AB-08mm-6675685cde415.jpg,Unakite-AB-08mm-6675685cde415.jpg,downloaded,documents/Unakite-AB-08mm-6675685cde415.jpg,36574,79ff76e21618acfaa296e5147e4a187d51fcc5f70a99486156437762a6e9a0d5,image/jpeg
8,Variscite,La pierre a été polie soit à l’huile ou avec de la résine afin de résorber les possibles micros-fissures de surface. C’est la raison pour laquelle il y a des résidus trouvés sur la pierre. Ceci n’altère en rien la naturalité ainsi que la qualité du produit. C’est une technique utilisée en bijouterie pour ce type de pierre.,https://camille-ambiance-nature.fr/uploads/certificats/Variscite-612caf3b3137b.jpg,Variscite-612caf3b3137b.jpg,downloaded,documents/Variscite-612caf3b3137b.jpg,42584,efc8fcbf9f76e726419d92eb60508796dd1b4abb2a1804e61e2ae8f141bf09d3,image/jpeg
8,Yooperlite,,https://camille-ambiance-nature.fr/uploads/certificats/Yooperlite-06mm-61f7c77312677.jpg,Yooperlite-06mm-61f7c77312677.jpg,downloaded,documents/Yooperlite-06mm-61f7c77312677.jpg,38877,96f348ff4aec29e1eb07aa4e36c5e5357a141bfbd6423b83eff11ff4c0a30c08,image/jpeg
8,Zircon,,https://camille-ambiance-nature.fr/uploads/certificats/Zircon-6227185bc08df.jpg,Zircon-6227185bc08df.jpg,downloaded,documents/Zircon-6227185bc08df.jpg,27788,5ede44928a314e2d445ef6469157d78308b3f7f9f44f4deb2e664c2c7b9fba95,image/jpeg
8,Zoisite,,https://camille-ambiance-nature.fr/uploads/certificats/Zoisite-08mm-61f7c779e81f8.jpg,Zoisite-08mm-61f7c779e81f8.jpg,downloaded,documents/Zoisite-08mm-61f7c779e81f8.jpg,34876,796f0205e97da4ab105eda1883e23089cf8083e336dd17a29d9a76d6094f8ed2,image/jpeg
