shopify_product_id,title,handle,online_store_url,inventory_quantity,inventory_policy,stone_name,stone_handle,stone_benefits,qualite,provenance,current_stone_description,current_stone_description_length,story_text_length,rewrite_class,proposed_stone_description,patrice_copy_decision
10696094056795,Pierre roulée en rhodonite - Galet de 45 mm,pierre-roulee-en-rhodonite-galet-de-45-mm,https://milaura.fr/products/pierre-roulee-en-rhodonite-galet-de-45-mm,2,DENY,Rhodonite,rhodonite,Amour et équilibre,Qualité A - Bonne,Madagascar,"La rhodonite de Madagascar associe ici une base rose à des inclusions noires plus ou moins étendues. La proportion de noir, les veinures et la forme ovale diffèrent entre les pierres polies.",190,631,stone_copy_too_short,"La rhodonite de Madagascar mêle une base rose à des inclusions noires plus ou moins marquées. Les veinures, la proportion de noir et la forme du galet varient naturellement d'une pierre à l'autre. En lithothérapie, la rhodonite est associée à l'amour et à l'équilibre émotionnel. Elle accompagne une intention de bienveillance envers soi et dans les relations.",
10696093892955,Pierre roulée en howlite blanche - Galet de 45 mm,pierre-roulee-en-howlite-blanche-galet-de-45-mm,https://milaura.fr/products/pierre-roulee-en-howlite-blanche-galet-de-45-mm,2,DENY,Howlite blanche,howlite,Calme et patience,Qualité A - Bonne,,La howlite blanche montre des veines grises irrégulières sur une base claire. Leur densité et leur trajet changent d'un galet à l'autre. Le poli souligne le dessin sans rendre les exemplaires identiques.,203,605,stone_copy_too_short,"La howlite blanche montre des veines grises irrégulières sur une base claire. Leur densité et leur trajet changent d'un galet à l'autre. Le poli souligne le dessin sans rendre les exemplaires identiques. En lithothérapie, la howlite blanche est associée au calme et à la patience.",
10696093827419,Collier argenté en sodalite à pampilles,collier-argente-en-sodalite-a-pampilles,https://milaura.fr/products/collier-argente-en-sodalite-a-pampilles,1,DENY,Sodalite,sodalite,Calme et clarté,Qualité AA - Très élevée,,La sodalite présente un bleu soutenu avec des nuances et inclusions variables. La petite taille facettée des perles donne des reflets ponctuels ; le dessin exact de la pierre varie selon les exemplaires.,203,559,stone_copy_too_short,"La sodalite présente un bleu soutenu avec des nuances et inclusions variables. La petite taille facettée des perles donne des reflets ponctuels ; le dessin exact de la pierre varie selon les exemplaires. En lithothérapie, la sodalite est associée au calme et à la clarté.",
10696093761883,Bracelet doré en cornaline facettée,bracelet-dore-en-cornaline-facettee,https://milaura.fr/products/bracelet-dore-en-cornaline-facettee,3,DENY,Cornaline,cornaline,Énergie et confiance,Qualité AA - Très élevée,,"La cornaline varie de l'orange au rouge, avec des zones plus ou moins translucides. La taille facettée multiplie les petits reflets et rend visibles les différences de couleur entre les perles.",193,590,stone_copy_too_short,"La cornaline varie de l'orange au rouge, avec des zones plus ou moins translucides. La taille facettée multiplie les petits reflets et rend visibles les différences de couleur entre les perles. En lithothérapie, la cornaline est associée à l'énergie et à la confiance.",
10696093172059,Bracelet en zoïsite - Perles de 10 mm,bracelet-en-zoisite-perles-de-10-mm,https://milaura.fr/products/bracelet-en-zoisite-perles-de-10-mm,1,DENY,Zoïsite,zoisite,Énergie et renouveau,Qualité AA - Très élevée,,La zoïsite montre ici une base verte avec des plages noires et de petites nuances violacées. La proportion de ces couleurs varie selon les perles. Le poli rend lisibles les contrastes de la matière.,198,611,stone_copy_too_short,"La zoïsite présente une base verte ponctuée de zones noires et de nuances violacées. La répartition de ces couleurs varie selon les perles, tandis que leur poli souligne les contrastes naturels de la matière. En lithothérapie, la zoïsite est associée à l'énergie et au renouveau. Elle accompagne les périodes de changement et l'envie de retrouver un nouvel élan.",
10696093008219,Bracelet en aventurine bleue - Perles de 6 mm,bracelet-en-aventurine-bleue-perles-de-6-mm,https://milaura.fr/products/bracelet-en-aventurine-bleue-perles-de-6-mm,1,DENY,Aventurine bleue,aventurine-bleue,Calme et confiance,Qualité A - Bonne,,"L'aventurine bleue présente des tons bleu clair à bleu plus soutenu. Les inclusions, les petites zones opaques et les différences de couleur restent visibles sous le poli des perles.",182,589,stone_copy_too_short,"L'aventurine bleue présente des tons bleu clair à bleu plus soutenu. Les inclusions, les petites zones opaques et les différences de couleur restent visibles sous le poli des perles. En lithothérapie, l'aventurine bleue est associée au calme et à la confiance.",
10696092909915,Bracelet doré en sodalite - Perles de 6 mm,bracelet-dore-en-sodalite-perles-de-6-mm,https://milaura.fr/products/bracelet-dore-en-sodalite-perles-de-6-mm,1,DENY,Sodalite,sodalite,Calme et clarté,Qualité A - Bonne,,"La sodalite associe des zones bleues à des veinures et inclusions blanches ou grises. Sur ces rondelles polies, leur répartition varie fortement d'une perle à l'autre, donnant au rang un dessin irrégulier.",205,584,stone_copy_too_short,"La sodalite associe des zones bleues à des veinures et inclusions blanches ou grises. Sur ces rondelles polies, leur répartition varie fortement d'une perle à l'autre, donnant au rang un dessin irrégulier. En lithothérapie, la sodalite est associée au calme et à la clarté.",
10696089174363,Bracelet doré en nacre et pierre de lune,bracelet-dore-en-nacre-et-pierre-de-lune,https://milaura.fr/products/bracelet-dore-en-nacre-et-pierre-de-lune,1,DENY,Nacre et pierre de lune,nacre,Douceur et intuition,Qualité AA - Très élevée,,La nacre est une matière organique aux reflets irisés. Elle est associée ici à une pierre de lune de teinte claire et chaude. Les nuances et l'intensité des reflets changent selon les perles et la lumière.,205,615,stone_copy_too_short,"La nacre est une matière organique aux reflets irisés. Elle est associée ici à une pierre de lune de teinte claire et chaude. Les nuances et l'intensité des reflets changent selon les perles et la lumière. En lithothérapie, cette association est liée à la douceur et à l'intuition.",
10696087798107,"Bracelet doré en lapis-lazuli, spinelle et cristal de roche",bracelet-dore-en-lapis-lazuli-spinelle-et-cristal-de-roche,https://milaura.fr/products/bracelet-dore-en-lapis-lazuli-spinelle-et-cristal-de-roche,1,DENY,"Lapis-lazuli, spinelle noir et cristal de roche",lapis-lazuli,Confiance et ancrage,Qualité A - Bonne,,"Le lapis-lazuli présente des nuances de bleu et des inclusions variables. Le spinelle est noir, tandis que le cristal de roche apporte des perles claires à légèrement laiteuses. Le dessin du lapis varie naturellement.",217,607,stone_copy_too_short,"Le lapis-lazuli présente des nuances de bleu et des inclusions variables. Le spinelle est noir, tandis que le cristal de roche apporte des perles claires à légèrement laiteuses. Le dessin du lapis varie naturellement. En lithothérapie, cette association est liée à la confiance et à l'ancrage.",
10696086454619,"Bracelet doré en améthyste, cornaline et cristal de roche",bracelet-dore-en-amethyste-cornaline-et-cristal-de-roche,https://milaura.fr/products/bracelet-dore-en-amethyste-cornaline-et-cristal-de-roche,1,DENY,"Améthyste, cornaline et cristal de roche",amethyste,Énergie et équilibre,Qualité A - Bonne,,"L'améthyste présente des tons violets, la cornaline des nuances orange à rouge et le cristal de roche des zones claires ou légèrement laiteuses. Les facettes font varier les reflets de cette association.",203,612,stone_copy_too_short,"Cette association réunit le violet de l'améthyste, les nuances orange à rouges de la cornaline et la transparence parfois laiteuse du cristal de roche. Les facettes et les inclusions font varier leurs reflets d'une pierre à l'autre. En lithothérapie, l'améthyste est liée au calme, la cornaline à l'énergie et le cristal de roche à la clarté. Leur réunion accompagne une recherche d'équilibre entre élan et recul.",
10696056242523,"Bracelet doré en tourmaline, quartz fumé et aigue-marine",bracelet-dore-en-tourmaline-quartz-fume-et-aigue-marine,https://milaura.fr/products/bracelet-dore-en-tourmaline-quartz-fume-et-aigue-marine,1,DENY,"Tourmaline, quartz fumé et aigue-marine",tourmaline,Protection et calme,Qualité AA - Très élevée,,"La tourmaline apporte le noir, le quartz fumé les tons bruns transparents et l'aigue-marine un bleu très pâle. Les facettes et les inclusions rendent leurs reflets différents d'une perle à l'autre.",197,614,stone_copy_too_short,"La tourmaline apporte le noir, le quartz fumé les tons bruns transparents et l'aigue-marine un bleu très pâle. Les facettes et les inclusions rendent leurs reflets différents d'une perle à l'autre. En lithothérapie, cette association est liée à la protection et au calme.",
10696056078683,Bracelet doré à fleurs de nacre,bracelet-dore-a-fleurs-de-nacre,https://milaura.fr/products/bracelet-dore-a-fleurs-de-nacre,2,DENY,Nacre,nacre,Douceur et harmonie,Qualité AA - Très élevée,,La nacre est une matière organique issue du coquillage. Ses reflets blancs et irisés changent selon l'éclairage ; leur intensité et leur dessin peuvent varier d'une fleur à l'autre.,181,578,stone_copy_too_short,"La nacre est une matière organique issue du coquillage. Ses reflets blancs et irisés changent selon l'éclairage ; leur intensité et leur dessin peuvent varier d'une fleur à l'autre. En lithothérapie, la nacre est associée à la douceur et à l'harmonie.",
10696055816539,Bracelet en aventurine verte - Perles de 8 mm,bracelet-en-aventurine-verte-perles-de-8-mm,https://milaura.fr/products/bracelet-en-aventurine-verte-perles-de-8-mm,1,DENY,Aventurine verte,aventurine-verte,Calme et équilibre,Qualité A - Bonne,,"L'aventurine verte présente ici un vert pâle, parfois légèrement laiteux, avec de petites inclusions visibles dans certaines perles. Le poli souligne ces différences de transparence.",182,581,stone_copy_too_short,"L'aventurine verte présente ici un vert pâle, parfois légèrement laiteux, avec de petites inclusions visibles dans certaines perles. Le poli souligne ces différences de transparence. En lithothérapie, l'aventurine verte est associée au calme et à l'équilibre.",
10696040087899,Collier doré en œil de tigre,collier-dore-en-oeil-de-tigre,https://milaura.fr/products/collier-dore-en-oeil-de-tigre,2,DENY,Œil de tigre,oeil-de-tigre,Protection et confiance,Qualité A - Bonne,,L'œil de tigre associe des tons bruns à des bandes miel et dorées. Leur éclat change selon l'angle de la lumière. La taille en pointe rend visibles les alternances de couleur sans masquer la pierre.,198,538,stone_copy_too_short,"L'œil de tigre associe des tons bruns à des bandes miel et dorées. Leur éclat change selon l'angle de la lumière. La taille en pointe rend visibles les alternances de couleur sans masquer la pierre. En lithothérapie, l'œil de tigre est associé à la protection et à la confiance.",
10696039858523,Collier doré en labradorite,collier-dore-en-labradorite,https://milaura.fr/products/collier-dore-en-labradorite,2,DENY,Labradorite,labradorite,Protection et équilibre,Qualité A - Bonne,,"La labradorite présente ici une base grise à verdâtre, avec des inclusions et des reflets qui dépendent de l'orientation de la pierre. Leur teinte et leur intensité ne sont pas identiques sur chaque pendentif.",209,569,stone_copy_too_short,"La labradorite présente ici une base grise à verdâtre, avec des inclusions et des reflets qui dépendent de l'orientation de la pierre. Leur teinte et leur intensité ne sont pas identiques sur chaque pendentif. En lithothérapie, la labradorite est associée à la protection et à l'équilibre.",
10696039694683,Collier doré en cristal de roche,collier-dore-en-cristal-de-roche,https://milaura.fr/products/collier-dore-en-cristal-de-roche,2,DENY,Cristal de roche,cristal-de-roche,Clarté et harmonie,Qualité A - Bonne,,"Le cristal de roche est un quartz incolore, transparent à légèrement voilé. Des inclusions ou de petites zones plus laiteuses peuvent être visibles dans la pierre. Les facettes font varier les reflets selon la lumière.",218,565,stone_copy_too_short,"Le cristal de roche est un quartz incolore, transparent à légèrement voilé. Des inclusions ou de petites zones plus laiteuses peuvent être visibles dans la pierre. Les facettes font varier les reflets selon la lumière. En lithothérapie, le cristal de roche est associé à la clarté et à l'harmonie.",
10521073385819,Collier doré en quartz rose,collier-quartz-rose-boho-dore,https://milaura.fr/products/collier-quartz-rose-boho-dore,2,DENY,Quartz rose,quartz-rose,Amour et douceur,Qualité A - Bonne,,"Le quartz rose présente une teinte rose pâle, parfois laiteuse ou légèrement translucide. Les nuances et inclusions naturelles rendent chaque pointe un peu différente.",167,553,stone_copy_too_short,"Le quartz rose se distingue par une teinte rose pâle, parfois laiteuse ou légèrement translucide. Ses voiles, inclusions et différences de nuance rendent chaque pierre naturellement unique. En lithothérapie, le quartz rose est associé à l'amour, à la douceur et à l'attention portée à soi. Sur ce collier, sa couleur claire forme un contraste doux avec le métal doré.",
10557523099995,Collier doré en aventurine verte,collier-aventurine-verte-boho-dore,https://milaura.fr/products/collier-aventurine-verte-boho-dore,2,DENY,Aventurine verte,aventurine-verte,Apaisement et équilibre,Qualité A - Bonne,,"L'aventurine verte présente un vert doux à plus soutenu, avec des nuances propres à chaque pierre. Ses facettes polies captent la lumière sans masquer sa couleur.",162,492,stone_copy_too_short,"L'aventurine verte présente un vert doux à plus soutenu, avec des nuances propres à chaque pierre. Ses facettes polies captent la lumière sans masquer sa couleur. En lithothérapie, l'aventurine verte est associée à l'apaisement et à l'équilibre.",
10557516644699,Collier doré en obsidienne noire,collier-obsidienne-noire-boho-dore,https://milaura.fr/products/collier-obsidienne-noire-boho-dore,4,DENY,Obsidienne noire,obsidienne-noire,Protection et ancrage,Qualité A - Bonne,,L'obsidienne noire présente une couleur sombre et un éclat vitreux. La taille en pointe met en évidence les facettes et leurs reflets.,134,439,stone_copy_too_short,"L'obsidienne noire présente une couleur sombre et un éclat vitreux. La taille en pointe met en évidence les facettes et leurs reflets. En lithothérapie, l'obsidienne noire est associée à la protection et à l'ancrage. D'un éclat à l'autre, l'intensité de la couleur et la répartition des inclusions peuvent donc varier.",
10637436584283,Boucles d'oreilles dorées en aigue-marine naturelle - 36 mm,boucles-d-oreilles-dorees-en-aigue-marine-naturelle-36-mm,https://milaura.fr/products/boucles-d-oreilles-dorees-en-aigue-marine-naturelle-36-mm,0,CONTINUE,Aigue-marine,aigue-marine,Calme et clarté,Qualité A - Bonne,,L'aigue-marine est une variété de béryl dont la teinte va du bleu très clair au bleu légèrement vert. Les cylindres naturels de cette paire peuvent présenter de petites variations de nuance et de texture.,204,1082,stone_copy_too_short,"L'aigue-marine est une variété de béryl dont la teinte va du bleu très clair au bleu légèrement vert. Les cylindres naturels de cette paire peuvent présenter de petites variations de nuance et de texture. En lithothérapie, l'aigue-marine est associée au calme et à la clarté.",
10669625966939,Bracelet Horus doré en sodalite 6 mm,bracelet-horus-dore-en-sodalite-6-mm,https://milaura.fr/products/bracelet-horus-dore-en-sodalite-6-mm,3,DENY,Sodalite,sodalite,Expression et confiance,Qualité A - Bonne,,"Les fragments de sodalite montrent des bleus intenses, des zones blanches et des contours irréguliers.",102,650,stone_copy_too_short,"La sodalite se reconnaît à son bleu profond traversé de zones blanches ou plus claires. Chaque fragment présente des contours, des nuances et un veinage différents, ce qui rend le dessin de la pierre naturellement irrégulier. En lithothérapie, la sodalite est associée à l'expression, à la clarté et à la confiance. Sur Horus, ses éclats bleus créent un contraste net avec le métal doré.",
10669953122651,Collier boho doré en améthyste - 38 à 43 cm,collier-boho-dore-en-amethyste-38-a-43-cm,https://milaura.fr/products/collier-boho-dore-en-amethyste-38-a-43-cm,3,DENY,Améthyste,amethyste,Calme et intuition,Qualité A - Bonne,,"La pointe facettée présente un violet naturel translucide à soutenu, avec des variations propres au minéral.",108,495,stone_copy_too_short,"La pointe facettée présente un violet naturel translucide à soutenu, avec des variations propres au minéral. En lithothérapie, l'améthyste est associée au calme et à l'intuition. D'une pointe à l'autre, l'intensité de la couleur et la répartition des inclusions peuvent donc varier.",
10669947781467,"Bracelet Iris doré en aigue-marine, cornaline et grenat 4 mm",bracelet-iris-dore-en-aigue-marine-cornaline-et-grenat-4-mm,https://milaura.fr/products/bracelet-iris-dore-en-aigue-marine-cornaline-et-grenat-4-mm,2,DENY,"Aigue-marine, cornaline et grenat",aigue-marine,Confiance et énergie,Qualité AA - Très élevée,,"De petites perles bleues, orange et rouge rythment la chaîne dorée avec des nuances naturelles propres à chaque pierre.",119,553,stone_copy_too_short,"L'aigue-marine apporte des nuances bleu pâle, la cornaline des tons orange à rouges et le grenat un rouge plus profond. Les différences de transparence, les inclusions et l'intensité des couleurs varient naturellement d'une pierre à l'autre. En lithothérapie, cette association est liée à la confiance et à l'énergie. Le petit format des pierres permet de distinguer un dégradé allant du bleu clair au rouge sombre.",
10694386745691,Sphère en agate indienne - 30 mm,sphere-en-agate-indienne-30-mm,https://milaura.fr/products/sphere-en-agate-indienne-30-mm,3,DENY,Agate indienne,agate,Ancrage et équilibre,Qualité A - Bonne,,"L'agate indienne présente des teintes très variables : vert sombre, brun, rouge ou orangé, avec des veines claires. Une sphère peut être plus verte ou plus rouge qu'une autre ; la couleur n'est pas uniforme.",207,591,stone_copy_too_short,"L'agate indienne présente des teintes très variables : vert sombre, brun, rouge ou orangé, avec des veines claires. Une sphère peut être plus verte ou plus rouge qu'une autre ; la couleur n'est pas uniforme. En lithothérapie, l'agate indienne est associée à l'ancrage et à l'équilibre.",
10694393463131,Sphère en jaspe héliotrope - 30 mm,sphere-en-jaspe-heliotrope-30-mm,https://milaura.fr/products/sphere-en-jaspe-heliotrope-30-mm,3,DENY,Jaspe héliotrope,jaspe-heliotrope,Ancrage et énergie,Qualité A - Bonne,,"Les exemplaires présentent des zones gris foncé ou vert sombre, des plages rouges et parfois des parties plus claires. La répartition des dessins change d'une sphère à l'autre.",176,581,stone_copy_too_short,"Les exemplaires présentent des zones gris foncé ou vert sombre, des plages rouges et parfois des parties plus claires. La répartition des dessins change d'une sphère à l'autre. En lithothérapie, le jaspe héliotrope est associé à l'ancrage et à l'énergie.",
10694387368283,Sphère en jade de Chine - 30 mm,sphere-en-jade-de-chine-30-mm,https://milaura.fr/products/sphere-en-jade-de-chine-30-mm,3,DENY,Jade de Chine,jade,Équilibre et confiance,Qualité A - Bonne,,"Le jade de Chine présente ici des tons vert pâle mêlés de blanc, parfois de gris et de petites marques plus foncées. Les zones colorées sont irrégulières et ne forment pas le même dessin sur chaque sphère.",205,588,stone_copy_too_short,"Le jade de Chine présente ici des tons vert pâle mêlés de blanc, parfois de gris et de petites marques plus foncées. Les zones colorées sont irrégulières et ne forment pas le même dessin sur chaque sphère. En lithothérapie, le jade de Chine est associé à l'équilibre et à la confiance.",
10694383010139,Accessoire porte-clés goutte en quartz rose,accessoire-porte-cles-goutte-en-quartz-rose,https://milaura.fr/products/accessoire-porte-cles-goutte-en-quartz-rose,3,DENY,Quartz rose,quartz-rose,Amour et apaisement,Qualité A - Bonne,,"La pierre polie présente une forme de goutte arrondie, rose pâle à rose plus soutenu. Des zones laiteuses et des inclusions traversent la matière.",146,551,stone_copy_too_short,"La pierre polie présente une forme de goutte arrondie, rose pâle à rose plus soutenu. Des zones laiteuses et des inclusions traversent la matière. En lithothérapie, le quartz rose est associé à l'amour et à l'apaisement. La couleur, les inclusions et le dessin minéral peuvent donc différer naturellement d'un exemplaire à l'autre.",
10694385860955,Accessoire porte-clés en améthyste claire,accessoire-porte-cles-en-amethyste-claire,https://milaura.fr/products/accessoire-porte-cles-en-amethyste-claire,2,DENY,Améthyste,amethyste,Apaisement et intuition,Qualité A+ - Élevée,,"La pierre polie présente un contour arrondi irrégulier, avec des tons violet pâle et des passages plus translucides. Les nuances ne sont pas uniformes.",151,561,stone_copy_too_short,"La pierre polie présente un contour arrondi irrégulier, avec des tons violet pâle et des passages plus translucides. Les nuances ne sont pas uniformes. En lithothérapie, l'améthyste est associée à l'apaisement et à l'intuition. La couleur, les inclusions et le dessin minéral peuvent donc différer naturellement d'un exemplaire à l'autre.",
10694371541339,Accessoire flacon roll-on en œil de tigre,accessoire-flacon-roll-on-en-oeil-de-tigre,https://milaura.fr/products/accessoire-flacon-roll-on-en-oeil-de-tigre,1,DENY,Œil de tigre,oeil-de-tigre,Protection et confiance,Qualité A - Bonne,,"Les éclats d’œil de tigre mêlent le brun et le doré. La bille présente une teinte brun doré, dont les reflets varient selon la lumière.",135,537,stone_copy_too_short,"Les éclats d’œil de tigre mêlent le brun et le doré. La bille présente une teinte brun doré, dont les reflets varient selon la lumière. En lithothérapie, l'œil de tigre est associé à la protection et à la confiance. D'un éclat à l'autre, l'intensité de la couleur et la répartition des inclusions peuvent donc varier.",
10694375965019,Orgonite 7 chakras - 60 mm,orgonite-7-chakras-60-mm,https://milaura.fr/products/orgonite-7-chakras-60-mm,1,DENY,Pierres 7 chakras,,,,,Des éclats de plusieurs couleurs sont inclus dans la pyramide. Le nom précis des minéraux n’est pas détaillé pour chacune des couches.,134,488,special_mixed_mineral_copy,"Cette orgonite contient des éclats minéraux de plusieurs couleurs, visibles dans les différentes couches de la pyramide. Leur taille, leur forme et leur répartition varient naturellement d'un exemplaire à l'autre. La composition exacte n'est pas détaillée pierre par pierre pour cette référence. La symbolique reste donc celle du thème des 7 chakras, sans attribuer de vertu particulière à un minéral non identifié.",
10694373769563,Accessoire minéral grenouille en quartz rose - 50 mm,accessoire-mineral-grenouille-en-quartz-rose-50-mm,https://milaura.fr/products/accessoire-mineral-grenouille-en-quartz-rose-50-mm,1,DENY,Quartz rose,quartz-rose,Amour et apaisement,,,"Cette référence est désignée comme une grenouille en quartz rose. La teinte, la transparence et les détails de la pierre réelle restent à confirmer.",148,480,stone_copy_too_short,"Cette référence est désignée comme une grenouille en quartz rose. La teinte, la transparence et les détails de la pierre réelle restent à confirmer. En lithothérapie, le quartz rose est associé à l'amour et à l'apaisement. La couleur, les inclusions et le dessin minéral peuvent donc différer naturellement d'un exemplaire à l'autre.",
10694372163931,Accessoire flacon roll-on en quartz rose,accessoire-flacon-roll-on-en-quartz-rose,https://milaura.fr/products/accessoire-flacon-roll-on-en-quartz-rose,4,DENY,Quartz rose,quartz-rose,Amour et apaisement,Qualité A - Bonne,,Les éclats de quartz rose présentent des tons rose pâle et laiteux. La bille est très claire ; les inclusions deviennent visibles à travers le verre.,149,550,stone_copy_too_short,"Les éclats de quartz rose présentent des tons rose pâle et laiteux. La bille est très claire ; les inclusions deviennent visibles à travers le verre. En lithothérapie, le quartz rose est associé à l'amour et à l'apaisement. D'un éclat à l'autre, l'intensité de la couleur et la répartition des inclusions peuvent donc varier.",
10694371279195,Accessoire flacon roll-on en obsidienne noire,accessoire-flacon-roll-on-en-obsidienne-noire,https://milaura.fr/products/accessoire-flacon-roll-on-en-obsidienne-noire,5,DENY,Obsidienne noire,obsidienne-noire,Protection et ancrage,Qualité A - Bonne,,Les éclats d’obsidienne sont noirs et opaques. Leur poli renvoie de petits reflets dans le verre ; la bille est noire elle aussi.,129,535,stone_copy_too_short,"Les éclats d’obsidienne sont noirs et opaques. Leur poli renvoie de petits reflets dans le verre ; la bille est noire elle aussi. En lithothérapie, l'obsidienne noire est associée à la protection et à l'ancrage. D'un éclat à l'autre, l'intensité de la couleur et la répartition des inclusions peuvent donc varier.",
10694376849755,Accessoire minéral pointe biterminée en cristal de roche - 30 mm,accessoire-mineral-pointe-biterminee-en-cristal-de-roche-30-mm,https://milaura.fr/products/accessoire-mineral-pointe-biterminee-en-cristal-de-roche-30-mm,10,DENY,Cristal de roche,cristal-de-roche,Clarté et énergie,Qualité A - Bonne,,"Le cristal de roche est blanc à translucide, avec des zones laiteuses et des inclusions. La taille à facettes forme deux pointes opposées.",138,467,stone_copy_too_short,"Le cristal de roche est blanc à translucide, avec des zones laiteuses et des inclusions. La taille à facettes forme deux pointes opposées. En lithothérapie, le cristal de roche est associé à la clarté et à l'énergie. D'une pointe à l'autre, l'intensité de la couleur et la répartition des inclusions peuvent donc varier.",
10694312657243,Coffret découverte 7 chakras,coffret-decouverte-7-chakras,https://milaura.fr/products/coffret-decouverte-7-chakras,1,DENY,Coffret en carton et sélection minérale,,,,,,0,463,special_mixed_mineral_copy,"Ce coffret réunit une sélection minérale multicolore présentée autour du thème des 7 chakras. Les teintes, les formes et les inclusions varient selon les éléments contenus dans chaque coffret. La composition exacte peut varier et la liste complète des pierres n'est pas précisée pour cette référence. Sa présentation repose donc sur le thème des 7 chakras, sans attribuer une symbolique précise à un minéral non identifié.",
10694315376987,Accessoire flacon roll-on en fluorine multicolore,accessoire-flacon-roll-on-en-fluorine-multicolore,https://milaura.fr/products/accessoire-flacon-roll-on-en-fluorine-multicolore,3,DENY,Fluorine multicolore,fluorine,Concentration et équilibre,Qualité A - Bonne,,"Les éclats mêlent des tons violets, verts et presque transparents. La bille pâle présente elle aussi des nuances discrètes, sans couleur parfaitement uniforme.",159,569,stone_copy_too_short,"Les éclats mêlent des tons violets, verts et presque transparents. La bille pâle présente elle aussi des nuances discrètes, sans couleur parfaitement uniforme. En lithothérapie, la fluorine multicolore est associée à la concentration et à l'équilibre.",
10694314066267,Accessoire flacon roll-on en aventurine verte,accessoire-flacon-roll-on-en-aventurine-verte,https://milaura.fr/products/accessoire-flacon-roll-on-en-aventurine-verte,1,DENY,Aventurine verte,aventurine-verte,Confiance et apaisement,Qualité A - Bonne,,"La transparence du verre laisse voir des éclats vert doux, avec quelques éléments plus clairs. La bille présente également une teinte vert pâle.",144,550,stone_copy_too_short,"La transparence du verre laisse voir des éclats vert doux, avec quelques éléments plus clairs. La bille présente également une teinte vert pâle. En lithothérapie, l'aventurine verte est associée à la confiance et à l'apaisement. D'un éclat à l'autre, l'intensité de la couleur et la répartition des inclusions peuvent donc varier.",
10694313869659,Accessoire minéral croissant gravé en sélénite - 70 à 80 mm,accessoire-mineral-croissant-grave-en-selenite-70-a-80-mm,https://milaura.fr/products/accessoire-mineral-croissant-grave-en-selenite-70-a-80-mm,2,DENY,Sélénite,selenite,Purification et apaisement,Qualité A+ - Élevée,,"La sélénite est ici blanche et légèrement translucide, avec de fines lignes visibles dans la pierre. La gravure souligne les lunes et les étoiles.",146,438,stone_copy_too_short,"La sélénite est ici blanche et légèrement translucide, avec de fines lignes visibles dans la pierre. La gravure souligne les lunes et les étoiles. En lithothérapie, la sélénite est associée à la purification et à l'apaisement. La couleur, les inclusions et le dessin minéral peuvent donc différer naturellement d'un exemplaire à l'autre.",
10694255837531,Bracelet baroque en quartz rose de Madagascar - 16 à 18 cm,bracelet-baroque-en-quartz-rose-de-madagascar-16-a-18-cm,https://milaura.fr/products/bracelet-baroque-en-quartz-rose-de-madagascar-16-a-18-cm,3,DENY,Quartz rose,quartz-rose,Amour et apaisement,Qualité A+ - Élevée,,"Le quartz rose de ce bracelet a une teinte rose pâle, laiteuse à légèrement translucide. Les éclats polis présentent des tailles et des contours irréguliers.",157,481,stone_copy_too_short,"Le quartz rose de ce bracelet a une teinte rose pâle, laiteuse à légèrement translucide. Les éclats polis présentent des tailles et des contours irréguliers. En lithothérapie, le quartz rose est associé à l'amour et à l'apaisement. D'un éclat à l'autre, l'intensité de la couleur et la répartition des inclusions peuvent donc varier.",
10694314754395,Accessoire flacon roll-on en cristal de roche,accessoire-flacon-roll-on-en-cristal-de-roche,https://milaura.fr/products/accessoire-flacon-roll-on-en-cristal-de-roche,5,DENY,Cristal de roche,cristal-de-roche,Clarté et énergie,Qualité A - Bonne,,Les éclats de cristal de roche sont blancs à translucides. La bille claire et le capuchon argenté donnent à ce modèle une présentation peu colorée.,147,553,stone_copy_too_short,"Les éclats de cristal de roche sont blancs à translucides. En lithothérapie, le cristal de roche est associé à la clarté et à l'énergie. D'un éclat à l'autre, l'intensité de la couleur et la répartition des inclusions peuvent donc varier. Ces différences naturelles font partie de l'aspect attendu de la pierre et ne constituent pas un défaut.",
10694305808731,Bracelet en quartz rose du Brésil 6 mm - 16 à 18 cm,bracelet-en-quartz-rose-du-bresil-6-mm-16-a-18-cm,https://milaura.fr/products/bracelet-en-quartz-rose-du-bresil-6-mm-16-a-18-cm,1,DENY,Quartz rose,quartz-rose,Amour et apaisement,Qualité A - Bonne,,"Le quartz rose du Brésil présente ici des perles rose pâle, laiteuses à translucides. Les inclusions et les nuances varient entre les exemplaires.",146,412,stone_copy_too_short,"Le quartz rose du Brésil présente ici des perles rose pâle, laiteuses à translucides. Les inclusions et les nuances varient entre les exemplaires. En lithothérapie, le quartz rose est associé à l'amour et à l'apaisement. D'une perle à l'autre, l'intensité de la couleur et la répartition des inclusions peuvent donc varier.",
10694252396891,Bracelet baroque en citrine chauffée - 16 à 18 cm,bracelet-baroque-en-citrine-chauffee-16-a-18-cm,https://milaura.fr/products/bracelet-baroque-en-citrine-chauffee-16-a-18-cm,4,DENY,Citrine chauffée,citrine,Énergie et confiance,Qualité A - Bonne,,"La citrine chauffée de ce bracelet présente des éclats transparents à légèrement nuageux, dans des tons jaune clair et miel. La mention chauffée est indiquée dans son nom.",171,472,stone_copy_too_short,"La citrine chauffée de ce bracelet présente des éclats transparents à légèrement nuageux, dans des tons jaune clair et miel. La mention chauffée est indiquée dans son nom. En lithothérapie, la citrine chauffée est associée à l'énergie et à la confiance.",
10694247350619,Bracelet baroque en aventurine verte - 16 à 18 cm,bracelet-baroque-en-aventurine-verte-16-a-18-cm,https://milaura.fr/products/bracelet-baroque-en-aventurine-verte-16-a-18-cm,3,DENY,Aventurine verte,aventurine-verte,Confiance et apaisement,Qualité A - Bonne,,"L'aventurine de ce bracelet présente un vert doux, parfois plus clair ou légèrement translucide. Les éclats polis gardent des contours de tailles différentes.",158,476,stone_copy_too_short,"L'aventurine de ce bracelet présente un vert doux, parfois plus clair ou légèrement translucide. Les éclats polis gardent des contours de tailles différentes. En lithothérapie, l'aventurine verte est associée à la confiance et à l'apaisement.",
10693995168091,Accessoire minéral Bouddha en cristal de roche - 40 mm,accessoire-mineral-bouddha-en-cristal-de-roche-40-mm,https://milaura.fr/products/accessoire-mineral-bouddha-en-cristal-de-roche-40-mm,1,DENY,Cristal de roche,cristal-de-roche,Clarté et énergie,Qualité A - Bonne,,"Le cristal de roche de cette figurine a un aspect blanc laiteux, avec des zones plus ou moins translucides. Il n'est pas uniformément transparent.",146,462,stone_copy_too_short,"Le cristal de roche de cette figurine a un aspect blanc laiteux, avec des zones plus ou moins translucides. Il n'est pas uniformément transparent. En lithothérapie, le cristal de roche est associé à la clarté et à l'énergie. La couleur, les inclusions et le dessin minéral peuvent donc différer naturellement d'un exemplaire à l'autre.",
10693966266715,Pendentif cœur en fluorine verte 15 mm,pendentif-coeur-en-fluorine-verte-15-mm,https://milaura.fr/products/pendentif-coeur-en-fluorine-verte-15-mm,9,DENY,Fluorine verte,fluorine,Concentration et équilibre,Qualité AA - Très élevée,,La fluorine de ce cœur présente un vert pâle nuageux et légèrement translucide. Ses inclusions peuvent varier entre les exemplaires.,132,450,stone_copy_too_short,"La fluorine de ce cœur présente un vert pâle nuageux et légèrement translucide. Ses inclusions peuvent varier entre les exemplaires. En lithothérapie, la fluorine verte est associée à la concentration et à l'équilibre. La couleur, les inclusions et le dessin minéral peuvent donc différer naturellement d'un exemplaire à l'autre.",
10693992972635,Distributeur de savon en quartz rose - 100 à 150 mm,distributeur-de-savon-en-quartz-rose-100-a-150-mm,https://milaura.fr/products/distributeur-de-savon-en-quartz-rose-100-a-150-mm,2,DENY,Quartz rose,quartz-rose,Amour et apaisement,Qualité A - Bonne,,"Le corps en quartz rose présente une teinte rose laiteuse et des zones plus claires. Les faces sont légèrement irrégulières, sans aspect de cristal hérissé.",156,460,stone_copy_too_short,"Le corps en quartz rose présente une teinte rose laiteuse et des zones plus claires. Les faces sont légèrement irrégulières, sans aspect de cristal hérissé. En lithothérapie, le quartz rose est associé à l'amour et à l'apaisement. La couleur, les inclusions et le dessin minéral peuvent donc différer naturellement d'un exemplaire à l'autre.",
10694000738651,Bracelet baroque en ambre jaune - 16 à 18 cm,bracelet-baroque-en-ambre-jaune-16-a-18-cm,https://milaura.fr/products/bracelet-baroque-en-ambre-jaune-16-a-18-cm,3,DENY,Ambre jaune,ambre,Énergie et chaleur,Qualité A+ - Élevée,,"L'ambre jaune est une résine fossile. Ce bracelet mêle des éclats transparents jaune miel et cognac à des éléments plus laiteux, avec des formes irrégulières.",158,443,stone_copy_too_short,"L'ambre jaune est une résine fossile. Ce bracelet mêle des éclats transparents jaune miel et cognac à des éléments plus laiteux, avec des formes irrégulières. En lithothérapie, l'ambre jaune est associé à l'énergie et à la chaleur. D'un éclat à l'autre, l'intensité de la couleur et la répartition des inclusions peuvent donc varier.",
10693997953371,Accessoire minéral Bouddha en jaspe rouge - 50 mm,accessoire-mineral-bouddha-en-jaspe-rouge-50-mm,https://milaura.fr/products/accessoire-mineral-bouddha-en-jaspe-rouge-50-mm,1,DENY,Jaspe rouge,jaspe-rouge,Ancrage et énergie,Qualité A - Bonne,,Le jaspe rouge de cette figurine est opaque. Des veines sombres et des variations rouge brique traversent la pierre ; leur dessin varie selon l'exemplaire.,155,462,stone_copy_too_short,"Le jaspe rouge de cette figurine est opaque. Des veines sombres et des variations rouge brique traversent la pierre ; leur dessin varie selon l'exemplaire. En lithothérapie, le jaspe rouge est associé à l'ancrage et à l'énergie. La couleur, les inclusions et le dessin minéral peuvent donc différer naturellement d'un exemplaire à l'autre.",
10693964497243,"Bracelet en aigue-marine 4,5 à 5,5 mm - 16 à 18 cm",bracelet-en-aigue-marine-4-5-a-5-5-mm-16-a-18-cm,https://milaura.fr/products/bracelet-en-aigue-marine-4-5-a-5-5-mm-16-a-18-cm,1,DENY,Aigue-marine,aigue-marine,Apaisement et expression,Qualité AA - Très élevée,,"Les perles d'aigue-marine alternent des zones bleu clair, translucides et nuageuses. Leur diamètre varie de 4,5 à 5,5 mm.",121,422,stone_copy_too_short,"Les perles d'aigue-marine alternent des zones bleu clair, translucides et nuageuses. Leur diamètre varie de 4,5 à 5,5 mm. En lithothérapie, l'aigue-marine est associée à l'apaisement et à l'expression. D'une perle à l'autre, l'intensité de la couleur et la répartition des inclusions peuvent donc varier.",
10693911839067,Savon à la framboise,savon-a-la-framboise,https://milaura.fr/products/savon-a-la-framboise,2,DENY,Savon parfum framboise,,,,,,0,425,taxonomy_review_non_stone_or_unidentified_inclusion,,
10693899485531,Collier en quartz rose 4 mm - 45 cm,collier-en-quartz-rose-4-mm-45-cm,https://milaura.fr/products/collier-en-quartz-rose-4-mm-45-cm,1,DENY,Quartz rose,quartz-rose,Amour et apaisement,Qualité A - Bonne,,"Le quartz rose présente ici une teinte rose pâle et laiteuse. Le petit diamètre de 4 mm forme un rang fin, sans pendentif.",122,412,stone_copy_too_short,"Le quartz rose présente une teinte rose pâle, laiteuse à légèrement translucide. Ses voiles, ses inclusions et l'intensité du rose varient naturellement d'une perle à l'autre. En lithothérapie, le quartz rose est associé à l'amour et à l'apaisement. Le diamètre de 4 mm compose une ligne fine tout en conservant les nuances propres à la pierre.",
10693894406491,Bracelet en obsidienne noire 10 mm - 16 à 18 cm,bracelet-en-obsidienne-noire-10-mm-16-a-18-cm,https://milaura.fr/products/bracelet-en-obsidienne-noire-10-mm-16-a-18-cm,1,DENY,Obsidienne noire,obsidienne-noire,Protection et ancrage,Qualité A - Bonne,,"L'obsidienne de ce bracelet présente un noir profond et une surface polie brillante. Les perles rondes de 10 mm composent un seul rang, sans élément métallique.",160,489,stone_copy_too_short,"L'obsidienne de ce bracelet présente un noir profond et une surface polie brillante. Les perles rondes de 10 mm composent un seul rang, sans élément métallique. En lithothérapie, l'obsidienne noire est associée à la protection et à l'ancrage.",
10693910004059,Savon à l'argan,savon-a-l-argan,https://milaura.fr/products/savon-a-l-argan,2,DENY,Savon parfum argan,,,,,,0,412,taxonomy_review_non_stone_or_unidentified_inclusion,,
10693962498395,Bracelet en cornaline 10 mm - 16 à 18 cm,bracelet-en-cornaline-10-mm-16-a-18-cm,https://milaura.fr/products/bracelet-en-cornaline-10-mm-16-a-18-cm,2,DENY,Cornaline,cornaline,Énergie et confiance,Qualité A - Bonne,,"La cornaline présente ici des nuances orangées et rouges, parfois traversées de bandes claires. Le poli fait ressortir ses différences de transparence.",151,409,stone_copy_too_short,"La cornaline présente ici des nuances orangées et rouges, parfois traversées de bandes claires. Le poli fait ressortir ses différences de transparence. En lithothérapie, la cornaline est associée à l'énergie et à la confiance. La couleur, les inclusions et le dessin minéral peuvent donc différer naturellement d'un exemplaire à l'autre.",
10693916918107,Savon à la verveine,savon-a-la-verveine,https://milaura.fr/products/savon-a-la-verveine,1,DENY,Savon parfum verveine,,,,,,0,419,taxonomy_review_non_stone_or_unidentified_inclusion,,
10693898174811,Bracelet en cornaline 14 mm - 16 à 18 cm,bracelet-en-cornaline-14-mm-16-a-18-cm,https://milaura.fr/products/bracelet-en-cornaline-14-mm-16-a-18-cm,1,DENY,Cornaline,cornaline,Énergie et confiance,Qualité A - Bonne,,La cornaline de ce bracelet mêle des tons orangés et rouges. Sa surface polie et ses zones translucides laissent apparaître les variations de couleur.,150,411,stone_copy_too_short,"La cornaline de ce bracelet mêle des tons orangés et rouges. Sa surface polie et ses zones translucides laissent apparaître les variations de couleur. En lithothérapie, la cornaline est associée à l'énergie et à la confiance. La couleur, les inclusions et le dessin minéral peuvent donc différer naturellement d'un exemplaire à l'autre.",
10693915738459,Savon à la rose,savon-a-la-rose,https://milaura.fr/products/savon-a-la-rose,1,DENY,Savon parfum rose,,,,,,0,419,taxonomy_review_non_stone_or_unidentified_inclusion,,
10693884969307,Bracelet en citrine chauffée 8 mm - 16 à 18 cm,bracelet-en-citrine-chauffee-8-mm-16-a-18-cm,https://milaura.fr/products/bracelet-en-citrine-chauffee-8-mm-16-a-18-cm,1,DENY,Citrine chauffée,citrine,Énergie et confiance,Qualité A - Bonne,,"Cette citrine chauffée présente un jaune clair, avec des nuances miel et des inclusions laiteuses visibles à travers les perles polies.",135,412,stone_copy_too_short,"Cette citrine chauffée présente un jaune clair, avec des nuances miel et des inclusions laiteuses visibles à travers les perles polies. En lithothérapie, la citrine chauffée est associée à l'énergie et à la confiance. D'une perle à l'autre, l'intensité de la couleur et la répartition des inclusions peuvent donc varier.",
10693913772379,Savon au miel,savon-au-miel,https://milaura.fr/products/savon-au-miel,3,DENY,Savon parfum miel,,,,,,0,431,taxonomy_review_non_stone_or_unidentified_inclusion,,
10693896765787,Bracelet en quartz rose 12 mm - 16 à 18 cm,bracelet-en-quartz-rose-12-mm-16-a-18-cm,https://milaura.fr/products/bracelet-en-quartz-rose-12-mm-16-a-18-cm,1,DENY,Quartz rose,quartz-rose,Amour et apaisement,Qualité A - Bonne,,"Le quartz rose de ce bracelet est rose pâle, légèrement translucide et laiteux. Le poli des perles laisse apparaître les nuances et les inclusions de la pierre.",160,463,stone_copy_too_short,"Le quartz rose de ce bracelet est rose pâle, légèrement translucide et laiteux. Le poli des perles laisse apparaître les nuances et les inclusions de la pierre. En lithothérapie, le quartz rose est associé à l'amour et à l'apaisement. D'une perle à l'autre, l'intensité de la couleur et la répartition des inclusions peuvent donc varier.",
10685849862491,Bracelet fin en hématite - Perles de 4 mm,bracelet-fin-en-hematite-perles-de-4-mm,https://milaura.fr/products/bracelet-fin-en-hematite-perles-de-4-mm,12,DENY,Hématite,hematite,Ancrage et stabilité,Qualité A - Bonne,,La pierre présente une palette gris acier miroir avec des variations naturelles d'une pièce à l'autre.,102,375,stone_copy_too_short,"L'hématite présente un gris anthracite aux reflets métalliques proches d'un effet miroir. L'intensité du brillant et les petites marques de surface varient naturellement d'une perle à l'autre. En lithothérapie, l'hématite est associée à l'ancrage et à la stabilité. Le diamètre de 4 mm forme une ligne fine tout en conservant l'éclat sombre de la pierre.",
10358580412763,Oeuf Agate,oeuf-agate,https://milaura.fr/products/oeuf-agate,0,DENY,Agate,agate,,AA+ (Excellente),,,0,674,stone_copy_missing,"L'agate de cet œuf associe des teintes terreuses, des strates sinueuses et de petites cavités cristallisées qui accrochent la lumière. Chaque pierre présente un dessin, des inclusions et une ouverture cristalline différents. En lithothérapie, l'agate est associée à l'ancrage et à l'apaisement.",
10357443330395,Bracelet Baroque Séraphinite,bracelet-seraphinite,https://milaura.fr/products/bracelet-seraphinite,0,DENY,Séraphinite,seraphinite,,AA (Très élevée),,,0,690,stone_copy_missing,"La séraphinite présente un vert profond traversé d'inclusions argentées aux formes plumeuses. La densité, l'orientation et l'éclat de ces motifs varient naturellement d'un fragment à l'autre. En lithothérapie, la séraphinite est associée à la douceur et à l'apaisement.",
10357688631643,Pendule Œil de Tigre,pendule-oeil-de-tigre,https://milaura.fr/products/pendule-oeil-de-tigre,0,DENY,Oeil De Tigre,oeil-de-tigre,,A (Bonne),,,0,643,stone_copy_missing,"L'œil de tigre se reconnaît à ses bandes brunes, miel et dorées qui semblent se déplacer lorsque la lumière change. Leur largeur, leur orientation et leur intensité varient naturellement selon la pierre. En lithothérapie, l'œil de tigre est associé à la protection et à la clarté.",
10357476295003,Bracelet Jade Néphrite 8mm,bracelet-jade-nephrite-3,https://milaura.fr/products/bracelet-jade-nephrite-3,0,DENY,Jade,jade,,AA (Très élevée),,,0,801,stone_copy_missing,"Le jade néphrite présente ici un vert profond, poli et ponctué de nuances plus claires ou plus sombres. La couleur, les veines et la transparence ne sont pas parfaitement uniformes d'une perle à l'autre. En lithothérapie, le jade est associé au calme et à l'équilibre.",
10357464793435,Bracelet Agate Indienne 8mm,bracelet-agate-indienne-1,https://milaura.fr/products/bracelet-agate-indienne-1,0,DENY,Agate,agate,,AB (Standard),,,0,658,stone_copy_missing,"L'agate indienne mêle des tons vert mousse, terre cuite, brun et beige dans des motifs irréguliers. La dominante de couleur, les veines et les inclusions changent naturellement d'une perle à l'autre. En lithothérapie, l'agate est associée à l'ancrage et à l'équilibre.",
10357454176603,Bracelet Jaspe Brun 6mm,bracelet-jaspe-brun,https://milaura.fr/products/bracelet-jaspe-brun,0,DENY,Jaspe,jaspe,,A (Bonne),,,0,608,stone_copy_missing,"Le jaspe brun présente des tons terreux allant du brun chocolat au sable foncé. Ses petites veines, ses inclusions et l'intensité de la couleur varient naturellement d'une perle à l'autre. En lithothérapie, le jaspe est associé à l'ancrage et à la stabilité.",
10357436711259,Bracelet Baroque Citrine,bracelet-citrine,https://milaura.fr/products/bracelet-citrine,0,DENY,Citrine,citrine,,AA (Très élevée),,,0,772,stone_copy_missing,"La citrine de ce bracelet baroque varie du jaune pâle aux nuances miel et ocre. Les éclats polis conservent des contours, des voiles internes et une transparence différents d'une pierre à l'autre. En lithothérapie, la citrine est associée à l'énergie et à la confiance.",
10357442707803,Bracelet Baroque Pierre de Soleil,bracelet-pierre-de-soleil,https://milaura.fr/products/bracelet-pierre-de-soleil,0,DENY,Pierre De Soleil,pierre-de-soleil,,AA (Très élevée),,,0,719,stone_copy_missing,"La pierre de soleil présente des tons pêche à orangés ponctués de fins reflets cuivrés ou dorés. L'intensité de ce scintillement naturel et la répartition des inclusions varient d'un éclat à l'autre. En lithothérapie, la pierre de soleil est associée à l'énergie et à la confiance.",
10488166220123,Bracelet Lapis Lazuli Onyx,bracelet-celyos-argente-lapis-lazuli-onyx-a,https://milaura.fr/products/bracelet-celyos-argente-lapis-lazuli-onyx-a,0,DENY,Lapis Lazuli,lapis-lazuli,"Clarté, Ancrage, Expression",A (Elevee),,"Le lapis lazuli ressemble à un fragment de ciel nocturne capturé dans la roche. Sa surface bleu outremer révèle de minuscules inclusions de pyrite dorée, accrochant la lumière à chaque mouvement. À ses côtés, l'onyx déploie une teinte noire absolue et dense. Ces deux pierres offrent un contraste tactile fascinant, passant de la douceur mystérieuse de l'une à la solidité rassurante de l'autre.",395,624,stone_copy_semantic_rewrite,"Le lapis-lazuli présente un bleu profond ponctué d'inclusions grises ou dorées, tandis que l'onyx offre un noir dense et uniforme. Les nuances du lapis-lazuli et la répartition de ses inclusions varient d'une pierre à l'autre. En lithothérapie, cette association est liée à la clarté, à l'ancrage et à l'expression. Le contraste entre le bleu minéral et le noir rend les deux pierres immédiatement lisibles.",
10357668577627,Pyramide Sélénite,pyramide-selenite,https://milaura.fr/products/pyramide-selenite,0,DENY,Sélénite,selenite,,A+ (Elevée),,,0,805,stone_copy_missing,"La sélénite se distingue par un blanc laiteux à translucide traversé de fines stries parallèles. Ses reflets soyeux, la transparence et les lignes internes varient selon l'orientation de la pierre. En lithothérapie, la sélénite est associée à la purification et à l'apaisement.",
10402430452059,Collier Jaspe Rouge,collier-boule-06mm-jaspe-rouge-a,https://milaura.fr/products/collier-boule-06mm-jaspe-rouge-a,0,DENY,Jaspe Rouge,jaspe-rouge,"Ancrage, Vitalité douce, Stabilité",A (Elevee),,"Lourd d'histoires anciennes, le jaspe rouge porte en lui la chaleur de la terre cuite. Sa couleur rouge brique, parfois traversée de fines veines sombres, évoque des paysages arides et solaires. Au toucher, cette pierre offre une texture dense et une température douce qui prend rapidement celle de votre peau. C'est une matière qui ne triche pas, brute et sincère, qui s'installe au creux de vos mains avec une familiarité étonnante. On l'aime pour cette solidité silencieuse qu'elle dégage.",492,605,stone_copy_semantic_rewrite,"Le jaspe rouge se reconnaît à ses tons rouge brique à brun rouge, parfois traversés de veines plus sombres. L'intensité de la couleur et le dessin minéral varient naturellement d'une pierre à l'autre. En lithothérapie, le jaspe rouge est associé à l'ancrage, à une vitalité douce et à la stabilité. Sa teinte dense et opaque donne à cette pierre une présence visuelle nette.",
10357486027099,Bracelet Aventurine Rouge 10mm,bracelet-aventurine-rouge-1,https://milaura.fr/products/bracelet-aventurine-rouge-1,0,DENY,Aventurine,aventurine,,A (Bonne),,,0,676,stone_copy_missing,"L'aventurine rouge présente des teintes rouge brique à brun rouge, parfois ponctuées de fins reflets minéraux. La couleur, les inclusions et l'intensité de l'éclat varient naturellement d'une perle à l'autre. En lithothérapie, l'aventurine est associée à l'ancrage et à la confiance.",
10357425176923,Boucles d'Oreilles Aventurine,boucles-doreilles-aventurine-1,https://milaura.fr/products/boucles-doreilles-aventurine-1,0,DENY,Aventurine,aventurine,,A (Bonne),,,0,524,stone_copy_missing,"L'aventurine verte présente un vert doux à plus soutenu, ponctué de fines inclusions légèrement scintillantes. Les facettes rendent visibles des différences de teinte et de transparence propres à chaque pierre. En lithothérapie, l'aventurine est associée au calme et à l'équilibre.",
10314320904539,Bougie Réconfort - Calcédoine bleue,bougie-reconfort-neroli-calcedoine,https://milaura.fr/products/bougie-reconfort-neroli-calcedoine,0,DENY,Calcédoine bleue,calcedoine-bleue,,Premium,,,0,276,stone_copy_missing,"La calcédoine bleue présente un bleu très pâle, laiteux et légèrement translucide. Ses voiles internes, la densité de la couleur et le contour de l'inclusion varient naturellement d'une pierre à l'autre. En lithothérapie, la calcédoine bleue est associée à l'apaisement et à la communication douce.",
10357707014491,Distributeur Savon Lapis-Lazuli,distributeur-savon-lapis-lazuli,https://milaura.fr/products/distributeur-savon-lapis-lazuli,0,DENY,Lapis Lazuli,lapis-lazuli,,B (Faible),,,0,670,stone_copy_missing,"Le lapis-lazuli présente un bleu profond, parfois ponctué de zones plus claires et de petites inclusions grises ou dorées. Le dessin, l'intensité du bleu et la répartition de ces inclusions varient naturellement sur la pierre. En lithothérapie, le lapis lazuli est associé à la clarté et à l'expression.",
10357641904475,Pendentif Chrysocolle,pendentif-chrysocolle,https://milaura.fr/products/pendentif-chrysocolle,0,DENY,Chrysocolle,chrysocolle,,AA (Très élevée),,,0,763,stone_copy_missing,"La chrysocolle mêle des plages bleu turquoise et vert minéral sur une matrice plus sombre. Les veines, la proportion de chaque couleur et le dessin de la pierre varient naturellement d'un exemplaire à l'autre. En lithothérapie, la chrysocolle est associée à l'apaisement et à la douceur.",
10314321101147,Bougie Sérénité - Améthyste,bougie-serenite-the-amethyste,https://milaura.fr/products/bougie-serenite-the-amethyste,0,DENY,Améthyste,amethyste,,Premium,,,0,286,stone_copy_missing,"L'améthyste présente des nuances allant du lilas clair au violet plus soutenu. Les éclats inclus dans la bougie conservent des contours irréguliers, des voiles et une transparence variables. En lithothérapie, l'améthyste est associée au calme et à la clarté.",
10358580805979,Pendule Sodalite,pendule-sodalite,https://milaura.fr/products/pendule-sodalite,0,DENY,Sodalite,sodalite,,A (Bonne),,,0,677,stone_copy_missing,"La sodalite présente un bleu denim à bleu profond traversé de veines blanches ou grises. La répartition des couleurs, les inclusions et le dessin visible sur chaque face varient naturellement d'un pendule à l'autre. En lithothérapie, la sodalite est associée au calme et à la clarté.",
10357488484699,Bracelet Amazonite 12mm,bracelet-amazonite-4,https://milaura.fr/products/bracelet-amazonite-4,0,DENY,Amazonite,amazonite,,A (Bonne),,,0,662,stone_copy_missing,"L'amazonite présente des nuances bleu turquoise à vert d'eau, parfois coupées de zones plus pâles. La couleur, les veines et la transparence varient naturellement d'une perle à l'autre. En lithothérapie, l'amazonite est associée à la confiance et à l'apaisement.",
10357635547483,Pendentif Aventurine,pendentif-aventurine,https://milaura.fr/products/pendentif-aventurine,0,DENY,Aventurine,aventurine,,A (Bonne),,,0,777,stone_copy_missing,"L'aventurine verte présente un vert doux ponctué de fines inclusions légèrement scintillantes. La teinte, la transparence et la répartition de ces petits reflets varient naturellement selon la pierre. En lithothérapie, l'aventurine est associée au calme et à l'équilibre.",
10357440446811,Bracelet Baroque Labradorite,bracelet-labradorite,https://milaura.fr/products/bracelet-labradorite,0,DENY,Labradorite,labradorite,,AA (Très élevée),,,0,645,stone_copy_missing,"La labradorite présente une base grise à verdâtre parcourue de reflets bleus ou verts selon l'orientation. Leur intensité, leur étendue et les inclusions visibles changent naturellement d'un éclat à l'autre. En lithothérapie, la labradorite est associée à la protection et à l'équilibre.",
10359677387099,Pendule Jaspe Rouge,pendule-jaspe-rouge,https://milaura.fr/products/pendule-jaspe-rouge,0,DENY,Jaspe,jaspe,,AB (Standard),,,0,802,stone_copy_missing,"Le jaspe rouge présente des tons rouge brique à brun rouge, parfois traversés de veines plus sombres. La couleur, les inclusions et le dessin de chaque face varient naturellement d'un pendule à l'autre. En lithothérapie, le jaspe est associé à l'ancrage et à la stabilité.",
10358581625179,Pendule Labradorite,pendule-labradorite,https://milaura.fr/products/pendule-labradorite,0,DENY,Labradorite,labradorite,,AB (Standard),,,0,747,stone_copy_missing,"La labradorite présente une base grise à verdâtre dont certains angles révèlent des reflets bleus ou verts. Leur intensité, leur étendue et les inclusions visibles varient naturellement selon la pierre. En lithothérapie, la labradorite est associée à la protection et à l'équilibre.",
10357462532443,Bracelet Agate Fleur de Cerisier 8mm,bracelet-agate-fleur-de-cerisier-1,https://milaura.fr/products/bracelet-agate-fleur-de-cerisier-1,0,DENY,Agate,agate,,A (Bonne),,,0,686,stone_copy_missing,"L'agate fleur de cerisier mêle rose poudré, pêche clair et blanc laiteux autour d'inclusions aux formes florales. La taille, la netteté et la répartition de ces motifs varient naturellement d'une perle à l'autre. En lithothérapie, l'agate est associée à la douceur et à l'équilibre.",
10357445525851,Bracelet Jaspe Mokaïte 4mm,bracelet-jaspe-mokaite,https://milaura.fr/products/bracelet-jaspe-mokaite,0,DENY,Jaspe,jaspe,,A (Bonne),,,0,542,stone_copy_missing,"Le jaspe mokaïte associe des tons crème, ocre, rouge brique et brun dans des motifs irréguliers. La dominante de couleur, les veines et la répartition des nuances changent naturellement d'une petite perle à l'autre. En lithothérapie, le jaspe est associé à l'ancrage et à l'équilibre.",
10357431206235,Boucles d'Oreilles Obsidienne Noire 8mm,boucles-doreilles-obsidienne-noire,https://milaura.fr/products/boucles-doreilles-obsidienne-noire,0,DENY,Obsidienne,obsidienne,,A (Bonne),,,0,651,stone_copy_missing,"L'obsidienne noire présente un noir profond et un éclat vitreux caractéristique. Sous le poli, l'intensité du brillant et de discrètes variations de surface diffèrent naturellement d'une pierre à l'autre. En lithothérapie, l'obsidienne est associée à l'ancrage et à la protection.",
10359677157723,Pendule Cornaline,pendule-cornaline,https://milaura.fr/products/pendule-cornaline,0,DENY,Cornaline,cornaline,,A (Bonne),,,0,770,stone_copy_missing,"La cornaline varie de l'orange clair au rouge plus profond, avec des zones parfois translucides ou laiteuses. La répartition des couleurs et des bandes internes change naturellement sur chaque pendule. En lithothérapie, la cornaline est associée à l'énergie et à la confiance.",
10357645771099,Pendentif Tourmaline Noire,pendentif-tourmaline-noire,https://milaura.fr/products/pendentif-tourmaline-noire,0,DENY,Tourmaline,tourmaline,,A (Bonne),,,0,475,stone_copy_missing,"La tourmaline noire présente un noir profond, parfois traversé de fines stries ou de petites zones minérales plus claires. Le relief, la brillance et les inclusions varient naturellement selon la pierre. En lithothérapie, la tourmaline est associée à la protection et à l'ancrage.",
10359674765659,Orgonite Pointe Lapis-Lazuli,pointe-lapis-lazuli,https://milaura.fr/products/pointe-lapis-lazuli,0,DENY,Lapis Lazuli,lapis-lazuli,,A (Bonne),,,0,870,stone_copy_missing,"Le lapis-lazuli inclus dans cette pointe présente un bleu profond ponctué de zones plus claires et de petites inclusions grises ou dorées. La taille des éclats et la répartition de ces nuances varient naturellement d'un exemplaire à l'autre. En lithothérapie, le lapis lazuli est associé à la clarté et à l'expression.",
10357682766171,Baguette Améthyste,bague-amethyste-1,https://milaura.fr/products/bague-amethyste-1,0,DENY,Améthyste,amethyste,,A (Bonne),,,0,559,stone_copy_missing,"L'améthyste présente des tons allant du lilas translucide au violet plus profond. Les voiles internes, les inclusions et l'intensité de la couleur varient naturellement le long de la baguette. En lithothérapie, l'améthyste est associée au calme et à la clarté.",
10357710029147,Distributeur Savon Quartz Rose,savon-quartz-rose,https://milaura.fr/products/savon-quartz-rose,0,DENY,Quartz Rose,quartz-rose,,A (Bonne),,,0,637,stone_copy_missing,"Le quartz rose présente une teinte rose pâle, laiteuse à légèrement translucide. Ses zones plus claires, ses voiles internes et les irrégularités de la pierre varient naturellement sur chaque distributeur. En lithothérapie, le quartz rose est associé à l'amour et à l'apaisement.",
10357660221787,Pendentif Rhodonite Serti Ovale,pendentif-rhodonite,https://milaura.fr/products/pendentif-rhodonite,0,DENY,Rhodonite,rhodonite,,A (Bonne),,,0,664,stone_copy_missing,"La rhodonite mêle une base rose à des veinures et inclusions noires ou brunes. La proportion des zones sombres, les nuances du rose et le dessin de la pierre varient naturellement d'un exemplaire à l'autre. En lithothérapie, la rhodonite est associée à l'amour et à l'équilibre.",
10357446017371,Bracelet Péridot 4mm,bracelet-peridot,https://milaura.fr/products/bracelet-peridot,0,DENY,Péridot,peridot,,A+ (Elevée),,,0,687,stone_copy_missing,"Le péridot présente un vert clair à vert olive, souvent translucide et lumineux sous le poli. Sur ces petites perles de 4 mm, les inclusions, l'intensité de la couleur et la transparence varient naturellement d'un élément à l'autre. En lithothérapie, le péridot est associé à l'énergie et à la confiance.",
10357681619291,Baguette Pyrite,bague-pyrite,https://milaura.fr/products/bague-pyrite,0,DENY,Pyrite,pyrite,,A (Bonne),,,0,674,stone_copy_missing,"La pyrite se reconnaît à ses reflets métalliques jaune laiton et à ses petites faces cristallines. Leur dessin, l'intensité de l'éclat et les marques naturelles de clivage varient le long de chaque baguette. En lithothérapie, la pyrite est associée à la confiance et à la persévérance.",
10402435727707,Pendentif Améthyste Argent Rhodié,pendentif-argent-925-rhodie-modele-10-amethyste-facettee-bre,https://milaura.fr/products/pendentif-argent-925-rhodie-modele-10-amethyste-facettee-bre,0,DENY,Améthyste,amethyste,"Apaisement, Sérénité, Clarté mentale",AAA (Exceptionnelle),,"Violette comme le ciel à la tombée du jour, l'améthyste du Brésil porte en elle une douceur enveloppante. Sa teinte oscille entre le lilas translucide et un violet profond, intensifiée ici par une taille facettée qui capte la moindre source de lumière. Lorsqu'on la tient au creux de la main, elle offre un contact frais et un poids rassurant. C'est une compagne silencieuse qui évoque le repos des grands espaces et invite l'esprit à ralentir son rythme.",455,717,stone_copy_semantic_rewrite,"L'améthyste présente des nuances allant du lilas translucide au violet plus profond. Ses zones claires, ses voiles internes et l'intensité de sa couleur varient naturellement selon la pierre. En lithothérapie, l'améthyste est associée à l'apaisement, à la sérénité et à la clarté mentale. La taille facettée rend ces différences de nuance visibles lorsque la lumière change.",
10357493203291,Collier Pyrite,collier-pyrite-1,https://milaura.fr/products/collier-pyrite-1,0,DENY,Pyrite,pyrite,,A (Bonne),,,0,788,stone_copy_missing,"La pyrite présente un éclat métallique jaune laiton, ponctué de petites faces cristallines qui réfléchissent la lumière. La texture, les marques de clivage et l'intensité des reflets varient naturellement selon les éléments. En lithothérapie, la pyrite est associée à la confiance et à la persévérance.",
10357482062171,Bracelet Opale Dendrite 8mm,bracelet-opale-dendrite,https://milaura.fr/products/bracelet-opale-dendrite,0,DENY,Opale,opale,,A (Bonne),,,0,752,stone_copy_missing,"L'opale dendritique présente une base blanche à laiteuse parcourue de fines inclusions sombres en forme de branches. La densité, la direction et la netteté de ces dessins varient naturellement d'une perle à l'autre. En lithothérapie, l'opale est associée à la clarté et à la stabilité.",
10357494055259,Collier Améthyste,collier-amethyste,https://milaura.fr/products/collier-amethyste,0,DENY,Améthyste,amethyste,,A (Bonne),,,0,643,stone_copy_missing,"L'améthyste présente des nuances allant du lilas translucide au violet plus soutenu. Les petites facettes révèlent des différences de couleur, de voile interne et de transparence propres à chaque pierre. En lithothérapie, l'améthyste est associée au calme et à la clarté.",
10359675158875,Orgonite Pointe Obsidienne,pointe-obsidienne,https://milaura.fr/products/pointe-obsidienne,0,DENY,Obsidienne,obsidienne,,A (Bonne),,,0,707,stone_copy_missing,"L'obsidienne noire incluse dans cette pointe présente un noir profond et un éclat vitreux. La taille des fragments, leur brillance et leurs discrètes variations de surface changent naturellement d'un exemplaire à l'autre. En lithothérapie, l'obsidienne est associée à l'ancrage et à la protection.",
10357453160795,Bracelet Jade Néphrite 6mm,bracelet-jade-nephrite,https://milaura.fr/products/bracelet-jade-nephrite,0,DENY,Jade,jade,,A (Bonne),,,0,634,stone_copy_missing,"Le jade néphrite présente un vert naturel, parfois plus clair ou plus sombre d'une zone à l'autre. Le poli laisse apparaître de fines variations de couleur, de veinage et de transparence entre les perles. En lithothérapie, le jade est associé au calme et à l'équilibre.",
10357705539931,Bol Sélénite Rond - 100 mm,bol-selenite-rond-100-mm,https://milaura.fr/products/bol-selenite-rond-100-mm,0,DENY,Sélénite,selenite,,A+ (Elevée),,,0,699,stone_copy_missing,"La sélénite se distingue par un blanc laiteux à translucide parcouru de fines stries. La surface du bol révèle des reflets soyeux, des lignes internes et de petites irrégularités propres à chaque pierre. En lithothérapie, la sélénite est associée à la purification et à l'apaisement.",
10357477704027,Bracelet Jaspe Rouge 8mm,bracelet-jaspe-rouge,https://milaura.fr/products/bracelet-jaspe-rouge,0,DENY,Jaspe,jaspe,,A (Bonne),,,0,808,stone_copy_missing,"Le jaspe rouge présente une teinte rouge brique à brun rouge, parfois ponctuée de veines plus sombres. L'intensité de la couleur, les inclusions et le dessin minéral varient naturellement d'une perle à l'autre. En lithothérapie, le jaspe est associé à l'ancrage et à la stabilité.",
10357457256795,Bracelet Péridot 6mm,bracelet-peridot-1,https://milaura.fr/products/bracelet-peridot-1,0,DENY,Péridot,peridot,,A (Bonne),,,0,813,stone_copy_missing,"Le péridot présente un vert clair à vert olive, souvent translucide et lumineux sous le poli. Sur ces perles de 6 mm, les inclusions, l'intensité de la couleur et la transparence varient naturellement d'un élément à l'autre. En lithothérapie, le péridot est associé à l'énergie et à la confiance.",
10357443854683,Bracelet Baroque Spinelle Noire,bracelet-spinelle-noire,https://milaura.fr/products/bracelet-spinelle-noire,0,DENY,Spinelle,spinelle,,A (Bonne),,,0,658,stone_copy_missing,"Le spinelle noir présente un noir dense dont le poli fait apparaître de petits reflets brillants. Les contours, la surface et l'intensité de l'éclat varient naturellement d'un fragment baroque à l'autre. En lithothérapie, le spinelle est associé à l'ancrage et à la stabilité.",
10357459878235,Bracelet Sélénite 6mm,bracelet-selenite,https://milaura.fr/products/bracelet-selenite,0,DENY,Sélénite,selenite,,A (Bonne),,,0,600,stone_copy_missing,"La sélénite présente un blanc laiteux à légèrement translucide, parcouru de fines lignes internes. Les reflets soyeux, la transparence et les petites irrégularités varient naturellement d'une perle à l'autre. En lithothérapie, la sélénite est associée à la purification et à l'apaisement.",
10488132108635,Bague Aigue-Marine Argent,bague-argent-925-modele-01-aigue-marine-bresil-aa-1-piece-lo,https://milaura.fr/products/bague-argent-925-modele-01-aigue-marine-bresil-aa-1-piece-lo,0,DENY,Aigue-Marine,aigue-marine,"Apaisement, Communication, Clarté mentale",AA (Tres elevee),,"Claire et lumineuse, l'aigue-marine du Brésil rappelle les eaux calmes d'un lagon sous le soleil du matin. Cette gemme d'un bleu d'eau délicat offre une transparence fascinante, parfois traversée de minuscules givres naturels qui témoignent de son authenticité. Sous les doigts, sa surface polie est d'une grande douceur. On aime la regarder jouer avec la lumière, révélant des nuances allant du bleu pastel à des teintes très légèrement cristallines. C'est une compagne silencieuse qui invite à la respiration et au lâcher-prise.",530,616,stone_copy_semantic_rewrite,"L'aigue-marine présente un bleu très pâle, parfois presque transparent, avec de fins voiles ou givres naturels. Sa transparence et l'intensité du bleu varient d'une pierre à l'autre. En lithothérapie, l'aigue-marine est associée à l'apaisement, à la communication et à la clarté mentale. Le poli et les facettes laissent la lumière traverser ses nuances sans les uniformiser.",
10690121400667,Bracelet baroque en améthyste du Brésil - 16 à 18 cm,bracelet-baroque-en-amethyste-du-bresil-16-a-18-cm,https://milaura.fr/products/bracelet-baroque-en-amethyste-du-bresil-16-a-18-cm,4,DENY,Améthyste du Brésil,amethyste,Calme et intuition,Qualité AA - Très élevée,,"Les éclats polis irréguliers mêlent violet clair, violet profond et zones translucides naturellement variables.",111,487,stone_copy_too_short,"Les éclats polis irréguliers mêlent violet clair, violet profond et zones translucides naturellement variables. En lithothérapie, l'améthyste du Brésil est associée au calme et à l'intuition. D'un éclat à l'autre, l'intensité de la couleur et la répartition des inclusions peuvent donc varier.",
10690121171291,Bracelet baroque 7 chakras avec améthyste,bracelet-baroque-7-chakras-avec-amethyste,https://milaura.fr/products/bracelet-baroque-7-chakras-avec-amethyste,9,DENY,Améthyste et association minérale 7 chakras,amethyste,Équilibre et ancrage,Qualité AB - Standard,,"Les éclats polis irréguliers, dont une séquence d'améthyste violette visible, suivent une progression multicolore du violet au bleu, au vert, au jaune, à l'orange, au rouge, au transparent et au noir. Le fournisseur ne détaille pas la composition pierre par pierre.",265,550,stone_copy_semantic_rewrite,"L'améthyste visible dans cette association présente des éclats violets polis aux contours irréguliers. D'autres éléments bleus, verts, jaunes, orange, rouges, transparents et noirs complètent la progression, mais leur composition n'est pas précisée pierre par pierre. En lithothérapie, l'ensemble est associé à l'équilibre et à l'ancrage. Seule l'améthyste est donc nommée avec précision sur cette fiche.",
10690121990491,Bracelet baroque en apatite bleue - 16 à 18 cm,bracelet-baroque-en-apatite-bleue-16-a-18-cm,https://milaura.fr/products/bracelet-baroque-en-apatite-bleue-16-a-18-cm,10,DENY,Apatite bleue,apatite-bleue,Confiance et expression,Qualité AA - Très élevée,,"Les éclats polis irréguliers mêlent bleu lagon, bleu vert translucide et inclusions naturelles plus sombres.",108,471,stone_copy_too_short,"Les éclats polis irréguliers mêlent bleu lagon, bleu vert translucide et inclusions naturelles plus sombres. En lithothérapie, l'apatite bleue est associée à la confiance et à l'expression. D'un éclat à l'autre, l'intensité de la couleur et la répartition des inclusions peuvent donc varier.",
10690122514779,Bracelet en calcédoine bleue de Namibie - Perles de 6 mm,bracelet-en-calcedoine-bleue-de-namibie-perles-de-6-mm,https://milaura.fr/products/bracelet-en-calcedoine-bleue-de-namibie-perles-de-6-mm,1,DENY,Calcédoine bleue de Namibie,calcedoine-bleue,Apaisement et communication douce,Qualité AA - Très élevée,,"Les perles rondes polies présentent un bleu très pâle, laiteux et légèrement translucide.",89,454,stone_copy_too_short,"Les perles rondes polies présentent un bleu très pâle, laiteux et légèrement translucide. En lithothérapie, la calcédoine bleue de Namibie est associée à l'apaisement et à la communication douce. D'une perle à l'autre, l'intensité de la couleur et la répartition des inclusions peuvent donc varier.",
10690122875227,Bracelet en cornaline - Perles de 6 mm,bracelet-en-cornaline-perles-de-6-mm,https://milaura.fr/products/bracelet-en-cornaline-perles-de-6-mm,1,DENY,Cornaline,cornaline,Énergie et confiance,Qualité A - Bonne,,"Les perles rondes polies alternent orange clair, miel, rouge orangé et zones translucides naturellement variables.",114,477,stone_copy_too_short,"Les perles rondes polies alternent orange clair, miel, rouge orangé et zones translucides naturellement variables. En lithothérapie, la cornaline est associée à l'énergie et à la confiance. D'une perle à l'autre, l'intensité de la couleur et la répartition des inclusions peuvent donc varier.",
10690123563355,Bracelet en malachite - Perles de 6 mm,bracelet-en-malachite-perles-de-6-mm,https://milaura.fr/products/bracelet-en-malachite-perles-de-6-mm,1,DENY,Malachite,malachite,Protection et transformation,Qualité A - Bonne,,Les perles rondes polies présentent un vert profond parcouru de bandes et de marbrures vertes plus claires.,107,473,stone_copy_too_short,"Les perles rondes polies présentent un vert profond parcouru de bandes et de marbrures vertes plus claires. En lithothérapie, la malachite est associée à la protection et à la transformation. D'une perle à l'autre, l'intensité de la couleur et la répartition des inclusions peuvent donc varier.",
10690123759963,Bracelet en pierre de lune multicolore - Perles de 6 mm,bracelet-en-pierre-de-lune-multicolore-perles-de-6-mm,https://milaura.fr/products/bracelet-en-pierre-de-lune-multicolore-perles-de-6-mm,1,DENY,Pierre de lune multicolore,pierre-de-lune,Douceur et équilibre,Qualité A+ - Élevée,,"Les perles rondes polies mêlent crème, pêche, rose poudré et brun doux dans des nuances laiteuses naturelles.",109,464,stone_copy_too_short,"Les perles rondes polies mêlent crème, pêche, rose poudré et brun doux dans des nuances laiteuses naturelles. En lithothérapie, la pierre de lune multicolore est associée à la douceur et à l'équilibre. D'une perle à l'autre, l'intensité de la couleur et la répartition des inclusions peuvent donc varier.",
10690123923803,Bracelet en agate bandée - Perles de 8 mm,bracelet-en-agate-bandee-perles-de-8-mm,https://milaura.fr/products/bracelet-en-agate-bandee-perles-de-8-mm,1,DENY,Agate bandée,agate,Ancrage et stabilité,Qualité A - Bonne,,"Les perles rondes polies présentent un orange rouge translucide, traversé de bandes plus claires et de lignes internes irrégulières.",132,470,stone_copy_too_short,"Les perles rondes polies présentent un orange rouge translucide, traversé de bandes plus claires et de lignes internes irrégulières. En lithothérapie, l'agate bandée est associée à l'ancrage et à la stabilité. D'une perle à l'autre, l'intensité de la couleur et la répartition des inclusions peuvent donc varier.",
10690124251483,Bracelet en aigue-marine chauffée du Brésil - Perles de 8 mm,bracelet-en-aigue-marine-chauffee-du-bresil-perles-de-8-mm,https://milaura.fr/products/bracelet-en-aigue-marine-chauffee-du-bresil-perles-de-8-mm,1,DENY,Aigue-marine chauffée du Brésil,aigue-marine,Calme et confiance,Qualité A - Bonne,,"Les perles rondes polies présentent un bleu ciel laiteux, légèrement translucide, avec de fines inclusions naturelles.",118,454,stone_copy_too_short,"Les perles rondes polies présentent un bleu ciel laiteux, légèrement translucide, avec de fines inclusions naturelles. En lithothérapie, l'aigue-marine chauffée du Brésil est associée au calme et à la confiance. D'une perle à l'autre, l'intensité de la couleur et la répartition des inclusions peuvent donc varier.",
10690123399515,Bracelet en howlite blanche - Perles de 6 mm,bracelet-en-howlite-blanche-perles-de-6-mm,https://milaura.fr/products/bracelet-en-howlite-blanche-perles-de-6-mm,1,DENY,Howlite blanche,howlite,Calme et apaisement,Qualité A - Bonne,,"Les perles rondes polies sont blanches, traversées de fines veines grises irrégulières.",87,461,stone_copy_too_short,"Les perles rondes polies sont blanches, traversées de fines veines grises irrégulières. En lithothérapie, la howlite blanche est associée au calme et à l'apaisement. D'une perle à l'autre, l'intensité de la couleur et la répartition des inclusions peuvent donc varier.",
10685905011035,Bracelet Unys argenté en onyx et œil de taureau,bracelet-unys-argente-en-onyx-et-oeil-de-taureau,https://milaura.fr/products/bracelet-unys-argente-en-onyx-et-oeil-de-taureau,1,DENY,Onyx,onyx,Protection et ancrage,Qualité A - Bonne,,"La pierre présente une palette noir mat, rouge brun chatoyant et acier argenté avec des variations naturelles d'une pièce à l'autre.",132,468,stone_copy_too_short,"La pierre présente une palette noir mat, rouge brun chatoyant avec des variations naturelles d'une pièce à l'autre. En lithothérapie, l'onyx est associé à la protection et à l'ancrage. La couleur, les inclusions et le dessin minéral peuvent donc différer naturellement d'un exemplaire à l'autre.",
10685831545179,Bracelet baroque en fluorine multicolore - 16 à 18 cm,bracelet-baroque-en-fluorine-multicolore-16-a-18-cm,https://milaura.fr/products/bracelet-baroque-en-fluorine-multicolore-16-a-18-cm,9,DENY,Fluorine multicolore,fluorine,Intuition et clarté,Qualité AA - Très élevée,,"La pierre présente une palette vert pâle, violet et translucide avec des variations naturelles d'une pièce à l'autre.",117,380,stone_copy_too_short,"La pierre présente une palette vert pâle, violet et translucide avec des variations naturelles d'une pièce à l'autre. En lithothérapie, la fluorine multicolore est associée à l'intuition et à la clarté. La couleur, les inclusions et le dessin minéral peuvent donc différer naturellement d'un exemplaire à l'autre.",
10685841965403,Bracelet baroque en hématite - 16 à 18 cm,bracelet-baroque-en-hematite-16-a-18-cm,https://milaura.fr/products/bracelet-baroque-en-hematite-16-a-18-cm,9,DENY,Hématite,hematite,Ancrage et stabilité,Qualité A - Bonne,,La pierre présente une palette gris acier très brillant avec des variations naturelles d'une pièce à l'autre.,109,379,stone_copy_too_short,"La pierre présente une palette gris acier très brillant avec des variations naturelles d'une pièce à l'autre. En lithothérapie, l'hématite est associée à l'ancrage et à la stabilité. La couleur, les inclusions et le dessin minéral peuvent donc différer naturellement d'un exemplaire à l'autre.",
10685857726811,Bracelet en amazonite des États-Unis - Perles de 6 mm,bracelet-en-amazonite-des-etats-unis-perles-de-6-mm,https://milaura.fr/products/bracelet-en-amazonite-des-etats-unis-perles-de-6-mm,1,DENY,Amazonite,amazonite,Confiance et apaisement,Qualité AA - Très élevée,États-Unis,La pierre présente une palette bleu turquoise à vert d'eau avec des variations naturelles d'une pièce à l'autre.,112,387,stone_copy_too_short,"La pierre présente une palette bleu turquoise à vert d'eau avec des variations naturelles d'une pièce à l'autre. En lithothérapie, l'amazonite est associée à la confiance et à l'apaisement. D'une perle à l'autre, l'intensité de la couleur et la répartition des inclusions peuvent donc varier.",
10685865787739,Bracelet en hématite - Perles de 6 mm,bracelet-en-hematite-perles-de-6-mm,https://milaura.fr/products/bracelet-en-hematite-perles-de-6-mm,6,DENY,Hématite,hematite,Ancrage et stabilité,Qualité A - Bonne,,La pierre présente une palette gris acier miroir avec des variations naturelles d'une pièce à l'autre.,102,367,stone_copy_too_short,"L'hématite présente un gris sombre aux reflets métalliques francs. L'intensité du brillant, les nuances anthracite et les petites marques naturelles varient d'une perle à l'autre. En lithothérapie, l'hématite est associée à l'ancrage et à la stabilité. Le diamètre de 6 mm rend son effet miroir particulièrement visible.",
10685873619291,Collier en howlite blanche 8 mm - 45 cm,collier-en-howlite-blanche-8-mm-45-cm,https://milaura.fr/products/collier-en-howlite-blanche-8-mm-45-cm,1,DENY,Howlite blanche,howlite,Calme et sommeil,Qualité A - Bonne,,La pierre présente une palette blanc mat veiné de gris avec des variations naturelles d'une pièce à l'autre.,108,381,stone_copy_too_short,"La pierre présente une palette blanc mat veiné de gris avec des variations naturelles d'une pièce à l'autre. En lithothérapie, la howlite blanche est associée au calme et au sommeil. La couleur, les inclusions et le dessin minéral peuvent donc différer naturellement d'un exemplaire à l'autre.",
10685881123163,Boucles d'oreilles puces en améthyste - 8 mm,boucles-d-oreilles-puces-en-amethyste-8-mm,https://milaura.fr/products/boucles-d-oreilles-puces-en-amethyste-8-mm,2,DENY,Améthyste,amethyste,Intuition et calme,Qualité A - Bonne,Brésil,La pierre présente une palette violet translucide et acier argenté avec des variations naturelles d'une pièce à l'autre.,120,420,stone_copy_too_short,"La pierre présente une palette violet translucide avec des variations naturelles d'une pièce à l'autre. En lithothérapie, l'améthyste est associée à l'intuition et au calme. La couleur, les inclusions et le dessin minéral peuvent donc différer naturellement d'un exemplaire à l'autre.",
10685889380699,Boucles d'oreilles puces en cornaline - 10 mm,boucles-d-oreilles-puces-en-cornaline-10-mm,https://milaura.fr/products/boucles-d-oreilles-puces-en-cornaline-10-mm,3,DENY,Cornaline,cornaline,Énergie et créativité,Qualité A - Bonne,,La pierre présente une palette orange rouge translucide et acier argenté avec des variations naturelles d'une pièce à l'autre.,126,430,stone_copy_too_short,"La pierre présente une palette orange rouge translucide avec des variations naturelles d'une pièce à l'autre. En lithothérapie, la cornaline est associée à l'énergie et à la créativité. La couleur, les inclusions et le dessin minéral peuvent donc différer naturellement d'un exemplaire à l'autre.",
10685896753499,Boucles d'oreilles puces en obsidienne noire - 10 mm,boucles-d-oreilles-puces-en-obsidienne-noire-10-mm,https://milaura.fr/products/boucles-d-oreilles-puces-en-obsidienne-noire-10-mm,2,DENY,Obsidienne noire,obsidienne-noire,Protection et ancrage,Qualité A - Bonne,,La pierre présente une palette noir brillant et acier argenté avec des variations naturelles d'une pièce à l'autre.,115,412,stone_copy_too_short,"La pierre présente une palette noir brillant avec des variations naturelles d'une pièce à l'autre. En lithothérapie, l'obsidienne noire est associée à la protection et à l'ancrage. La couleur, les inclusions et le dessin minéral peuvent donc différer naturellement d'un exemplaire à l'autre.",
10684110340443,Accessoire porte-clés goutte en jade de Chine,accessoire-porte-cles-goutte-en-jade-de-chine,https://milaura.fr/products/accessoire-porte-cles-goutte-en-jade-de-chine,4,DENY,Jade de Chine,jade,Douceur et équilibre,Qualité A - Bonne,,"La goutte polie varie du blanc laiteux au vert jaune pâle, avec de discrètes nuances propres à chaque pierre.",109,415,stone_copy_too_short,"La goutte polie varie du blanc laiteux au vert jaune pâle, avec de discrètes nuances propres à chaque pierre. En lithothérapie, le jade de Chine est associé à la douceur et à l'équilibre. La couleur, les inclusions et le dessin minéral peuvent donc différer naturellement d'un exemplaire à l'autre.",
10684105851227,Pendentif cœur en jade de Chine 15 mm,pendentif-coeur-en-jade-de-chine-15-mm,https://milaura.fr/products/pendentif-coeur-en-jade-de-chine-15-mm,9,DENY,Jade de Chine,jade,Douceur et équilibre,Qualité A - Bonne,,"Le petit cœur poli varie du blanc crème au vert très pâle, avec de discrètes nuances naturelles propres à chaque pierre.",120,517,stone_copy_too_short,"Le petit cœur poli varie du blanc crème au vert très pâle, avec de discrètes nuances naturelles propres à chaque pierre. En lithothérapie, le jade de Chine est associé à la douceur et à l'équilibre. La couleur, les inclusions et le dessin minéral peuvent donc différer naturellement d'un exemplaire à l'autre.",
10684114436443,Bracelet Kahel argenté en onyx et œil de tigre,bracelet-kahel-argente-en-onyx-et-oeil-de-tigre,https://milaura.fr/products/bracelet-kahel-argente-en-onyx-et-oeil-de-tigre,1,DENY,Onyx et œil de tigre,onyx,Protection et confiance,Qualité A - Bonne,,"Les perles rondes polies alternent noir brillant et brun doré chatoyant, avec des bandes naturelles propres à l'œil de tigre.",125,522,stone_copy_too_short,"L'onyx présente un noir profond et poli, tandis que l'œil de tigre révèle des bandes brunes, miel et dorées. L'orientation et l'intensité des reflets de l'œil de tigre varient naturellement d'une perle à l'autre. En lithothérapie, cette association est liée à la protection et à la confiance. Le contraste entre le noir uniforme et les bandes chatoyantes permet de distinguer facilement les deux pierres.",
10684101820763,Collier en œil de taureau 8 mm - 45 cm,collier-en-oeil-de-taureau-8-mm-45-cm,https://milaura.fr/products/collier-en-oeil-de-taureau-8-mm-45-cm,1,DENY,Œil de taureau,oeil-de-taureau,Énergie et protection,Qualité A - Bonne,,"Les perles rondes polies alternent rouge brun, bordeaux sombre et reflets chatoyants naturellement variables.",109,506,stone_copy_too_short,"Les perles rondes polies alternent rouge brun, bordeaux sombre et reflets chatoyants naturellement variables. En lithothérapie, l'œil de taureau est associé à l'énergie et à la protection. D'une perle à l'autre, l'intensité de la couleur et la répartition des inclusions peuvent donc varier.",
10684093301083,Bracelet baroque en jaspe rouge - 16 à 18 cm,bracelet-baroque-en-jaspe-rouge-16-a-18-cm,https://milaura.fr/products/bracelet-baroque-en-jaspe-rouge-16-a-18-cm,10,DENY,Jaspe rouge,jaspe-rouge,Énergie et ancrage,Qualité A - Bonne,,"Les éclats polis présentent des rouges brique à rouges profonds, avec des veines grises, brunes ou crème naturellement variables.",129,474,stone_copy_too_short,"Les éclats polis présentent des rouges brique à rouges profonds, avec des veines grises, brunes ou crème naturellement variables. En lithothérapie, le jaspe rouge est associé à l'énergie et à l'ancrage. D'un éclat à l'autre, l'intensité de la couleur et la répartition des inclusions peuvent donc varier.",
10684089336155,Pendule hexagonal en tourmaline noire,pendule-hexagonal-en-tourmaline-noire,https://milaura.fr/products/pendule-hexagonal-en-tourmaline-noire,2,DENY,Tourmaline noire,tourmaline,Protection et ancrage,Qualité A - Bonne,,"La pointe facettée présente un noir profond, parfois traversé de zones minérales claires propres à chaque exemplaire.",117,829,stone_copy_too_short,"La pointe facettée présente un noir profond, parfois traversé de zones minérales claires propres à chaque exemplaire. En lithothérapie, la tourmaline noire est associée à la protection et à l'ancrage. D'une pointe à l'autre, l'intensité de la couleur et la répartition des inclusions peuvent donc varier.",
10684085109083,Pendule hexagonal en pierre de soleil,pendule-hexagonal-en-pierre-de-soleil,https://milaura.fr/products/pendule-hexagonal-en-pierre-de-soleil,3,DENY,Pierre de soleil,pierre-de-soleil,Énergie et confiance,Qualité A - Bonne,,La pointe facettée présente un orange pêche semi-opaque ponctué d'inclusions brunes et de variations naturelles.,112,828,stone_copy_too_short,"La pointe facettée présente un orange pêche semi-opaque ponctué d'inclusions brunes et de variations naturelles. En lithothérapie, la pierre de soleil est associée à l'énergie et à la confiance. D'une pointe à l'autre, l'intensité de la couleur et la répartition des inclusions peuvent donc varier.",
10684076949851,Bracelet baroque en aigue-marine du Brésil AA - 16 à 18 cm,bracelet-baroque-en-aigue-marine-du-bresil-aa-16-a-18-cm,https://milaura.fr/products/bracelet-baroque-en-aigue-marine-du-bresil-aa-16-a-18-cm,7,DENY,Aigue-marine du Brésil,aigue-marine,Calme et expression,Qualité AA - Très élevée,,"Les éclats polis mêlent bleu ciel translucide et blanc laiteux, avec des inclusions naturelles propres à chaque pierre.",119,495,stone_copy_too_short,"Les éclats polis mêlent bleu ciel translucide et blanc laiteux, avec des inclusions naturelles propres à chaque pierre. En lithothérapie, l'aigue-marine du Brésil est associée au calme et à l'expression. D'un éclat à l'autre, l'intensité de la couleur et la répartition des inclusions peuvent donc varier.",
10684055978331,Boucles d'oreilles Auren dorées en agate indienne 4 mm,boucles-d-oreilles-auren-dorees-en-agate-indienne-4-mm,https://milaura.fr/products/boucles-d-oreilles-auren-dorees-en-agate-indienne-4-mm,1,DENY,Agate indienne,agate,Équilibre et confiance,Qualité A - Bonne,,"Les petites perles rondes mêlent vert mousse, vert clair, rose, brun et orange dans des nuances propres à l'agate indienne.",123,539,stone_copy_too_short,"Les petites perles rondes mêlent vert mousse, vert clair, rose, brun et orange dans des nuances propres à l'agate indienne. En lithothérapie, l'agate indienne est associée à l'équilibre et à la confiance. D'une perle à l'autre, l'intensité de la couleur et la répartition des inclusions peuvent donc varier.",
10357637546331,Pendentif cœur en sodalite 15 mm,pendentif-sodalite,https://milaura.fr/products/pendentif-sodalite,9,DENY,Sodalite,sodalite,"Clarté, calme et expression sereine",Qualité A - Bonne,Brésil,"La pierre présente des zones bleu denim et bleu profond, traversées de veines blanches ou grises. Chaque cœur possède un dessin différent.",138,423,stone_copy_too_short,"La pierre présente des zones bleu denim et bleu profond, traversées de veines blanches ou grises. Chaque cœur possède un dessin différent. En lithothérapie, la sodalite est associée à la clarté, au calme et à l'expression sereine. La couleur, les inclusions et le dessin minéral peuvent donc différer naturellement d'un exemplaire à l'autre.",
10680535482715,Pendule hexagonal en pierre de lune rose d'Inde,pendule-hexagonal-en-pierre-de-lune-rose-d-inde,https://milaura.fr/products/pendule-hexagonal-en-pierre-de-lune-rose-d-inde,3,DENY,Pierre de lune rose,pierre-de-lune,Intuition et douceur,Qualité A - Bonne,Inde,"La pierre facettée présente des nuances ivoire, beige clair et rose pâle, naturellement variables.",98,425,stone_copy_too_short,"La pierre facettée présente des nuances ivoire, beige clair et rose pâle, naturellement variables. En lithothérapie, la pierre de lune rose est associée à l'intuition et à la douceur. La couleur, les inclusions et le dessin minéral peuvent donc différer naturellement d'un exemplaire à l'autre.",
10680533909851,Pendule conique en quartz rose du Brésil,pendule-conique-en-quartz-rose-du-bresil,https://milaura.fr/products/pendule-conique-en-quartz-rose-du-bresil,3,DENY,Quartz rose du Brésil,quartz-rose,Douceur et apaisement,Qualité A - Bonne,Brésil,"La pierre polie présente un rose pâle translucide à laiteux, avec des variations naturelles d'une pièce à l'autre.",114,462,stone_copy_too_short,"La pierre polie présente un rose pâle translucide à laiteux, avec des variations naturelles d'une pièce à l'autre. En lithothérapie, le quartz rose du Brésil est associé à la douceur et à l'apaisement. La couleur, les inclusions et le dessin minéral peuvent donc différer naturellement d'un exemplaire à l'autre.",
10680532074843,"Collier en jaspe rouge 6 mm, 45 cm",collier-en-jaspe-rouge-6-mm-45-cm,https://milaura.fr/products/collier-en-jaspe-rouge-6-mm-45-cm,2,DENY,Jaspe rouge,jaspe-rouge,Énergie et ancrage,Qualité A - Bonne,,"Les perles rondes polies présentent des rouges brique à brun rouge, avec des nuances minérales naturellement irrégulières.",122,412,stone_copy_too_short,"Les perles rondes polies présentent des rouges brique à brun rouge, avec des nuances minérales naturellement irrégulières. En lithothérapie, le jaspe rouge est associé à l'énergie et à l'ancrage. D'une perle à l'autre, l'intensité de la couleur et la répartition des inclusions peuvent donc varier.",
10680530403675,Chapelet en améthyste 6 mm,chapelet-en-amethyste-6-mm,https://milaura.fr/products/chapelet-en-amethyste-6-mm,1,DENY,Améthyste,amethyste,Calme et intuition,Qualité A - Bonne,,"Les perles rondes polies présentent des violets naturellement nuancés, reliés par une chaîne en acier inoxydable.",113,464,stone_copy_too_short,"L'améthyste présente des violets clairs à soutenus, avec une transparence naturellement irrégulière. Les voiles et les différences de nuance varient d'une perle à l'autre. En lithothérapie, l'améthyste est associée au calme et à l'intuition. Le diamètre de 6 mm permet de lire ces variations tout au long du rang de pierres.",
10680528634203,Bracelet Légende en œil de tigre et onyx,bracelet-legende-en-oeil-de-tigre-et-onyx,https://milaura.fr/products/bracelet-legende-en-oeil-de-tigre-et-onyx,1,DENY,Œil de tigre et onyx,oeil-de-tigre,Protection et confiance,Qualité A - Bonne,,"Le montage alterne brun doré chatoyant, noir poli et détails métalliques argentés.",82,400,stone_copy_too_short,"L'œil de tigre présente des bandes brunes, miel et dorées dont l'éclat change avec la lumière. L'onyx apporte un noir profond et plus uniforme, qui met en évidence les reflets de l'œil de tigre. En lithothérapie, cette association est liée à la protection et à la confiance. Les bandes et les nuances brunes varient naturellement d'une pierre à l'autre.",
10680526471515,"Bracelet Légende en labradorite, œil de tigre et hématite",bracelet-legende-en-labradorite-oeil-de-tigre-et-hematite,https://milaura.fr/products/bracelet-legende-en-labradorite-oeil-de-tigre-et-hematite,1,DENY,"Labradorite, œil de tigre et hématite",labradorite,Protection et ancrage,Qualité A - Bonne,,"Le montage associe gris nuancé, brun doré chatoyant et reflets métalliques sombres.",83,457,stone_copy_too_short,"La labradorite présente une base grise nuancée, l'œil de tigre des bandes brunes et dorées, et l'hématite un gris sombre aux reflets métalliques. L'intensité des reflets et la répartition des nuances varient selon les pierres. En lithothérapie, cette association est liée à la protection et à l'ancrage. Les trois minéraux restent visuellement distincts par leur couleur et leur manière de réfléchir la lumière.",
10680526242139,Bracelet Kahel en onyx et œil de taureau,bracelet-kahel-en-onyx-et-oeil-de-taureau,https://milaura.fr/products/bracelet-kahel-en-onyx-et-oeil-de-taureau,2,DENY,Onyx et œil de taureau,onyx,Énergie et protection,Qualité A - Bonne,,"Les perles polies mêlent noir profond, rouge brun et bandes chatoyantes naturellement variables.",96,437,stone_copy_too_short,"L'onyx apporte un noir profond et brillant, tandis que l'œil de taureau présente des nuances rouge brun à bordeaux parcourues de bandes chatoyantes. La largeur et l'intensité de ces bandes varient naturellement selon les pierres. En lithothérapie, cette association est liée à l'énergie et à la protection. Les deux minéraux se distinguent par le contraste entre le noir et les reflets rouges.",
10680526012763,Bracelet Kahel en onyx et hématite,bracelet-kahel-en-onyx-et-hematite,https://milaura.fr/products/bracelet-kahel-en-onyx-et-hematite,2,DENY,Onyx et hématite,onyx,Ancrage et stabilité,Qualité A - Bonne,,Les perles polies associent le noir brillant de l'onyx au gris métallique réfléchissant de l'hématite.,102,442,stone_copy_too_short,"Les perles polies associent le noir brillant de l'onyx au gris métallique réfléchissant de l'hématite. En lithothérapie, cette association est liée à l'ancrage et à la stabilité. D'une perle à l'autre, l'intensité de la couleur et la répartition des inclusions peuvent donc varier.",
10680525717851,Bracelet Célyos en œil de tigre et onyx,bracelet-celyos-en-oeil-de-tigre-et-onyx,https://milaura.fr/products/bracelet-celyos-en-oeil-de-tigre-et-onyx,2,DENY,Œil de tigre et onyx,oeil-de-tigre,Protection et confiance,Qualité A - Bonne,,"Les perles rondes alternent brun doré chatoyant et noir profond, avec des variations naturelles propres à l'œil de tigre.",121,440,stone_copy_too_short,"L'œil de tigre se reconnaît à ses bandes brunes, miel et dorées, tandis que l'onyx offre un noir dense et poli. Les reflets de l'œil de tigre changent selon la lumière et varient d'une perle à l'autre. En lithothérapie, cette association est liée à la protection et à la confiance. La différence entre les bandes chatoyantes et le noir uniforme rend les deux pierres immédiatement lisibles.",
10680525357403,Bague en argent 925 et aigue-marine du Brésil,bague-en-argent-925-et-aigue-marine-du-bresil,https://milaura.fr/products/bague-en-argent-925-et-aigue-marine-du-bresil,1,DENY,Aigue-marine du Brésil,aigue-marine,Apaisement et expression,Qualité AA - Très élevée,,"Les cabochons polis présentent un bleu pâle translucide, avec des nuances naturelles propres à chaque pierre.",109,423,stone_copy_too_short,"Les cabochons polis présentent un bleu pâle translucide, avec des nuances naturelles propres à chaque pierre. En lithothérapie, l'aigue-marine du Brésil est associée à l'apaisement et à l'expression. La couleur, les inclusions et le dessin minéral peuvent donc différer naturellement d'un exemplaire à l'autre.",
10357452669275,Bracelet en dumortiérite 6 mm,bracelet-en-dumortierite-6-mm,https://milaura.fr/products/bracelet-en-dumortierite-6-mm,2,DENY,Dumortiérite,dumortierite,"Concentration, patience, confiance",Qualité A - Bonne,,"Une pierre polie bleu denim à bleu nuit, ponctuée de zones grises, blanches ou presque noires qui varient selon chaque perle.",125,503,stone_copy_too_short,"Une pierre polie bleu denim à bleu nuit, ponctuée de zones grises, blanches ou presque noires qui varient selon chaque perle. En lithothérapie, la dumortiérite est associée à la concentration, à la patience et à la confiance. D'une perle à l'autre, l'intensité de la couleur et la répartition des inclusions peuvent donc varier.",
10675369967963,Collier en apatite bleue 4 mm - 45 cm,collier-en-apatite-bleue-4-mm-45-cm,https://milaura.fr/products/collier-en-apatite-bleue-4-mm-45-cm,1,DENY,Apatite bleue,apatite-bleue,Confiance et clarté,Qualité A - Bonne,,"Les petites perles rondes polies présentent un bleu turquoise vif, avec des zones plus claires, plus sombres et légèrement translucides.",136,523,stone_copy_too_short,"Les petites perles rondes polies présentent un bleu turquoise vif, avec des zones plus claires, plus sombres et légèrement translucides. En lithothérapie, l'apatite bleue est associée à la confiance et à la clarté. D'une perle à l'autre, l'intensité de la couleur et la répartition des inclusions peuvent donc varier.",
10675369541979,Collier en améthyste du Brésil 4 mm - 45 cm,collier-en-amethyste-du-bresil-4-mm-45-cm,https://milaura.fr/products/collier-en-amethyste-du-bresil-4-mm-45-cm,1,DENY,Améthyste,amethyste,Calme et clarté,Qualité A - Bonne,,"Les petites perles rondes polies présentent des violets clairs à soutenus, avec une transparence naturelle irrégulière.",119,514,stone_copy_too_short,"Les petites perles rondes polies présentent des violets clairs à soutenus, avec une transparence naturelle irrégulière. En lithothérapie, l'améthyste est associée au calme et à la clarté. D'une perle à l'autre, l'intensité de la couleur et la répartition des inclusions peuvent donc varier.",
10675369115995,Bracelet en pierre de soleil noire orangée 10 mm - 16 à 18 cm,bracelet-en-pierre-de-soleil-noire-orangee-10-mm-16-a-18-cm,https://milaura.fr/products/bracelet-en-pierre-de-soleil-noire-orangee-10-mm-16-a-18-cm,1,DENY,Pierre de soleil noire orangée,pierre-de-soleil,Énergie et confiance,Qualité AA - Très élevée,,Les perles rondes polies présentent des tons brun noir et prune traversés de reflets orange cuivré naturels.,108,499,stone_copy_too_short,"Les perles rondes polies présentent des tons brun noir et prune traversés de reflets orange cuivré naturels. En lithothérapie, la pierre de soleil noire orangée est associée à l'énergie et à la confiance. D'une perle à l'autre, l'intensité de la couleur et la répartition des inclusions peuvent donc varier.",
10675368722779,Bracelet en pierre de lune multicolore 10 mm - 16 à 18 cm,bracelet-en-pierre-de-lune-multicolore-10-mm-16-a-18-cm,https://milaura.fr/products/bracelet-en-pierre-de-lune-multicolore-10-mm-16-a-18-cm,1,DENY,Pierre de lune multicolore,pierre-de-lune,Douceur et équilibre,Qualité A+ - Élevée,,"Les perles rondes polies mêlent crème, pêche, brun doux et gris dans des nuances laiteuses naturelles.",102,493,stone_copy_too_short,"Les perles rondes polies mêlent crème, pêche, brun doux et gris dans des nuances laiteuses naturelles. En lithothérapie, la pierre de lune multicolore est associée à la douceur et à l'équilibre. D'une perle à l'autre, l'intensité de la couleur et la répartition des inclusions peuvent donc varier.",
10675368296795,Bracelet en cornaline 8 mm - 16 à 18 cm,bracelet-en-cornaline-8-mm-16-a-18-cm,https://milaura.fr/products/bracelet-en-cornaline-8-mm-16-a-18-cm,1,DENY,Cornaline,cornaline,Énergie et élan,Qualité A - Bonne,,"Les perles rondes polies alternent orange clair, rouge orangé et zones laiteuses légèrement translucides.",105,469,stone_copy_too_short,"Les perles rondes polies alternent orange clair, rouge orangé et zones laiteuses légèrement translucides. En lithothérapie, la cornaline est associée à l'énergie et à l'élan. D'une perle à l'autre, l'intensité de la couleur et la répartition des inclusions peuvent donc varier.",
10675367870811,Bracelet en chrysocolle du Congo 8 mm - 16 à 18 cm,bracelet-en-chrysocolle-du-congo-8-mm-16-a-18-cm,https://milaura.fr/products/bracelet-en-chrysocolle-du-congo-8-mm-16-a-18-cm,1,DENY,Chrysocolle du Congo,chrysocolle,Confiance et équilibre,Qualité A+ - Élevée,,Les perles rondes polies présentent une base brun noir nuancée de plages bleu turquoise et vert minéral.,104,480,stone_copy_too_short,"Les perles rondes polies présentent une base brun noir nuancée de plages bleu turquoise et vert minéral. En lithothérapie, la chrysocolle du Congo est associée à la confiance et à l'équilibre. D'une perle à l'autre, l'intensité de la couleur et la répartition des inclusions peuvent donc varier.",
10675367444827,Bracelet en angélite 8 mm - 16 à 18 cm,bracelet-en-angelite-8-mm-16-a-18-cm,https://milaura.fr/products/bracelet-en-angelite-8-mm-16-a-18-cm,1,DENY,Angélite,angelite,Calme et douceur,Qualité A - Bonne,,"Les perles rondes polies présentent un bleu ciel très pâle, opaque et légèrement nuagé.",87,449,stone_copy_too_short,"Les perles rondes polies présentent un bleu ciel très pâle, opaque et légèrement nuagé. En lithothérapie, l'angélite est associée au calme et à la douceur. D'une perle à l'autre, l'intensité de la couleur et la répartition des inclusions peuvent donc varier.",
10670434713947,Bracelet baroque en obsidienne mixte - 16 à 18 cm,bracelet-baroque-en-obsidienne-mixte-16-a-18-cm,https://milaura.fr/products/bracelet-baroque-en-obsidienne-mixte-16-a-18-cm,10,DENY,Obsidienne mixte,obsidienne,Ancrage et stabilité,Qualité A - Bonne,,"Les éclats polis mêlent noir profond, brun sombre et reflets irréguliers propres aux différentes obsidiennes du mélange.",120,479,stone_copy_too_short,"Les éclats polis mêlent noir profond, brun sombre et reflets irréguliers propres aux différentes obsidiennes du mélange. En lithothérapie, l'obsidienne mixte est associée à l'ancrage et à la stabilité. D'un éclat à l'autre, l'intensité de la couleur et la répartition des inclusions peuvent donc varier.",
10675367084379,Bracelet en jaspe héliotrope du Brésil 6 mm - 16 à 18 cm,bracelet-en-jaspe-heliotrope-du-bresil-6-mm-16-a-18-cm,https://milaura.fr/products/bracelet-en-jaspe-heliotrope-du-bresil-6-mm-16-a-18-cm,1,DENY,Jaspe héliotrope,jaspe-heliotrope,Protection et stabilité,Qualité A - Bonne,,"Les perles rondes polies associent un vert sombre dominant à des touches naturelles rouges, brunes et gris bleuté.",114,474,stone_copy_too_short,"Les perles rondes polies associent un vert sombre dominant à des touches naturelles rouges, brunes et gris bleuté. En lithothérapie, le jaspe héliotrope est associé à la protection et à la stabilité. D'une perle à l'autre, l'intensité de la couleur et la répartition des inclusions peuvent donc varier.",
10675366592859,Bracelet en corail fossile 6 mm - 16 à 18 cm,bracelet-en-corail-fossile-6-mm-16-a-18-cm,https://milaura.fr/products/bracelet-en-corail-fossile-6-mm-16-a-18-cm,1,DENY,Corail fossile,corail-fossile,Stabilité et énergie,Qualité A - Bonne,,"Les perles rondes polies présentent des tons beige, miel et brun avec de fins motifs fossiles irréguliers.",106,475,stone_copy_too_short,"Les perles rondes polies présentent des tons beige, miel et brun avec de fins motifs fossiles irréguliers. En lithothérapie, le corail fossile est associé à la stabilité et à l'énergie. D'une perle à l'autre, l'intensité de la couleur et la répartition des inclusions peuvent donc varier.",
10675366166875,Bracelet en tourmaline multicolore 4 mm - 16 à 18 cm,bracelet-en-tourmaline-multicolore-4-mm-16-a-18-cm,https://milaura.fr/products/bracelet-en-tourmaline-multicolore-4-mm-16-a-18-cm,2,DENY,Tourmaline multicolore,tourmaline,Ancrage et équilibre,Qualité AA - Très élevée,,"Les petites perles rondes polies mêlent rose, vert, jaune, brun et gris dans des nuances naturelles douces.",107,501,stone_copy_too_short,"Les petites perles rondes polies mêlent rose, vert, jaune, brun et gris dans des nuances naturelles douces. En lithothérapie, la tourmaline multicolore est associée à l'ancrage et à l'équilibre. D'une perle à l'autre, l'intensité de la couleur et la répartition des inclusions peuvent donc varier.",
10670436057435,Bracelet en lapis-lazuli 4 mm - 16 à 18 cm,bracelet-en-lapis-lazuli-4-mm-16-a-18-cm,https://milaura.fr/products/bracelet-en-lapis-lazuli-4-mm-16-a-18-cm,2,DENY,Lapis-lazuli,lapis-lazuli,Confiance et clarté,Qualité A - Bonne,,Les petites perles rondes polies présentent un bleu profond ponctué de fines inclusions grises ou dorées naturelles.,116,497,stone_copy_too_short,"Les petites perles rondes polies présentent un bleu profond ponctué de fines inclusions grises ou dorées naturelles. En lithothérapie, le lapis-lazuli est associé à la confiance et à la clarté. D'une perle à l'autre, l'intensité de la couleur et la répartition des inclusions peuvent donc varier.",
10670434451803,Bracelet Mira doré en améthyste et cristal de roche - 16 à 22 cm,bracelet-mira-dore-en-amethyste-et-cristal-de-roche-16-a-22-cm,https://milaura.fr/products/bracelet-mira-dore-en-amethyste-et-cristal-de-roche-16-a-22-cm,1,DENY,Améthyste et cristal de roche,amethyste,Calme et clarté,Qualité A - Bonne,,Les petites perles violettes et transparentes alternent avec de fins éléments dorés et gardent leurs variations naturelles.,123,538,stone_copy_too_short,"L'améthyste présente des nuances violettes plus ou moins translucides, tandis que le cristal de roche varie du transparent au légèrement laiteux. Les voiles, les inclusions et l'intensité de la couleur diffèrent naturellement d'une pierre à l'autre. En lithothérapie, cette association est liée au calme et à la clarté. La rencontre du violet et du transparent permet d'identifier facilement les deux minéraux.",
10670434353499,Bracelet Kahel argenté en onyx et pierre de lave 8 mm,bracelet-kahel-argente-en-onyx-et-pierre-de-lave-8-mm,https://milaura.fr/products/bracelet-kahel-argente-en-onyx-et-pierre-de-lave-8-mm,1,DENY,Onyx et pierre de lave,onyx,Ancrage et stabilité,Qualité A - Bonne,,Les perles noires alternent le brillant poli de l'onyx et le grain mat poreux de la pierre de lave.,99,509,stone_copy_too_short,"Les perles noires alternent le brillant poli de l'onyx et le grain mat poreux de la pierre de lave. En lithothérapie, cette association est liée à l'ancrage et à la stabilité. D'une perle à l'autre, l'intensité de la couleur et la répartition des inclusions peuvent donc varier.",
10670433993051,Boucles d'oreilles Ornel dorées en hématite et lapis-lazuli - 35 mm,boucles-d-oreilles-ornel-dorees-en-hematite-et-lapis-lazuli-35-mm,https://milaura.fr/products/boucles-d-oreilles-ornel-dorees-en-hematite-et-lapis-lazuli-35-mm,1,DENY,Lapis-lazuli et hématite,lapis-lazuli,Confiance et clarté,Qualité A - Bonne,,Chaque boucle réunit une perle bleu lapis et un petit bouquet de perles gris métallisé aux variations naturelles.,113,538,stone_copy_too_short,"Le lapis-lazuli apporte un bleu profond ponctué d'inclusions grises ou dorées, tandis que l'hématite présente un gris sombre aux reflets métalliques. La couleur du lapis-lazuli et l'intensité des reflets de l'hématite varient naturellement selon les pierres. En lithothérapie, cette association est liée à la confiance et à la clarté. Le contraste bleu et gris permet de distinguer nettement les deux minéraux.",
10357490385243,Collier en jade de Chine 6 mm - 45 cm,collier-en-jade-de-chine-6-mm-45-cm,https://milaura.fr/products/collier-en-jade-de-chine-6-mm-45-cm,1,DENY,Jade de Chine,jade,Équilibre et douceur,Qualité A - Bonne,,"Les perles rondes polies présentent un vert très pâle à blanc laiteux, avec une transparence douce et irrégulière.",114,505,stone_copy_too_short,"Les perles rondes polies présentent un vert très pâle à blanc laiteux, avec une transparence douce et irrégulière. En lithothérapie, le jade de Chine est associé à l'équilibre et à la douceur. D'une perle à l'autre, l'intensité de la couleur et la répartition des inclusions peuvent donc varier.",
10670434189659,Bracelet Aska noir en lapis-lazuli et onyx,bracelet-aska-noir-en-lapis-lazuli-et-onyx,https://milaura.fr/products/bracelet-aska-noir-en-lapis-lazuli-et-onyx,1,DENY,Lapis-lazuli et onyx,lapis-lazuli,Confiance et ancrage,Qualité A - Bonne,,"Les perles rondes alternent noir brillant et bleu lapis veiné, au-dessus d'une ligne de cuir noir tressé.",105,532,stone_copy_too_short,"Le lapis-lazuli présente un bleu profond veiné ou ponctué d'inclusions plus claires, tandis que l'onyx offre un noir dense et poli. Les motifs du lapis-lazuli varient naturellement d'une pierre à l'autre. En lithothérapie, cette association est liée à la confiance et à l'ancrage. Le contraste entre le bleu minéral et le noir rend les deux pierres immédiatement reconnaissables.",
10669971964251,Bracelet en aventurine verte 4 mm - 16 à 18 cm,bracelet-en-aventurine-verte-4-mm-16-a-18-cm,https://milaura.fr/products/bracelet-en-aventurine-verte-4-mm-16-a-18-cm,1,DENY,Aventurine verte,aventurine-verte,Confiance et douceur,Qualité A - Bonne,,"Les petites perles rondes polies présentent un vert tendre à moyen, avec des variations minérales naturellement discrètes.",122,480,stone_copy_too_short,"Les petites perles rondes polies présentent un vert tendre à moyen, avec des variations minérales naturellement discrètes. En lithothérapie, l'aventurine verte est associée à la confiance et à la douceur. D'une perle à l'autre, l'intensité de la couleur et la répartition des inclusions peuvent donc varier.",
10669962461531,Bracelet en rhodonite d'Australie 6 mm - 16 à 18 cm,bracelet-en-rhodonite-d-australie-6-mm-16-a-18-cm,https://milaura.fr/products/bracelet-en-rhodonite-d-australie-6-mm-16-a-18-cm,1,DENY,Rhodonite d'Australie,rhodonite,Douceur et confiance,Qualité A - Bonne,,"Les perles rondes polies présentent un rose naturel nuancé, parfois traversé de petites zones minérales plus claires ou plus sombres.",133,472,stone_copy_too_short,"Les perles rondes polies présentent un rose naturel nuancé, parfois traversé de petites zones minérales plus claires ou plus sombres. En lithothérapie, la rhodonite d'Australie est associée à la douceur et à la confiance. D'une perle à l'autre, l'intensité de la couleur et la répartition des inclusions peuvent donc varier.",
10670433698139,Collier en aventurine verte 6 mm - 45 cm,collier-en-aventurine-verte-6-mm-45-cm,https://milaura.fr/products/collier-en-aventurine-verte-6-mm-45-cm,2,DENY,Aventurine verte,aventurine-verte,Confiance et douceur,Qualité A - Bonne,,"Les perles rondes polies présentent un vert tendre légèrement translucide, avec de discrètes variations naturelles.",115,494,stone_copy_too_short,"Les perles rondes polies présentent un vert tendre légèrement translucide, avec de discrètes variations naturelles. En lithothérapie, l'aventurine verte est associée à la confiance et à la douceur. D'une perle à l'autre, l'intensité de la couleur et la répartition des inclusions peuvent donc varier.",
10669964394843,Bracelet en lépidolite 8 mm - 16 à 18 cm,bracelet-en-lepidolite-8-mm-16-a-18-cm,https://milaura.fr/products/bracelet-en-lepidolite-8-mm-16-a-18-cm,1,DENY,Lépidolite,lepidolite,Calme et douceur,Qualité A+ - Élevée,,"Les perles rondes polies alternent mauve, lilas, rose minéral et inclusions plus claires naturellement irrégulières.",116,470,stone_copy_too_short,"Les perles rondes polies alternent mauve, lilas, rose minéral et inclusions plus claires naturellement irrégulières. En lithothérapie, la lépidolite est associée au calme et à la douceur. D'une perle à l'autre, l'intensité de la couleur et la répartition des inclusions peuvent donc varier.",
10669955973467,Collier Nuage argenté en aigue-marine 4 mm - 40 à 45 cm,collier-nuage-argente-en-aigue-marine-4-mm-40-a-45-cm,https://milaura.fr/products/collier-nuage-argente-en-aigue-marine-4-mm-40-a-45-cm,1,DENY,Aigue-marine,aigue-marine,Calme et expression,Qualité AA - Très élevée,,"Les petites perles présentent un bleu pâle translucide légèrement nuageux, avec de discrètes variations naturelles.",115,525,stone_copy_too_short,"Les petites perles présentent un bleu pâle translucide légèrement nuageux, avec de discrètes variations naturelles. En lithothérapie, l'aigue-marine est associée au calme et à l'expression. D'une perle à l'autre, l'intensité de la couleur et la répartition des inclusions peuvent donc varier.",
10669950107995,Bracelet en turquoise d'Afrique 6 mm - 16 à 18 cm,bracelet-en-turquoise-d-afrique-6-mm-16-a-18-cm,https://milaura.fr/products/bracelet-en-turquoise-d-afrique-6-mm-16-a-18-cm,1,DENY,Turquoise d'Afrique,turquoise,Confiance et expression,Qualité A - Bonne,,"Les perles rondes polies mêlent bleu vert, vert olive et veines brunes irrégulières propres à cette pierre naturelle.",117,474,stone_copy_too_short,"Les perles rondes polies mêlent bleu vert, vert olive et veines brunes irrégulières propres à cette pierre naturelle. En lithothérapie, la turquoise d'afrique est associée à la confiance et à l'expression. D'une perle à l'autre, l'intensité de la couleur et la répartition des inclusions peuvent donc varier.",
10669861110107,Bracelet Aska noir en oeil de taureau et onyx 6 mm,bracelet-aska-noir-en-oeil-de-taureau-et-onyx-6-mm,https://milaura.fr/products/bracelet-aska-noir-en-oeil-de-taureau-et-onyx-6-mm,2,DENY,Oeil de taureau et onyx,oeil-de-taureau,Énergie et ancrage,Qualité A - Bonne,,"Les perles rondes alternent noir poli et rouge brun profond, avec des bandes chatoyantes propres à l'oeil de taureau.",117,495,stone_copy_too_short,"L'œil de taureau présente des tons rouge brun à bordeaux sombre, associés au noir poli de l'onyx. Les bandes chatoyantes de l'œil de taureau et leur intensité varient naturellement selon les perles. En lithothérapie, cette association est liée à l'énergie et à l'ancrage. Le contraste entre le rouge sombre et le noir permet d'identifier les deux pierres.",
10669860487515,Bracelet Aska noir en labradorite et onyx 6 mm,bracelet-aska-noir-en-labradorite-et-onyx-6-mm,https://milaura.fr/products/bracelet-aska-noir-en-labradorite-et-onyx-6-mm,1,DENY,Labradorite et onyx,labradorite,Protection et ancrage,Qualité A - Bonne,,"Les perles rondes associent le noir poli de l'onyx à des gris nuancés de labradorite, parfois marqués de reflets minéraux discrets.",131,494,stone_copy_too_short,"Les perles rondes associent le noir poli de l'onyx à des gris nuancés de labradorite, parfois marqués de reflets minéraux discrets. En lithothérapie, cette association est liée à la protection et à l'ancrage. D'une perle à l'autre, l'intensité de la couleur et la répartition des inclusions peuvent donc varier.",
10669859209563,Bracelet en bois de palo santo 10 mm,bracelet-en-bois-de-palo-santo-10-mm,https://milaura.fr/products/bracelet-en-bois-de-palo-santo-10-mm,1,DENY,Palo santo,,Ancrage et présence,Qualité A - Bonne,,Les perles rondes en Bursera graveolens présentent un blond miel chaud et un veinage brun naturel propre au bois.,113,468,taxonomy_review_non_stone_or_unidentified_inclusion,,
10669861470555,Bracelet Aska noir en oeil de tigre et onyx 6 mm,bracelet-aska-noir-en-oeil-de-tigre-et-onyx-6-mm,https://milaura.fr/products/bracelet-aska-noir-en-oeil-de-tigre-et-onyx-6-mm,2,DENY,Oeil de tigre et onyx,oeil-de-tigre,Confiance et ancrage,Qualité A - Bonne,,"Les perles rondes alternent noir poli, brun miel et bandes dorées chatoyantes propres à l'oeil de tigre.",104,492,stone_copy_too_short,"L'œil de tigre présente des bandes brunes et miel aux reflets dorés, tandis que l'onyx apporte un noir profond et régulier. Le dessin et l'intensité des bandes varient naturellement d'une pierre à l'autre. En lithothérapie, cette association est liée à la confiance et à l'ancrage. Le poli met en évidence le contraste entre les deux minéraux sans uniformiser leurs nuances.",
10669856293211,Bracelet en agate fleur de cerisier 10 mm,bracelet-en-agate-fleur-de-cerisier-10-mm,https://milaura.fr/products/bracelet-en-agate-fleur-de-cerisier-10-mm,1,DENY,Agate fleur de cerisier,agate,Douceur et équilibre,Qualité A - Bonne,,"Les perles rondes polies mêlent rose poudré, pêche clair, blanc laiteux et inclusions florales irrégulières.",108,467,stone_copy_too_short,"Les perles rondes polies mêlent rose poudré, pêche clair, blanc laiteux et inclusions florales irrégulières. En lithothérapie, l'agate fleur de cerisier est associée à la douceur et à l'équilibre. D'une perle à l'autre, l'intensité de la couleur et la répartition des inclusions peuvent donc varier.",
10669855277403,Bracelet en oeil de tigre 8 mm - 16 à 18 cm,bracelet-en-oeil-de-tigre-8-mm-16-a-18-cm,https://milaura.fr/products/bracelet-en-oeil-de-tigre-8-mm-16-a-18-cm,2,DENY,Oeil de tigre,oeil-de-tigre,Confiance et ancrage,Qualité A - Bonne,,"Les perles rondes polies alternent brun profond, miel et bandes dorées chatoyantes propres à l'oeil de tigre.",109,474,stone_copy_too_short,"Les perles rondes polies alternent brun profond, miel et bandes dorées chatoyantes propres à l'œil de tigre. En lithothérapie, l'œil de tigre est associé à la confiance et à l'ancrage. D'une perle à l'autre, l'intensité de la couleur et la répartition des inclusions peuvent donc varier.",
10669857702235,Bracelet en fluorine multicolore 10 mm,bracelet-en-fluorine-multicolore-10-mm,https://milaura.fr/products/bracelet-en-fluorine-multicolore-10-mm,1,DENY,Fluorine multicolore,fluorine,Créativité et organisation,Qualité A - Bonne,,"Les perles rondes polies passent du vert menthe translucide au violet profond, avec des bandes et nuages naturels.",114,502,stone_copy_too_short,"Les perles rondes polies passent du vert menthe translucide au violet profond, avec des bandes et nuages naturels. En lithothérapie, la fluorine multicolore est associée à la créativité et à l'organisation. D'une perle à l'autre, l'intensité de la couleur et la répartition des inclusions peuvent donc varier.",
10669791347035,Bracelet Eira doré en lapis-lazuli 6 mm,bracelet-eira-dore-en-lapis-lazuli-6-mm,https://milaura.fr/products/bracelet-eira-dore-en-lapis-lazuli-6-mm,1,DENY,Lapis-lazuli,lapis-lazuli,Confiance et expression,Qualité AA - Très élevée,,Les perles de lapis-lazuli présentent un bleu profond ponctué de petites inclusions dorées et de nuances naturelles.,116,369,stone_copy_too_short,"Les perles de lapis-lazuli présentent un bleu profond ponctué de petites inclusions dorées et de nuances naturelles. En lithothérapie, le lapis-lazuli est associé à la confiance et à l'expression. D'une perle à l'autre, l'intensité de la couleur et la répartition des inclusions peuvent donc varier.",
10669857243483,Bracelet en améthyste du Brésil 10 mm,bracelet-en-amethyste-du-bresil-10-mm,https://milaura.fr/products/bracelet-en-amethyste-du-bresil-10-mm,1,DENY,Améthyste,amethyste,Calme et intuition,Qualité A - Bonne,,"Les perles rondes polies montrent un violet translucide à soutenu, avec de légères zones nuageuses naturelles.",110,470,stone_copy_too_short,"Les perles rondes polies montrent un violet translucide à soutenu, avec de légères zones nuageuses naturelles. En lithothérapie, l'améthyste est associée au calme et à l'intuition. D'une perle à l'autre, l'intensité de la couleur et la répartition des inclusions peuvent donc varier.",
10669854392667,Bracelet en apatite bleue 6 mm - 14 à 16 cm,bracelet-en-apatite-bleue-6-mm-14-a-16-cm,https://milaura.fr/products/bracelet-en-apatite-bleue-6-mm-14-a-16-cm,1,DENY,Apatite bleue,apatite-bleue,Expression et créativité,Qualité A+ - Élevée,,"Les perles rondes polies présentent des bleus turquoise à bleu minéral, avec des zones plus claires naturellement nuancées.",123,460,stone_copy_too_short,"Les perles rondes polies présentent des bleus turquoise à bleu minéral, avec des zones plus claires naturellement nuancées. En lithothérapie, l'apatite bleue est associée à l'expression et à la créativité. D'une perle à l'autre, l'intensité de la couleur et la répartition des inclusions peuvent donc varier.",
10678649454939,Plaque Arbre de Vie en bois de tilleul - 10 cm,plaque-arbre-de-vie-en-bois-de-tilleul-10-cm,https://milaura.fr/products/plaque-arbre-de-vie-en-bois-de-tilleul-10-cm,3,DENY,Bois de tilleul,,Ancrage et équilibre,,,,0,431,taxonomy_review_non_stone_or_unidentified_inclusion,,
10678649848155,Rouleau de massage visage en jade de Chine à deux têtes,rouleau-de-massage-visage-en-jade-de-chine-a-deux-tetes,https://milaura.fr/products/rouleau-de-massage-visage-en-jade-de-chine-a-deux-tetes,1,DENY,Jade de Chine,jade,Apaisement et équilibre,Qualité A - Bonne,,Le rouleau présente un jade blanc à vert pâle naturellement nuagé sur le manche et les deux cylindres.,102,465,stone_copy_too_short,"Le rouleau présente un jade blanc à vert pâle naturellement nuagé sur le manche et les deux cylindres. En lithothérapie, le jade de Chine est associé à l'apaisement et à l'équilibre. La couleur, les inclusions et le dessin minéral peuvent donc différer naturellement d'un exemplaire à l'autre.",
10678647521627,Collier en œil de tigre 6 mm - 45 cm,collier-en-oeil-de-tigre-6-mm-45-cm,https://milaura.fr/products/collier-en-oeil-de-tigre-6-mm-45-cm,1,DENY,Œil de tigre,oeil-de-tigre,Protection et confiance,Qualité A - Bonne,,"Les perles rondes polies mêlent brun sombre, miel et bandes dorées chatoyantes naturellement variables.",103,500,stone_copy_too_short,"Les perles rondes polies mêlent brun sombre, miel et bandes dorées chatoyantes naturellement variables. En lithothérapie, l'œil de tigre est associé à la protection et à la confiance. D'une perle à l'autre, l'intensité de la couleur et la répartition des inclusions peuvent donc varier.",
10678648308059,Collier en rhodonite de Madagascar 6 mm - 45 cm,collier-en-rhodonite-de-madagascar-6-mm-45-cm,https://milaura.fr/products/collier-en-rhodonite-de-madagascar-6-mm-45-cm,1,DENY,Rhodonite de Madagascar,rhodonite,Amour et équilibre,Qualité AB - Standard,,"Les perles rondes polies mêlent rose poudré, rose soutenu, brun et noir dans des motifs naturels irréguliers.",109,500,stone_copy_too_short,"Les perles rondes polies mêlent rose poudré, rose soutenu, brun et noir dans des motifs naturels irréguliers. En lithothérapie, la rhodonite de Madagascar est associée à l'amour et à l'équilibre. D'une perle à l'autre, l'intensité de la couleur et la répartition des inclusions peuvent donc varier.",
10678646866267,Collier en œil de taureau 6 mm - 45 cm,collier-en-oeil-de-taureau-6-mm-45-cm,https://milaura.fr/products/collier-en-oeil-de-taureau-6-mm-45-cm,1,DENY,Œil de taureau,oeil-de-taureau,Énergie et protection,Qualité A - Bonne,,"Les perles rondes polies alternent rouge brun, bordeaux sombre et reflets chatoyants plus clairs.",97,506,stone_copy_too_short,"Les perles rondes polies alternent rouge brun, bordeaux sombre et reflets chatoyants plus clairs. En lithothérapie, l'œil de taureau est associé à l'énergie et à la protection. D'une perle à l'autre, l'intensité de la couleur et la répartition des inclusions peuvent donc varier.",
10678645522779,Collier en lapis-lazuli d'Afghanistan 4 mm - 45 cm,collier-en-lapis-lazuli-d-afghanistan-4-mm-45-cm,https://milaura.fr/products/collier-en-lapis-lazuli-d-afghanistan-4-mm-45-cm,1,DENY,Lapis-lazuli d'Afghanistan,lapis-lazuli,Clarté et confiance,Qualité AA - Très élevée,,"Les petites perles rondes polies mêlent bleu profond, bleu vif et inclusions dorées de pyrite naturellement irrégulières.",121,521,stone_copy_too_short,"Les petites perles rondes polies mêlent bleu profond, bleu vif et inclusions dorées de pyrite naturellement irrégulières. En lithothérapie, le lapis-lazuli d'Afghanistan est associé à la clarté et à la confiance. D'une perle à l'autre, l'intensité de la couleur et la répartition des inclusions peuvent donc varier.",
10678646309211,Collier en hématite 6 mm - 45 cm,collier-en-hematite-6-mm-45-cm,https://milaura.fr/products/collier-en-hematite-6-mm-45-cm,2,DENY,Hématite,hematite,Ancrage et stabilité,Qualité A - Bonne,,"Les perles rondes polies présentent un gris anthracite métallisé, sombre et très réfléchissant.",95,504,stone_copy_too_short,"Les perles rondes polies présentent un gris anthracite métallisé, sombre et très réfléchissant. En lithothérapie, l'hématite est associée à l'ancrage et à la stabilité. D'une perle à l'autre, l'intensité de la couleur et la répartition des inclusions peuvent donc varier.",
10678645883227,Collier en howlite blanche 6 mm - 45 cm,collier-en-howlite-blanche-6-mm-45-cm,https://milaura.fr/products/collier-en-howlite-blanche-6-mm-45-cm,1,DENY,Howlite blanche,howlite,Calme et apaisement,Qualité A - Bonne,,Les perles rondes polies présentent un blanc mat à satiné traversé de fines veines grises irrégulières.,103,500,stone_copy_too_short,"Les perles rondes polies présentent un blanc mat à satiné traversé de fines veines grises irrégulières. En lithothérapie, la howlite blanche est associée au calme et à l'apaisement. D'une perle à l'autre, l'intensité de la couleur et la répartition des inclusions peuvent donc varier.",
10678648996187,Orgonite pyramide Cercle magique en améthyste - 60 mm,orgonite-pyramide-cercle-magique-en-amethyste-60-mm,https://milaura.fr/products/orgonite-pyramide-cercle-magique-en-amethyste-60-mm,1,DENY,Améthyste,amethyste,Calme et protection,Qualité A - Bonne,,"La pyramide transparente associe des éclats d'améthyste violette, une spirale métallique dorée, un médaillon circulaire gravé et une base de feuilles dorées.",157,802,stone_copy_too_short,"L'améthyste incluse dans cette pyramide présente des éclats violets aux contours irréguliers. Leur teinte, leur transparence et la répartition des zones plus claires varient naturellement d'un exemplaire à l'autre. En lithothérapie, l'améthyste est associée au calme et à la protection. La transparence de la pyramide permet d'observer directement les différences propres à chaque fragment.",
10678648701275,Orgonite pyramide Arbre de Vie en améthyste - 60 mm,orgonite-pyramide-arbre-de-vie-en-amethyste-60-mm,https://milaura.fr/products/orgonite-pyramide-arbre-de-vie-en-amethyste-60-mm,1,DENY,Améthyste,amethyste,Calme et clarté,Qualité A - Bonne,,"La pyramide transparente associe des éclats d'améthyste violette, une sphère, une pointe, des feuilles métalliques dorées et un médaillon Arbre de Vie irisé.",157,786,stone_copy_too_short,"L'améthyste incluse dans cette pyramide présente des éclats violets aux contours et aux nuances irréguliers. Leur transparence, la densité du violet et la répartition des zones plus claires varient naturellement d'un exemplaire à l'autre. En lithothérapie, l'améthyste est associée au calme et à la clarté. Les fragments restent visibles à travers la matière transparente de l'orgonite.",
10357429371227,Boucles d'oreilles puces en quartz rose 6 mm,boucles-d-oreilles-puces-en-quartz-rose-6-mm,https://milaura.fr/products/boucles-d-oreilles-puces-en-quartz-rose-6-mm,3,DENY,Quartz rose,quartz-rose,Douceur et apaisement,Qualité A - Bonne,,"Chaque perle ronde présente un rose pâle légèrement translucide, avec de fines variations naturelles.",101,492,stone_copy_too_short,"Chaque perle ronde présente un rose pâle légèrement translucide, avec de fines variations naturelles. En lithothérapie, le quartz rose est associé à la douceur et à l'apaisement. D'une perle à l'autre, l'intensité de la couleur et la répartition des inclusions peuvent donc varier.",
10669860192603,Bague ouverte en argent 925 et aigue-marine 7 mm,bague-ouverte-en-argent-925-et-aigue-marine-7-mm,https://milaura.fr/products/bague-ouverte-en-argent-925-et-aigue-marine-7-mm,1,DENY,Aigue-marine,aigue-marine,Calme et expression,Qualité AA - Très élevée,,"La pierre ronde polie présente un bleu pâle translucide légèrement nuageux, serti dans une lunette lisse en argent 925.",119,508,stone_copy_too_short,"L'aigue-marine présente un bleu pâle légèrement nuageux, avec une transparence qui varie selon la pierre. De fins voiles et de petites inclusions peuvent apparaître sous le poli sans former deux exemplaires identiques. En lithothérapie, l'aigue-marine est associée au calme et à l'expression. Sur cette bague, le format rond permet d'observer directement ses nuances claires.",
10357705867611,Distributeur de savon en aventurine verte brute - 100 à 150 mm,distributeur-de-savon-en-aventurine-verte-brute-100-a-150-mm,https://milaura.fr/products/distributeur-de-savon-en-aventurine-verte-brute-100-a-150-mm,2,DENY,Aventurine verte,aventurine-verte,Équilibre et douceur,Qualité A - Bonne,,"Le corps en pierre brute présente un vert gris nuancé, avec une surface minérale volontairement non uniforme.",109,790,stone_copy_too_short,"Le corps en pierre brute présente un vert gris nuancé, avec une surface minérale volontairement non uniforme. En lithothérapie, l'aventurine verte est associée à l'équilibre et à la douceur. La couleur, les inclusions et le dessin minéral peuvent donc différer naturellement d'un exemplaire à l'autre.",
10557518381403,Bracelet Halo doré en aventurine verte 4 mm,bracelet-halo-dore-en-aventurine-verte-4-mm,https://milaura.fr/products/bracelet-halo-dore-en-aventurine-verte-4-mm,2,DENY,Aventurine verte,aventurine-verte,Énergie et élan,Qualité A - Bonne,,"L'aventurine verte présente ici un vert sauge doux, légèrement nuancé et semi-opaque.",85,368,stone_copy_too_short,"L'aventurine verte présente ici un vert sauge doux, légèrement nuancé et semi-opaque. En lithothérapie, l'aventurine verte est associée à l'énergie et à l'élan. La couleur, les inclusions et le dessin minéral peuvent donc différer naturellement d'un exemplaire à l'autre.",
10637459095899,Bracelet doré en aigue-marine naturelle - 16 à 21 cm,bracelet-dore-en-aigue-marine-naturelle-16-a-21-cm,https://milaura.fr/products/bracelet-dore-en-aigue-marine-naturelle-16-a-21-cm,1,DENY,Aigue-marine,aigue-marine,Calme et clarté,Qualité AA - Très élevée,,L'aigue-marine est une variété de béryl aux nuances bleu clair à bleu légèrement vert. Les perles facettées de 3 mm de ce bracelet peuvent varier légèrement en teinte et en transparence.,186,1037,stone_copy_too_short,"L'aigue-marine est une variété de béryl aux nuances bleu clair à bleu légèrement vert. Les perles facettées de 3 mm de ce bracelet peuvent varier légèrement en teinte et en transparence. En lithothérapie, l'aigue-marine est associée au calme et à la clarté.",
10637054738779,Bague ouverte dorée en aigue-marine naturelle - Taille 54,bague-ouverte-doree-en-aigue-marine-naturelle-taille-54,https://milaura.fr/products/bague-ouverte-doree-en-aigue-marine-naturelle-taille-54,1,DENY,Aigue-marine,aigue-marine,Calme et clarté,Qualité A - Bonne,,"L'aigue-marine est une variété de béryl dont les teintes vont du bleu très clair au bleu légèrement vert. La pierre de cette bague est ronde, mesure 6 mm et présente les variations naturelles propres à chaque minéral.",217,731,stone_copy_too_short,"L'aigue-marine est une variété de béryl dont les teintes vont du bleu très clair au bleu légèrement vert. La pierre de cette bague est ronde, mesure 6 mm et présente les variations naturelles propres à chaque minéral. En lithothérapie, l'aigue-marine est associée au calme et à la clarté.",
10359677747547,Pendule 7 chakras hexagonal avec améthyste,pendule-7-chakras-hexagonal-avec-amethyste,https://milaura.fr/products/pendule-7-chakras-hexagonal-avec-amethyste,2,DENY,Améthyste et association 7 chakras,amethyste,"Équilibre, intuition, recentrage",Qualité A - Bonne,,"Un assemblage en bandes violettes, bleues, vertes, jaunes, orange et rouges, terminé par une pointe hexagonale polie.",117,901,stone_copy_too_short,"L'améthyste visible dans ce pendule présente un violet plus ou moins translucide, avec des zones naturellement plus claires. Les autres bandes suivent une progression bleue, verte, jaune, orange et rouge, mais leur composition n'est pas précisée pierre par pierre. En lithothérapie, cet ensemble est associé à l'équilibre, à l'intuition et au recentrage. Seule l'améthyste est donc nommée avec précision sur cette fiche.",
10358876209499,Pendule hexagonal en améthyste du Brésil,pendule-hexagonal-en-amethyste-du-bresil,https://milaura.fr/products/pendule-hexagonal-en-amethyste-du-bresil,3,DENY,Améthyste,amethyste,"Intuition, calme, clarté",Qualité A - Bonne,Brésil,"Une améthyste polie violette à zones laiteuses, dont les nuances et inclusions varient naturellement d'une pièce à l'autre.",123,894,stone_copy_too_short,"Une améthyste polie violette à zones laiteuses, dont les nuances et inclusions varient naturellement d'une pièce à l'autre. En lithothérapie, l'améthyste est associée à l'intuition, au calme et à la clarté. La couleur, les inclusions et le dessin minéral peuvent donc différer naturellement d'un exemplaire à l'autre.",
10358581166427,Pendule égyptien en quartz rose du Brésil,pendule-egyptien-en-quartz-rose-du-bresil,https://milaura.fr/products/pendule-egyptien-en-quartz-rose-du-bresil,3,DENY,Quartz rose,quartz-rose,"Douceur, apaisement, intuition",Qualité A - Bonne,Brésil,"Un quartz rose poli, rose pâle et légèrement translucide, avec des voiles naturels propres à chaque exemplaire.",111,886,stone_copy_too_short,"Un quartz rose poli, rose pâle et légèrement translucide, avec des voiles naturels propres à chaque exemplaire. En lithothérapie, le quartz rose est associé à la douceur, à l'apaisement et à l'intuition. La couleur, les inclusions et le dessin minéral peuvent donc différer naturellement d'un exemplaire à l'autre.",
10357432353115,Boucles d'oreilles puces en quartz rose 10 mm,boucles-d-oreilles-puces-en-quartz-rose-10-mm,https://milaura.fr/products/boucles-d-oreilles-puces-en-quartz-rose-10-mm,3,DENY,Quartz rose,quartz-rose,"Douceur, apaisement et affection",Qualité A - Bonne,,"Une pierre rose pâle polie, légèrement translucide, avec des voiles naturels qui varient d'une perle à l'autre.",111,475,stone_copy_too_short,"Le quartz rose présente un rose pâle, légèrement translucide et parcouru de voiles laiteux. La densité de la couleur et la répartition des inclusions varient naturellement d'une perle à l'autre. En lithothérapie, le quartz rose est associé à la douceur, à l'apaisement et à l'affection. Le diamètre de 10 mm rend ces nuances claires faciles à observer.",
10357431796059,Boucles d'oreilles puces en quartz rose 8 mm,boucles-d-oreilles-puces-en-quartz-rose-8-mm,https://milaura.fr/products/boucles-d-oreilles-puces-en-quartz-rose-8-mm,4,DENY,Quartz rose,quartz-rose,"Douceur, apaisement et affection",Qualité A - Bonne,,"Une pierre rose pâle polie, légèrement translucide, avec des voiles naturels qui varient d'une perle à l'autre.",111,474,stone_copy_too_short,"Le quartz rose présente une teinte rose pâle, parfois plus laiteuse ou légèrement translucide. Ses voiles internes et l'intensité de sa couleur varient naturellement d'une perle à l'autre. En lithothérapie, le quartz rose est associé à la douceur, à l'apaisement et à l'affection. Le diamètre de 8 mm conserve une lecture nette des nuances de la pierre.",
10357430649179,Boucles d'oreilles puces en cornaline 8 mm,boucles-d-oreilles-puces-en-cornaline-8-mm,https://milaura.fr/products/boucles-d-oreilles-puces-en-cornaline-8-mm,4,DENY,Cornaline,cornaline,"Vitalité, élan et confiance",Qualité A - Bonne,,"Une pierre polie orange à rouge, parfois translucide, dont chaque perle conserve ses variations naturelles.",107,467,stone_copy_too_short,"Une pierre polie orange à rouge, parfois translucide, dont chaque perle conserve ses variations naturelles. En lithothérapie, la cornaline est associée à la vitalité, à l'élan et à la confiance. D'une perle à l'autre, l'intensité de la couleur et la répartition des inclusions peuvent donc varier.",
10669957775707,Galet anti-stress en aventurine verte – 45 à 50 mm,pierre-roulee-en-aventurine-verte-galet-45-a-50-mm,https://milaura.fr/products/pierre-roulee-en-aventurine-verte-galet-45-a-50-mm,2,DENY,Aventurine verte,aventurine-verte,Confiance et douceur,Qualité A - Bonne,,"Le galet poli présente un vert moyen nuancé, une forme ovale irrégulière et de petites variations minérales naturelles.",119,767,stone_copy_too_short,"Le galet poli présente un vert moyen nuancé, une forme ovale irrégulière et de petites variations minérales naturelles. En lithothérapie, l'aventurine verte est associée à la confiance et à la douceur. La teinte, les inclusions et le contour peuvent donc différer naturellement d'un galet à l'autre.",
10669418283355,Chapelet en obsidienne noire - Perles de 6 mm,chapelet-en-obsidienne-noire-perles-de-6-mm,https://milaura.fr/products/chapelet-en-obsidienne-noire-perles-de-6-mm,1,DENY,Obsidienne noire,obsidienne-noire,Protection et ancrage,Qualité AA - Très élevée,,L'obsidienne noire présente une surface sombre et brillante. Les perles polies reflètent la lumière sans perdre leur couleur noire profonde.,140,492,stone_copy_too_short,"L'obsidienne noire présente une surface sombre et brillante. Les perles polies reflètent la lumière sans perdre leur couleur noire profonde. En lithothérapie, l'obsidienne noire est associée à la protection et à l'ancrage. D'une perle à l'autre, l'intensité de la couleur et la répartition des inclusions peuvent donc varier.",
10669625344347,Bracelet Halo doré en sodalite 4 mm,bracelet-halo-dore-en-sodalite-4-mm,https://milaura.fr/products/bracelet-halo-dore-en-sodalite-4-mm,2,DENY,Sodalite,sodalite,Expression et confiance,Qualité A - Bonne,,"Les petites perles de sodalite alternent des bleus francs, du gris et de fines zones blanches.",94,640,stone_copy_too_short,"Les petites perles de sodalite alternent des bleus francs, du gris et de fines zones blanches. En lithothérapie, la sodalite est associée à l'expression et à la confiance. D'une perle à l'autre, l'intensité de la couleur et la répartition des inclusions peuvent donc varier.",
10669293568347,Boucles d'oreilles dorées en sodalite - 36 mm,boucles-d-oreilles-dorees-en-sodalite-36-mm,https://milaura.fr/products/boucles-d-oreilles-dorees-en-sodalite-36-mm,2,DENY,Sodalite,sodalite,Expression et confiance,Qualité AB - Standard,,"La sodalite alterne des zones bleu nuit, bleu royal et blanc. La forme cylindrique rend ces variations bien visibles.",117,506,stone_copy_too_short,"La sodalite alterne des zones bleu nuit, bleu royal et blanc. La forme cylindrique rend ces variations bien visibles. En lithothérapie, la sodalite est associée à l'expression et à la confiance. La couleur, les inclusions et le dessin minéral peuvent donc différer naturellement d'un exemplaire à l'autre.",
10669294158171,Bracelet doré en sodalite et pierres bleues,bracelet-dore-en-sodalite-et-pierres-bleues,https://milaura.fr/products/bracelet-dore-en-sodalite-et-pierres-bleues,3,DENY,Sodalite,sodalite,Élan et équilibre,Qualité A - Bonne,,"La composition réunit sodalite, lapis-lazuli traité, aigue-marine et cristal de roche dans un dégradé du transparent au bleu profond.",133,510,stone_copy_too_short,"La composition réunit sodalite, lapis-lazuli traité, aigue-marine et cristal de roche dans un dégradé du transparent au bleu profond. En lithothérapie, la sodalite est associée à l'élan et à l'équilibre. La couleur, les inclusions et le dessin minéral peuvent donc différer naturellement d'un exemplaire à l'autre.",
10669295272283,Collier doré en sodalite facettée - 38 à 43 cm,collier-dore-en-sodalite-facettee-38-a-43-cm,https://milaura.fr/products/collier-dore-en-sodalite-facettee-38-a-43-cm,2,DENY,Sodalite,sodalite,Clarté et confiance,Qualité A - Bonne,,"Les perles de sodalite présentent des bleus denim et nuit, ponctués de zones plus claires. Les facettes accrochent la lumière sans masquer le dessin minéral.",157,533,stone_copy_too_short,"Les perles de sodalite présentent des bleus denim et nuit, ponctués de zones plus claires. Les facettes accrochent la lumière sans masquer le dessin minéral. En lithothérapie, la sodalite est associée à la clarté et à la confiance. D'une perle à l'autre, l'intensité de la couleur et la répartition des inclusions peuvent donc varier.",
10669625147739,Bracelet Cléa doré en sodalite 8 mm,bracelet-clea-dore-en-sodalite-8-mm,https://milaura.fr/products/bracelet-clea-dore-en-sodalite-8-mm,2,DENY,Sodalite,sodalite,Expression et confiance,Qualité AB - Standard,,La sodalite centrale offre un bleu profond veiné de blanc et de gris dans une forme cylindrique compacte.,105,368,stone_copy_too_short,"La sodalite centrale offre un bleu profond veiné de blanc et de gris dans une forme cylindrique compacte. En lithothérapie, la sodalite est associée à l'expression et à la confiance. La couleur, les inclusions et le dessin minéral peuvent donc différer naturellement d'un exemplaire à l'autre.",
10669623476571,Boucles d'oreilles Loa argentées en sodalite 25 mm,boucles-d-oreilles-loa-argentees-en-sodalite-25-mm,https://milaura.fr/products/boucles-d-oreilles-loa-argentees-en-sodalite-25-mm,2,DENY,Sodalite,sodalite,Expression et confiance,Qualité AB - Standard,,"La sodalite associe des bleus profonds à des veines blanches irrégulières, visibles sur chaque anneau de pierre.",112,372,stone_copy_too_short,"La sodalite associe des bleus profonds à des veines blanches irrégulières, visibles sur chaque anneau de pierre. En lithothérapie, la sodalite est associée à l'expression et à la confiance. D'un anneau de pierre à l'autre, l'intensité de la couleur et le dessin minéral peuvent donc varier.",
10669293076827,Bague dorée en sodalite - Taille 54,bague-doree-en-sodalite-taille-54,https://milaura.fr/products/bague-doree-en-sodalite-taille-54,2,DENY,Sodalite,sodalite,Clarté et confiance,Qualité AB - Standard,,La sodalite présente un bleu profond traversé de zones blanches irrégulières. Chaque cabochon possède un dessin minéral différent.,130,484,stone_copy_too_short,"La sodalite présente un bleu profond traversé de zones blanches irrégulières. Chaque cabochon possède un dessin minéral différent. En lithothérapie, la sodalite est associée à la clarté et à la confiance. La couleur, les inclusions et le dessin minéral peuvent donc différer naturellement d'un exemplaire à l'autre.",
10669294682459,Bracelet doré en améthyste - 16 à 21 cm,bracelet-dore-en-amethyste-16-a-21-cm,https://milaura.fr/products/bracelet-dore-en-amethyste-16-a-21-cm,1,DENY,Améthyste,amethyste,Calme et sommeil,Qualité AA - Très élevée,,"L'améthyste centrale est translucide, violette et naturellement nuancée de zones plus claires. Sa forme cylindrique reste nette sur le poignet.",143,505,stone_copy_too_short,"L'améthyste centrale présente un violet translucide, nuancé de zones plus claires et de voiles naturels. L'intensité de la couleur et la transparence varient d'une pierre à l'autre. En lithothérapie, l'améthyste est associée au calme et au sommeil. Sa forme cylindrique rend le passage du violet aux zones claires particulièrement visible.",
10669626720603,Bracelet Mira doré en cristal de roche 4 mm,bracelet-mira-dore-en-cristal-de-roche-4-mm,https://milaura.fr/products/bracelet-mira-dore-en-cristal-de-roche-4-mm,1,DENY,Cristal de roche,cristal-de-roche,Clarté et énergie,Qualité A - Bonne,,Le cristal de roche mêle des perles transparentes et des perles crack aux inclusions lumineuses.,96,664,stone_copy_too_short,"Le cristal de roche mêle des perles transparentes et des perles craquelées aux inclusions lumineuses. En lithothérapie, le cristal de roche est associé à la clarté et à l'énergie. D'une perle à l'autre, l'intensité de la couleur et la répartition des inclusions peuvent donc varier.",
10669416186203,Coffret roller visage en jade néphrite,coffret-roller-visage-en-jade-nephrite,https://milaura.fr/products/coffret-roller-visage-en-jade-nephrite,1,DENY,Jade néphrite,jade,Calme et bien-être,Qualité A - Bonne,,"Le jade néphrite présente un vert nuancé, parcouru de marbrures plus claires et plus sombres. Chaque rouleau possède un dessin minéral différent.",145,493,stone_copy_too_short,"Le jade néphrite présente un vert nuancé, parcouru de marbrures plus claires et plus sombres. Chaque rouleau possède un dessin minéral différent. En lithothérapie, le jade néphrite est associé au calme et au bien-être. La couleur, les inclusions et le dessin minéral peuvent donc différer naturellement d'un exemplaire à l'autre.",
10669417595227,Bracelet en cyanite bleue - Perles de 6 mm,bracelet-en-cyanite-bleue-perles-de-6-mm,https://milaura.fr/products/bracelet-en-cyanite-bleue-perles-de-6-mm,1,DENY,Cyanite bleue,cyanite-bleue,Intuition et clarté,Qualité A - Bonne,,"La cyanite alterne des bleus clairs, gris bleutés et zones plus soutenues. Ses lignes internes donnent à chaque perle un dessin différent.",138,441,stone_copy_too_short,"La cyanite alterne des bleus clairs, gris bleutés et zones plus soutenues. Ses lignes internes donnent à chaque perle un dessin différent. En lithothérapie, la cyanite bleue est associée à l'intuition et à la clarté. D'une perle à l'autre, l'intensité de la couleur et la répartition des inclusions peuvent donc varier.",
10669623968091,Bracelet Calysta doré en quartz rose et cristal de roche,bracelet-calysta-dore-en-quartz-rose-et-cristal-de-roche,https://milaura.fr/products/bracelet-calysta-dore-en-quartz-rose-et-cristal-de-roche,1,DENY,Quartz rose,quartz-rose,Amour et douceur,Qualité A - Bonne,,"Le quartz rose domine une composition de fragments translucides, complétée par du cristal de roche et du quartz fraise hématoïde.",129,394,stone_copy_too_short,"Le quartz rose domine une composition de fragments translucides, complétée par du cristal de roche et du quartz fraise hématoïde. En lithothérapie, le quartz rose est associé à l'amour et à la douceur. D'un éclat à l'autre, l'intensité de la couleur et la répartition des inclusions peuvent donc varier.",
10669774831963,Bracelet Murmure doré en améthyste 4 mm,bracelet-murmure-dore-en-amethyste-4-mm,https://milaura.fr/products/bracelet-murmure-dore-en-amethyste-4-mm,1,DENY,Améthyste,amethyste,Calme et intuition,Qualité A - Bonne,,"Les petites perles d'améthyste montrent un violet translucide nuancé, aligné sur un cordon doré très fin.",105,599,stone_copy_too_short,"Les petites perles d'améthyste montrent un violet translucide nuancé. En lithothérapie, l'améthyste est associée au calme et à l'intuition. D'une perle à l'autre, l'intensité de la couleur et la répartition des inclusions peuvent donc varier.",
10669627375963,Bracelet Mira doré en quartz rose et cristal de roche,bracelet-mira-dore-en-quartz-rose-et-cristal-de-roche,https://milaura.fr/products/bracelet-mira-dore-en-quartz-rose-et-cristal-de-roche,1,DENY,Quartz rose,quartz-rose,Amour et douceur,Qualité A - Bonne,,"Le quartz rose apporte des perles rose pâle, alternées avec la transparence du cristal de roche.",96,635,stone_copy_too_short,"Le quartz rose apporte des perles rose pâle, alternées avec la transparence du cristal de roche. En lithothérapie, le quartz rose est associé à l'amour et à la douceur. D'une perle à l'autre, l'intensité de la couleur et la répartition des inclusions peuvent donc varier.",
10669778305371,Bracelet Rosalia doré en quartz rose et rhodonite 3 mm,bracelet-rosalia-dore-en-quartz-rose-et-rhodonite-3-mm,https://milaura.fr/products/bracelet-rosalia-dore-en-quartz-rose-et-rhodonite-3-mm,1,DENY,Quartz rose,quartz-rose,Amour et douceur,Qualité A - Bonne,,Le quartz rose et la rhodonite composent une ligne de petites perles roses autour d'une fleur centrale plus claire.,115,622,stone_copy_too_short,"Le quartz rose et la rhodonite composent une ligne de petites perles roses autour d'une fleur centrale plus claire. En lithothérapie, le quartz rose est associé à l'amour et à la douceur. D'une perle à l'autre, l'intensité de la couleur et la répartition des inclusions peuvent donc varier.",
10669780074843,Boucles d'oreilles Loa argentées en aventurine verte 25 mm,boucles-d-oreilles-loa-argentees-en-aventurine-verte-25-mm,https://milaura.fr/products/boucles-d-oreilles-loa-argentees-en-aventurine-verte-25-mm,1,DENY,Aventurine verte,aventurine-verte,Confiance et équilibre,Qualité A - Bonne,,"L'aventurine forme deux anneaux polis vert pâle, légèrement nuancés et translucides sur les bords.",98,363,stone_copy_too_short,"L'aventurine forme deux anneaux polis vert pâle, légèrement nuancés et translucides sur les bords. En lithothérapie, l'aventurine verte est associée à la confiance et à l'équilibre. D'un anneau de pierre à l'autre, l'intensité de la couleur et le dessin minéral peuvent donc varier.",
10669781680475,Bracelet Alba doré en jaspe paysage et oeil de tigre,bracelet-alba-dore-en-jaspe-paysage-et-oeil-de-tigre,https://milaura.fr/products/bracelet-alba-dore-en-jaspe-paysage-et-oeil-de-tigre,1,DENY,Jaspe paysage,jaspe,Ancrage et protection,Qualité A - Bonne,,Le jaspe paysage beige et brun alterne avec des perles plus sombres d'œil de tigre aux reflets rubanés.,103,395,stone_copy_too_short,"Le jaspe paysage beige et brun alterne avec des perles plus sombres d'œil de tigre aux reflets rubanés. En lithothérapie, le jaspe paysage est associé à l'ancrage et à la protection. D'une perle à l'autre, l'intensité de la couleur et la répartition des inclusions peuvent donc varier.",
10669785317723,Bracelet Eira doré en améthyste 6 mm,bracelet-eira-dore-en-amethyste-6-mm,https://milaura.fr/products/bracelet-eira-dore-en-amethyste-6-mm,1,DENY,Améthyste,amethyste,Calme et intuition,Qualité A - Bonne,,"Les perles rondes d'améthyste présentent un violet translucide, plus ou moins soutenu selon chaque pierre.",106,368,stone_copy_too_short,"Les perles rondes d'améthyste présentent un violet translucide, plus ou moins soutenu selon chaque pierre. En lithothérapie, l'améthyste est associée au calme et à l'intuition. D'une perle à l'autre, l'intensité de la couleur et la répartition des inclusions peuvent donc varier.",
10669787185499,Bracelet Eira doré en aventurine verte 6 mm,bracelet-eira-dore-en-aventurine-verte-6-mm,https://milaura.fr/products/bracelet-eira-dore-en-aventurine-verte-6-mm,1,DENY,Aventurine verte,aventurine-verte,Confiance et équilibre,Qualité A - Bonne,,"Les perles rondes d'aventurine affichent un vert doux et légèrement nuagé, avec de petites variations naturelles.",113,364,stone_copy_too_short,"Les perles rondes d'aventurine affichent un vert doux et légèrement nuagé, avec de petites variations naturelles. En lithothérapie, l'aventurine verte est associée à la confiance et à l'équilibre. D'une perle à l'autre, l'intensité de la couleur et la répartition des inclusions peuvent donc varier.",
10669789249883,Bracelet Eira doré en howlite blanche 6 mm,bracelet-eira-dore-en-howlite-blanche-6-mm,https://milaura.fr/products/bracelet-eira-dore-en-howlite-blanche-6-mm,1,DENY,Howlite blanche,howlite,Calme et sommeil,Qualité A - Bonne,,La howlite blanche porte de fines veines grises irrégulières qui distinguent chaque perle ronde.,96,608,stone_copy_too_short,"La howlite blanche porte de fines veines grises irrégulières qui distinguent chaque perle ronde. En lithothérapie, la howlite blanche est associée au calme et au sommeil. D'une perle à l'autre, l'intensité de la couleur et la répartition des inclusions peuvent donc varier.",
10669793509723,Bracelet en améthyste rubanée 6 mm,bracelet-en-amethyste-rubanee-6-mm,https://milaura.fr/products/bracelet-en-amethyste-rubanee-6-mm,3,DENY,Améthyste rubanée,amethyste,Calme et intuition,Qualité A - Bonne,,"Les perles rondes alternent violet, lavande et zones plus claires dans un rubanement naturel irrégulier.",104,401,stone_copy_too_short,"Les perles rondes alternent violet, lavande et zones plus claires dans un rubanement naturel irrégulier. En lithothérapie, l'améthyste rubanée est associée au calme et à l'intuition. D'une perle à l'autre, l'intensité de la couleur et la répartition des inclusions peuvent donc varier.",
10669966754139,Plaque de rechargement zodiaque en sélénite - 100 mm,plaque-de-rechargement-zodiaque-en-selenite-100-mm,https://milaura.fr/products/plaque-de-rechargement-zodiaque-en-selenite-100-mm,1,DENY,Sélénite,selenite,Protection et calme,Qualité A+ - Élevée,,"La plaque ronde montre un blanc translucide strié, avec un motif zodiacal finement gravé sur la face et un dos uni.",115,786,stone_copy_too_short,"La plaque ronde montre un blanc translucide strié, avec un motif zodiacal finement gravé sur la face et un dos uni. En lithothérapie, la sélénite est associée à la protection et au calme. La couleur, les inclusions et le dessin minéral peuvent donc différer naturellement d'un exemplaire à l'autre.",
10669969277275,Arbre minéral en améthyste du Brésil - 150 à 200 mm,arbre-mineral-en-amethyste-du-bresil-150-a-200-mm,https://milaura.fr/products/arbre-mineral-en-amethyste-du-bresil-150-a-200-mm,1,DENY,Améthyste,amethyste,Calme et intuition,Qualité A - Bonne,Brésil,Les éclats d'améthyste présentent des violets clairs à soutenus et des formes naturelles irrégulières réparties sur les branches.,129,778,stone_copy_too_short,"Les éclats d'améthyste présentent des violets clairs à soutenus et des formes naturelles irrégulières réparties sur les branches. En lithothérapie, l'améthyste est associée au calme et à l'intuition. D'un éclat à l'autre, l'intensité de la couleur et la répartition des inclusions peuvent donc varier.",
10670433829211,Distributeur de savon en aventurine bleue brute - 100 à 150 mm,distributeur-de-savon-en-aventurine-bleue-brute-100-a-150-mm,https://milaura.fr/products/distributeur-de-savon-en-aventurine-bleue-brute-100-a-150-mm,3,DENY,Aventurine bleue,aventurine-bleue,Clarté et douceur,Qualité A - Bonne,,"Le corps en pierre brute présente un bleu gris irrégulier, avec une surface minérale volontairement non uniforme.",113,790,stone_copy_too_short,"Le corps en pierre brute présente un bleu gris irrégulier, avec une surface minérale volontairement non uniforme. En lithothérapie, l'aventurine bleue est associée à la clarté et à la douceur. La couleur, les inclusions et le dessin minéral peuvent donc différer naturellement d'un exemplaire à l'autre.",
