shopify_product_id,title,handle,shopify_admin_url,inventory_quantity,skus,barcodes,content_updated_at,workflow_class,stone_name,has_story_text,has_stone_description,identity_gate,supplier_match,match_confidence,supplier_orderability,supplier_title,supplier_ref,supplier_url,availability_evidence,checked_at,decision_patrice,decision_notes
10488132469083,Bague Lapis Lazuli Argent,bague-argent-925-modele-02-lapis-lazuli-aa,https://admin.shopify.com/store/milaura-2/products/10488132469083,10,,,,legacy_or_unknown_workflow,Lapis Lazuli,True,True,manual_verification_required,weak_match,0.5057,manual_match_required,BAGUE ARGENT 925 MODÈLE 01 LAPIS LAZULI AA (1 PIÈCE) LOT N°1A0326,3701459041688,https://camille-ambiance-nature.fr/produit/bague-argent-925-modele-01-lapis-lazuli-aa-1-piece-lot-n1a0326,Primary Ajouter control observed on the authenticated supplier page.,2026-09-07,,
10357680439643,Bol Chantant,bol-chantant,https://admin.shopify.com/store/milaura-2/products/10357680439643,5,3667407000711,,,legacy_or_unknown_workflow,,False,False,manual_verification_required,ambiguous,0.6316,manual_match_required,BOL CHANTANT 120MM (1 PIÈCE),3667407009349,https://camille-ambiance-nature.fr/produit/bol-chantant-120mm-1-pi%C3%A8ce,Primary Ajouter control observed on the authenticated supplier page.,2026-09-07,,
10488165728603,Bracelet 7 Chakras Baroque,bracelet-baroque-7-chakras,https://admin.shopify.com/store/milaura-2/products/10488165728603,10,,,,legacy_or_unknown_workflow,Pierres des 7 Chakras,True,True,manual_verification_required,ambiguous,0.6471,manual_match_required,BRACELET BAROQUE 7 CHAKRAS A (LOT 10 PIÈCES),3701459003327,https://camille-ambiance-nature.fr/produit/bracelet-baroque-7-chakras-a-lot-10-pieces,Primary Ajouter control observed on the authenticated supplier page.,2026-09-07,,
10357435629915,Bracelet Baroque Amazonite,bracelet-amazonite,https://admin.shopify.com/store/milaura-2/products/10357435629915,5,3667407009110,,,legacy_or_unknown_workflow,Amazonite,True,False,manual_verification_required,ambiguous,0.7123,manual_match_required,BRACELET BAROQUE AMAZONITE PÉROU A (LOT 5 PIÈCES),3701459066711,https://camille-ambiance-nature.fr/produit/bracelet-baroque-amazonite-perou-a-lot-5-pi%C3%A8ces,Primary Ajouter control observed on the authenticated supplier page.,2026-09-07,,
10357461254491,Bracelet Baroque Unakite,bracelet-unakite,https://admin.shopify.com/store/milaura-2/products/10357461254491,5,3701459010288,,,legacy_or_unknown_workflow,Unakite,True,False,manual_verification_required,title_match,0.75,manual_match_required,BRACELET BAROQUE UNAKITE A (LOT 10 PIÈCES),3701459019564,https://camille-ambiance-nature.fr/produit/bracelet-baroque-unakite-a-lot-10-pi%C3%A8ces,"Supplier page title resembles the Shopify title, but no exact reference or exact supplier handle proves identity. Manual verification required.",2026-09-07,,
10357470429531,Bracelet Calcédoine Bleue,bracelet-calcedoine-bleue-2,https://admin.shopify.com/store/milaura-2/products/10357470429531,5,3701459010769,,,legacy_or_unknown_workflow,,True,False,manual_verification_required,ambiguous,0.7143,manual_match_required,BRACELET BOULE 06MM CALCÉDOINE BLEUE MALAWI A,3701459045105,https://camille-ambiance-nature.fr/produit/bracelet-boule-06mm-calcedoine-bleue-malawi-a,Primary Rupture control observed on the authenticated supplier page.,2026-09-07,,
10357455323483,Bracelet Jaspe,bracelet-jaspe,https://admin.shopify.com/store/milaura-2/products/10357455323483,5,3701459035779,,,legacy_or_unknown_workflow,Jaspe,True,False,manual_verification_required,ambiguous,0.6087,manual_match_required,BRACELET BOULE 06MM JASPE BRUN A,3701459009343,https://camille-ambiance-nature.fr/produit/bracelet-boule-06mm-jaspe-brun-a,Primary Rupture control observed on the authenticated supplier page.,2026-09-07,,
10357478326619,Bracelet Lapis Lazuli,bracelet-lapis-lazuli-1,https://admin.shopify.com/store/milaura-2/products/10357478326619,5,3701459011377,,,legacy_or_unknown_workflow,Lapis Lazuli,True,False,manual_verification_required,title_match,0.7778,manual_match_required,BRACELET ALÉA DORÉ LAPIS LAZULI A,3667407006584,https://camille-ambiance-nature.fr/produit/bracelet-alea-dore-lapis-lazuli-a,"Supplier page title resembles the Shopify title, but no exact reference or exact supplier handle proves identity. Manual verification required.",2026-09-07,,
10357489500507,Bracelet Rhodonite,bracelet-rhodonite,https://admin.shopify.com/store/milaura-2/products/10357489500507,5,3701459091607,,,legacy_or_unknown_workflow,Rhodonite,True,False,manual_verification_required,ambiguous,0.6545,manual_match_required,BRACELET BOULE 08MM RHODONITE PÉROU A,3701459084968,https://camille-ambiance-nature.fr/produit/bracelet-boule-08mm-rhodonite-perou-a,Primary Ajouter control observed on the authenticated supplier page.,2026-09-07,,
10357692629339,Bâton de Sauge Blanche,sauge-blanche,https://admin.shopify.com/store/milaura-2/products/10357692629339,5,3701459086689,,,legacy_or_unknown_workflow,,False,False,manual_verification_required,ambiguous,0.6984,manual_match_required,BÂTON DE SAUGE BLANCHE 100MM (LOT 3 PIÈCES),3701459054749,https://camille-ambiance-nature.fr/produit/b%C3%A2ton-de-sauge-blanche-100mm-lot-3-pi%C3%A8ces,Primary Ajouter control observed on the authenticated supplier page.,2026-09-07,,
10358582051163,Bâton de Sauge Blanche,sauge-blanche-2,https://admin.shopify.com/store/milaura-2/products/10358582051163,5,3701459080298,,,legacy_or_unknown_workflow,,False,False,manual_verification_required,ambiguous,0.6984,manual_match_required,BÂTON DE SAUGE BLANCHE 100MM (LOT 3 PIÈCES),3701459054749,https://camille-ambiance-nature.fr/produit/b%C3%A2ton-de-sauge-blanche-100mm-lot-3-pi%C3%A8ces,Primary Ajouter control observed on the authenticated supplier page.,2026-09-07,,
10357694366043,Bâton de Sauge Blanche Lavande,sauge-blanche-lavande-1,https://admin.shopify.com/store/milaura-2/products/10357694366043,5,3701459086658,,,legacy_or_unknown_workflow,,False,False,manual_verification_required,ambiguous,0.7143,manual_match_required,BÂTON DE SAUGE BLANCHE AVEC LAVANDE 100MM (LOT 3 PIÈCES),3701459091409,https://camille-ambiance-nature.fr/produit/b%C3%A2ton-de-sauge-blanche-avec-lavande-100mm-lot-3-pi%C3%A8ces,Primary Ajouter control observed on the authenticated supplier page.,2026-09-07,,
10358583066971,Cage Spirale Argentée,cage-spirale-argentee,https://admin.shopify.com/store/milaura-2/products/10358583066971,5,3667407000483,,,legacy_or_unknown_workflow,,False,False,manual_verification_required,ambiguous,0.6885,manual_match_required,CAGE SPIRALE 08MM ARGENTÉE (LOT 20 PIÈCES),3667407004481,https://camille-ambiance-nature.fr/produit/cage-spirale-08mm-argentee-lot-20-pieces,Primary Ajouter control observed on the authenticated supplier page.,2026-09-07,,
10402430353755,Chaine Argent 925 Maille Palmier,chaine-argent-925-rhodie-55cm-maille-palmier-2-mm-modele-03,https://admin.shopify.com/store/milaura-2/products/10402430353755,10,,,,legacy_or_unknown_workflow,,True,False,manual_verification_required,ambiguous,0.5818,manual_match_required,CHAINE ARGENT 925 RHODIÉ 45CM MAILLE PALMIER 2 MM MODÈLE 09 (1PIÈCE) LOT N°1A0924,3701459072170,https://camille-ambiance-nature.fr/produit/chaine-argent-925-rhodie-45cm-maille-palmier-2-mm-mod%C3%A8le-09-1pi%C3%A8ce-lot-n%C2%B01a0924,Primary Ajouter control observed on the authenticated supplier page.,2026-09-07,,
10402430943579,Chaîne Acier Doré,chaine-45cm-reglable-maille-forcat-doree-13-acier-inoxydable,https://admin.shopify.com/store/milaura-2/products/10402430943579,10,,,,legacy_or_unknown_workflow,,True,False,manual_verification_required,weak_match,0.3441,manual_match_required,CHAÎNE 40CM RÉGLABLE MAILLE FORÇAT DORÉE - 12 ACIER INOXYDABLE (LOT DE 3 PIÈCES),3701459096541,https://camille-ambiance-nature.fr/produit/cha%C3%AEne-40cm-reglable-maille-for%C3%A7at-doree---12-acier-inoxydable-lot-de-3-pi%C3%A8ces,Primary Ajouter control observed on the authenticated supplier page.,2026-09-07,,
10402430124379,Chaîne Argent 925 Rhodié,chaine-argent-925-rhodie-45cm-maille-venitienne-torsadee-1-m,https://admin.shopify.com/store/milaura-2/products/10402430124379,10,,,,legacy_or_unknown_workflow,,True,False,manual_verification_required,weak_match,0.4706,manual_match_required,CHAINE ARGENT 925 RHODIÉ 45CM MAILLE PALMIER 2 MM MODÈLE 09 (1PIÈCE) LOT N°1A0924,3701459072170,https://camille-ambiance-nature.fr/produit/chaine-argent-925-rhodie-45cm-maille-palmier-2-mm-mod%C3%A8le-09-1pi%C3%A8ce-lot-n%C2%B01a0924,Primary Ajouter control observed on the authenticated supplier page.,2026-09-07,,
10402430648667,Chaîne Maille Vénitienne,chaine-45cm-reglable-maille-venitienne-argentee-08-acier-ino,https://admin.shopify.com/store/milaura-2/products/10402430648667,10,,,,legacy_or_unknown_workflow,,True,False,manual_verification_required,weak_match,0.4615,manual_match_required,CHAÎNE 45CM RÉGLABLE MAILLE VÉNITIENNE DORÉE - 08 ACIER INOXYDABLE (LOT DE 3 PIÈCES),3701459096480,https://camille-ambiance-nature.fr/produit/cha%C3%AEne-45cm-reglable-maille-venitienne-doree---08-acier-inoxydable-lot-de-3-pi%C3%A8ces,Primary Ajouter control observed on the authenticated supplier page.,2026-09-07,,
10357708980571,Distributeur Savon Aventurine Verte,savon-aventurine-verte,https://admin.shopify.com/store/milaura-2/products/10357708980571,5,3667407007451,,,legacy_or_unknown_workflow,,True,False,manual_verification_required,ambiguous,0.6481,manual_match_required,DISTRIBUTEUR DE SAVON PIERRE BRUTE 100 À 150MM AVENTURINE VERTE A (1 PIÈCE),3701459065820,https://camille-ambiance-nature.fr/produit/distributeur-de-savon-pierre-brute-100-%C3%A0-150mm-aventurine-verte-a-1-pi%C3%A8ce,Primary Ajouter control observed on the authenticated supplier page.,2026-09-07,,
10359673782619,Druse Cristal de Roche,druse-cristal-de-roche,https://admin.shopify.com/store/milaura-2/products/10359673782619,5,3701459071364,,,legacy_or_unknown_workflow,,True,False,manual_verification_required,ambiguous,0.6769,manual_match_required,DRUSE CRISTAL DE ROCHE A 700 À 900G (1 PIÈCE),3701459099092,https://camille-ambiance-nature.fr/produit/druse-cristal-de-roche-a-700-a-900g-1-piece,Primary Rupture control observed on the authenticated supplier page.,2026-09-07,,
10358582280539,Fleur de Vie,fleur-de-vie,https://admin.shopify.com/store/milaura-2/products/10358582280539,5,3667407007284,,,legacy_or_unknown_workflow,,False,False,manual_verification_required,weak_match,0.4706,manual_match_required,BOL CHANTANT FLEUR DE VIE 120MM (1 PIÈCE),3667407009530,https://camille-ambiance-nature.fr/produit/bol-chantant-fleur-de-vie-120mm-1-pi%C3%A8ce,Primary Ajouter control observed on the authenticated supplier page.,2026-09-07,,
10359674241371,Géode Améthyste,geode-amethyste-8,https://admin.shopify.com/store/milaura-2/products/10359674241371,5,LOTGEOAMURA5067,,,legacy_or_unknown_workflow,Améthyste,True,False,manual_verification_required,weak_match,0.4348,manual_match_required,GÉODE AMÉTHYSTE BORD BRUT URUGUAY A 300 À 500G (1 PIÈCE),3701459087068,https://camille-ambiance-nature.fr/produit/geode-amethyste-bord-brut-uruguay-a-300-%C3%A0-500g-1-pi%C3%A8ce,Primary Ajouter control observed on the authenticated supplier page.,2026-09-07,,
10358875390299,Géode Améthyste,geode-amethyste-7,https://admin.shopify.com/store/milaura-2/products/10358875390299,5,3701459023295,,,legacy_or_unknown_workflow,Améthyste,True,False,manual_verification_required,weak_match,0.4348,manual_match_required,GÉODE AMÉTHYSTE BORD BRUT URUGUAY A 300 À 500G (1 PIÈCE),3701459087068,https://camille-ambiance-nature.fr/produit/geode-amethyste-bord-brut-uruguay-a-300-%C3%A0-500g-1-pi%C3%A8ce,Primary Ajouter control observed on the authenticated supplier page.,2026-09-07,,
10358580347227,Géode Améthyste,geode-amethyste-5,https://admin.shopify.com/store/milaura-2/products/10358580347227,5,3701459023325,,,legacy_or_unknown_workflow,Améthyste,True,False,manual_verification_required,weak_match,0.4348,manual_match_required,GÉODE AMÉTHYSTE BORD BRUT URUGUAY A 300 À 500G (1 PIÈCE),3701459087068,https://camille-ambiance-nature.fr/produit/geode-amethyste-bord-brut-uruguay-a-300-%C3%A0-500g-1-pi%C3%A8ce,Primary Ajouter control observed on the authenticated supplier page.,2026-09-07,,
10358580379995,Géode Améthyste,geode-amethyste-6,https://admin.shopify.com/store/milaura-2/products/10358580379995,5,3701459023332,,,legacy_or_unknown_workflow,Améthyste,True,False,manual_verification_required,weak_match,0.4348,manual_match_required,GÉODE AMÉTHYSTE BORD BRUT URUGUAY A 300 À 500G (1 PIÈCE),3701459087068,https://camille-ambiance-nature.fr/produit/geode-amethyste-bord-brut-uruguay-a-300-%C3%A0-500g-1-pi%C3%A8ce,Primary Ajouter control observed on the authenticated supplier page.,2026-09-07,,
10358580281691,Géode Améthyste,geode-amethyste-3,https://admin.shopify.com/store/milaura-2/products/10358580281691,5,LOTGEOAMURA4904,,,legacy_or_unknown_workflow,Améthyste,True,False,manual_verification_required,weak_match,0.4348,manual_match_required,GÉODE AMÉTHYSTE BORD BRUT URUGUAY A 300 À 500G (1 PIÈCE),3701459087068,https://camille-ambiance-nature.fr/produit/geode-amethyste-bord-brut-uruguay-a-300-%C3%A0-500g-1-pi%C3%A8ce,Primary Ajouter control observed on the authenticated supplier page.,2026-09-07,,
10357667496283,Géode Améthyste,geode-amethyste-2,https://admin.shopify.com/store/milaura-2/products/10357667496283,5,LOTGEOAMURA5259,,,legacy_or_unknown_workflow,Améthyste,True,False,manual_verification_required,weak_match,0.4348,manual_match_required,GÉODE AMÉTHYSTE BORD BRUT URUGUAY A 300 À 500G (1 PIÈCE),3701459087068,https://camille-ambiance-nature.fr/produit/geode-amethyste-bord-brut-uruguay-a-300-%C3%A0-500g-1-pi%C3%A8ce,Primary Ajouter control observed on the authenticated supplier page.,2026-09-07,,
10357666414939,Géode Améthyste,geode-amethyste-1,https://admin.shopify.com/store/milaura-2/products/10357666414939,5,LOTGEOAMURA4901,,,legacy_or_unknown_workflow,Améthyste,True,False,manual_verification_required,weak_match,0.4348,manual_match_required,GÉODE AMÉTHYSTE BORD BRUT URUGUAY A 300 À 500G (1 PIÈCE),3701459087068,https://camille-ambiance-nature.fr/produit/geode-amethyste-bord-brut-uruguay-a-300-%C3%A0-500g-1-pi%C3%A8ce,Primary Ajouter control observed on the authenticated supplier page.,2026-09-07,,
10358580314459,Géode Améthyste,geode-amethyste-4,https://admin.shopify.com/store/milaura-2/products/10358580314459,5,LOTGEOAMURA4935,,,legacy_or_unknown_workflow,Améthyste,True,False,manual_verification_required,weak_match,0.4348,manual_match_required,GÉODE AMÉTHYSTE BORD BRUT URUGUAY A 300 À 500G (1 PIÈCE),3701459087068,https://camille-ambiance-nature.fr/produit/geode-amethyste-bord-brut-uruguay-a-300-%C3%A0-500g-1-pi%C3%A8ce,Primary Ajouter control observed on the authenticated supplier page.,2026-09-07,,
10357664809307,Géode Améthyste,geode-amethyste,https://admin.shopify.com/store/milaura-2/products/10357664809307,5,LOTGEOAMURA4595,,,legacy_or_unknown_workflow,Améthyste,True,False,manual_verification_required,weak_match,0.4348,manual_match_required,GÉODE AMÉTHYSTE BORD BRUT URUGUAY A 300 À 500G (1 PIÈCE),3701459087068,https://camille-ambiance-nature.fr/produit/geode-amethyste-bord-brut-uruguay-a-300-%C3%A0-500g-1-pi%C3%A8ce,Primary Ajouter control observed on the authenticated supplier page.,2026-09-07,,
10357689418075,Maillet En Bois,maillet-en-bois,https://admin.shopify.com/store/milaura-2/products/10357689418075,5,3667407009981,,,legacy_or_unknown_workflow,,False,False,manual_verification_required,ambiguous,0.6818,manual_match_required,MAILLET EN BOIS 190MM (1 PIÈCE),3667407010017,https://camille-ambiance-nature.fr/produit/maillet-en-bois-190mm-1-piece,Primary Ajouter control observed on the authenticated supplier page.,2026-09-07,,
10357704065371,Palo Santo,palo-santo-2,https://admin.shopify.com/store/milaura-2/products/10357704065371,5,3701459062492,,,legacy_or_unknown_workflow,,False,False,manual_verification_required,weak_match,0.4,manual_match_required,ENCENS SATYA PALO SANTO (12 BOITES DE 15G),8904245400996,https://camille-ambiance-nature.fr/produit/encens-satya-palo-santo-12-boites-de-15g,Primary Ajouter control observed on the authenticated supplier page.,2026-09-07,,
10357649998171,Pendentif Amazonite,pendentif-amazonite-2,https://admin.shopify.com/store/milaura-2/products/10357649998171,5,3701459050338,,,legacy_or_unknown_workflow,Amazonite,True,False,manual_verification_required,ambiguous,0.5352,manual_match_required,PENDENTIF ARGENT 925 AMAZONITE AA N°3802 (2 PIÈCES) 23G,PARG3802,https://camille-ambiance-nature.fr/produit/pendentif-argent-925-amazonite-aa-n%C2%B03802-2-pi%C3%A8ces-23g,Primary Ajouter control observed on the authenticated supplier page.,2026-09-07,,
10357648851291,Pendentif Amazonite,pendentif-amazonite-1,https://admin.shopify.com/store/milaura-2/products/10357648851291,5,3701459050147,,,legacy_or_unknown_workflow,Amazonite,True,False,manual_verification_required,ambiguous,0.5352,manual_match_required,PENDENTIF ARGENT 925 AMAZONITE AA N°3802 (2 PIÈCES) 23G,PARG3802,https://camille-ambiance-nature.fr/produit/pendentif-argent-925-amazonite-aa-n%C2%B03802-2-pi%C3%A8ces-23g,Primary Ajouter control observed on the authenticated supplier page.,2026-09-07,,
10357648294235,Pendentif Amazonite Pierre Plate,pendentif-amazonite,https://admin.shopify.com/store/milaura-2/products/10357648294235,5,3701459050130,,,legacy_or_unknown_workflow,Amazonite,True,False,manual_verification_required,weak_match,0.4889,manual_match_required,PENDENTIF PIERRE PLATE OVALE AMAZONITE A 35 À 45MM (1 PIÈCE),3701459050543,https://camille-ambiance-nature.fr/produit/pendentif-pierre-plate-ovale-amazonite-a-35-%C3%A0-45mm-1-pi%C3%A8ce,Primary Ajouter control observed on the authenticated supplier page.,2026-09-07,,
10402435662171,Pendentif Améthyste Argent Rhodié,pendentif-argent-925-rhodie-modele-01-amethyste-facettee-bre,https://admin.shopify.com/store/milaura-2/products/10402435662171,10,,,,legacy_or_unknown_workflow,Améthyste,True,True,manual_verification_required,weak_match,0.4167,manual_match_required,PENDENTIF ARGENT 925 RHODIÉ MODÈLE 01 AMÉTHYSTE FACETTÉE BRÉSIL AAA (1 PIÈCE) LOT N°1A0126,3667407014169,https://camille-ambiance-nature.fr/produit/pendentif-argent-925-rhodie-modele-01-amethyste-facettee-bresil-aaa-1-piece-lot-n1a0126,Primary Ajouter control observed on the authenticated supplier page.,2026-09-07,,
10402434416987,Pendentif Améthyste Argent Rhodié,pendentif-argent-925-rhodie-modele-04-amethyste-facettee-bre,https://admin.shopify.com/store/milaura-2/products/10402434416987,10,,,,legacy_or_unknown_workflow,Améthyste,True,True,manual_verification_required,weak_match,0.4167,manual_match_required,PENDENTIF ARGENT 925 RHODIÉ MODÈLE 01 AMÉTHYSTE FACETTÉE BRÉSIL AAA (1 PIÈCE) LOT N°1A0126,3667407014169,https://camille-ambiance-nature.fr/produit/pendentif-argent-925-rhodie-modele-01-amethyste-facettee-bresil-aaa-1-piece-lot-n1a0126,Primary Ajouter control observed on the authenticated supplier page.,2026-09-07,,
10402435465563,Pendentif Améthyste Argent Rhodié,pendentif-argent-925-rhodie-modele-05-amethyste-facettee-bre,https://admin.shopify.com/store/milaura-2/products/10402435465563,10,,,,legacy_or_unknown_workflow,Améthyste,True,True,manual_verification_required,weak_match,0.4167,manual_match_required,PENDENTIF ARGENT 925 RHODIÉ MODÈLE 01 AMÉTHYSTE FACETTÉE BRÉSIL AAA (1 PIÈCE) LOT N°1A0126,3667407014169,https://camille-ambiance-nature.fr/produit/pendentif-argent-925-rhodie-modele-01-amethyste-facettee-bresil-aaa-1-piece-lot-n1a0126,Primary Ajouter control observed on the authenticated supplier page.,2026-09-07,,
10357505458523,Pendentif Apatite,pendentif-apatite-1,https://admin.shopify.com/store/milaura-2/products/10357505458523,5,PARG4766,,,legacy_or_unknown_workflow,Apatite,True,False,manual_verification_required,weak_match,0.5075,manual_match_required,PENDENTIF SERTI OVALE APATITE BLEUE A (LOT 2 PIÈCES),3701459096664,https://camille-ambiance-nature.fr/produit/pendentif-serti-ovale-apatite-bleue-a-lot-2-pieces,Primary Rupture control observed on the authenticated supplier page.,2026-09-07,,
10357514273115,Pendentif Apatite,pendentif-apatite-6,https://admin.shopify.com/store/milaura-2/products/10357514273115,5,PARG4792,,,legacy_or_unknown_workflow,Apatite,True,False,manual_verification_required,weak_match,0.5075,manual_match_required,PENDENTIF SERTI OVALE APATITE BLEUE A (LOT 2 PIÈCES),3701459096664,https://camille-ambiance-nature.fr/produit/pendentif-serti-ovale-apatite-bleue-a-lot-2-pieces,Primary Rupture control observed on the authenticated supplier page.,2026-09-07,,
10357510373723,Pendentif Apatite,pendentif-apatite-5,https://admin.shopify.com/store/milaura-2/products/10357510373723,5,PARG4781,,,legacy_or_unknown_workflow,Apatite,True,False,manual_verification_required,weak_match,0.5075,manual_match_required,PENDENTIF SERTI OVALE APATITE BLEUE A (LOT 2 PIÈCES),3701459096664,https://camille-ambiance-nature.fr/produit/pendentif-serti-ovale-apatite-bleue-a-lot-2-pieces,Primary Rupture control observed on the authenticated supplier page.,2026-09-07,,
10357509325147,Pendentif Apatite,pendentif-apatite-4,https://admin.shopify.com/store/milaura-2/products/10357509325147,5,PARG4775,,,legacy_or_unknown_workflow,Apatite,True,False,manual_verification_required,weak_match,0.5075,manual_match_required,PENDENTIF SERTI OVALE APATITE BLEUE A (LOT 2 PIÈCES),3701459096664,https://camille-ambiance-nature.fr/produit/pendentif-serti-ovale-apatite-bleue-a-lot-2-pieces,Primary Rupture control observed on the authenticated supplier page.,2026-09-07,,
10357507588443,Pendentif Apatite,pendentif-apatite-3,https://admin.shopify.com/store/milaura-2/products/10357507588443,5,PARG4769,,,legacy_or_unknown_workflow,Apatite,True,False,manual_verification_required,weak_match,0.5075,manual_match_required,PENDENTIF SERTI OVALE APATITE BLEUE A (LOT 2 PIÈCES),3701459096664,https://camille-ambiance-nature.fr/produit/pendentif-serti-ovale-apatite-bleue-a-lot-2-pieces,Primary Rupture control observed on the authenticated supplier page.,2026-09-07,,
10357506376027,Pendentif Apatite,pendentif-apatite-2,https://admin.shopify.com/store/milaura-2/products/10357506376027,5,PARG4767,,,legacy_or_unknown_workflow,Apatite,True,False,manual_verification_required,weak_match,0.5075,manual_match_required,PENDENTIF SERTI OVALE APATITE BLEUE A (LOT 2 PIÈCES),3701459096664,https://camille-ambiance-nature.fr/produit/pendentif-serti-ovale-apatite-bleue-a-lot-2-pieces,Primary Rupture control observed on the authenticated supplier page.,2026-09-07,,
10357502771547,Pendentif Apatite,pendentif-apatite,https://admin.shopify.com/store/milaura-2/products/10357502771547,5,PARG4758,,,legacy_or_unknown_workflow,Apatite,True,False,manual_verification_required,weak_match,0.5075,manual_match_required,PENDENTIF SERTI OVALE APATITE BLEUE A (LOT 2 PIÈCES),3701459096664,https://camille-ambiance-nature.fr/produit/pendentif-serti-ovale-apatite-bleue-a-lot-2-pieces,Primary Rupture control observed on the authenticated supplier page.,2026-09-07,,
10357513748827,Pendentif Apatite Bleue,pendentif-apatite-bleue-14,https://admin.shopify.com/store/milaura-2/products/10357513748827,5,PARG4791,,,legacy_or_unknown_workflow,Apatite,True,False,manual_verification_required,ambiguous,0.6301,manual_match_required,PENDENTIF SERTI OVALE APATITE BLEUE A (LOT 2 PIÈCES),3701459096664,https://camille-ambiance-nature.fr/produit/pendentif-serti-ovale-apatite-bleue-a-lot-2-pieces,Primary Rupture control observed on the authenticated supplier page.,2026-09-07,,
10357513224539,Pendentif Apatite Bleue,pendentif-apatite-bleue-13,https://admin.shopify.com/store/milaura-2/products/10357513224539,5,PARG4788,,,legacy_or_unknown_workflow,Apatite,True,False,manual_verification_required,ambiguous,0.6301,manual_match_required,PENDENTIF SERTI OVALE APATITE BLEUE A (LOT 2 PIÈCES),3701459096664,https://camille-ambiance-nature.fr/produit/pendentif-serti-ovale-apatite-bleue-a-lot-2-pieces,Primary Rupture control observed on the authenticated supplier page.,2026-09-07,,
10357512667483,Pendentif Apatite Bleue,pendentif-apatite-bleue-12,https://admin.shopify.com/store/milaura-2/products/10357512667483,5,PARG4787,,,legacy_or_unknown_workflow,Apatite,True,False,manual_verification_required,ambiguous,0.6301,manual_match_required,PENDENTIF SERTI OVALE APATITE BLEUE A (LOT 2 PIÈCES),3701459096664,https://camille-ambiance-nature.fr/produit/pendentif-serti-ovale-apatite-bleue-a-lot-2-pieces,Primary Rupture control observed on the authenticated supplier page.,2026-09-07,,
10357512143195,Pendentif Apatite Bleue,pendentif-apatite-bleue-11,https://admin.shopify.com/store/milaura-2/products/10357512143195,5,PARG4786,,,legacy_or_unknown_workflow,Apatite,True,False,manual_verification_required,ambiguous,0.6301,manual_match_required,PENDENTIF SERTI OVALE APATITE BLEUE A (LOT 2 PIÈCES),3701459096664,https://camille-ambiance-nature.fr/produit/pendentif-serti-ovale-apatite-bleue-a-lot-2-pieces,Primary Rupture control observed on the authenticated supplier page.,2026-09-07,,
10357511618907,Pendentif Apatite Bleue,pendentif-apatite-bleue-10,https://admin.shopify.com/store/milaura-2/products/10357511618907,5,PARG4785,,,legacy_or_unknown_workflow,Apatite,True,False,manual_verification_required,ambiguous,0.6301,manual_match_required,PENDENTIF SERTI OVALE APATITE BLEUE A (LOT 2 PIÈCES),3701459096664,https://camille-ambiance-nature.fr/produit/pendentif-serti-ovale-apatite-bleue-a-lot-2-pieces,Primary Rupture control observed on the authenticated supplier page.,2026-09-07,,
10357511029083,Pendentif Apatite Bleue,pendentif-apatite-bleue-9,https://admin.shopify.com/store/milaura-2/products/10357511029083,5,PARG4783,,,legacy_or_unknown_workflow,Apatite,True,False,manual_verification_required,ambiguous,0.6301,manual_match_required,PENDENTIF SERTI OVALE APATITE BLEUE A (LOT 2 PIÈCES),3701459096664,https://camille-ambiance-nature.fr/produit/pendentif-serti-ovale-apatite-bleue-a-lot-2-pieces,Primary Rupture control observed on the authenticated supplier page.,2026-09-07,,
10357509849435,Pendentif Apatite Bleue,pendentif-apatite-bleue-8,https://admin.shopify.com/store/milaura-2/products/10357509849435,5,PARG4778,,,legacy_or_unknown_workflow,Apatite,True,False,manual_verification_required,ambiguous,0.6301,manual_match_required,PENDENTIF SERTI OVALE APATITE BLEUE A (LOT 2 PIÈCES),3701459096664,https://camille-ambiance-nature.fr/produit/pendentif-serti-ovale-apatite-bleue-a-lot-2-pieces,Primary Rupture control observed on the authenticated supplier page.,2026-09-07,,
10357508800859,Pendentif Apatite Bleue,pendentif-apatite-bleue-7,https://admin.shopify.com/store/milaura-2/products/10357508800859,5,PARG4774,,,legacy_or_unknown_workflow,Apatite,True,False,manual_verification_required,ambiguous,0.6301,manual_match_required,PENDENTIF SERTI OVALE APATITE BLEUE A (LOT 2 PIÈCES),3701459096664,https://camille-ambiance-nature.fr/produit/pendentif-serti-ovale-apatite-bleue-a-lot-2-pieces,Primary Rupture control observed on the authenticated supplier page.,2026-09-07,,
10357508178267,Pendentif Apatite Bleue,pendentif-apatite-bleue-6,https://admin.shopify.com/store/milaura-2/products/10357508178267,5,PARG4772,,,legacy_or_unknown_workflow,Apatite,True,False,manual_verification_required,ambiguous,0.6301,manual_match_required,PENDENTIF SERTI OVALE APATITE BLEUE A (LOT 2 PIÈCES),3701459096664,https://camille-ambiance-nature.fr/produit/pendentif-serti-ovale-apatite-bleue-a-lot-2-pieces,Primary Rupture control observed on the authenticated supplier page.,2026-09-07,,
10357507129691,Pendentif Apatite Bleue,pendentif-apatite-bleue-5,https://admin.shopify.com/store/milaura-2/products/10357507129691,5,PARG4768,,,legacy_or_unknown_workflow,Apatite,True,False,manual_verification_required,ambiguous,0.6301,manual_match_required,PENDENTIF SERTI OVALE APATITE BLEUE A (LOT 2 PIÈCES),3701459096664,https://camille-ambiance-nature.fr/produit/pendentif-serti-ovale-apatite-bleue-a-lot-2-pieces,Primary Rupture control observed on the authenticated supplier page.,2026-09-07,,
10357504049499,Pendentif Apatite Bleue,pendentif-apatite-bleue-3,https://admin.shopify.com/store/milaura-2/products/10357504049499,5,PARG4762,,,legacy_or_unknown_workflow,Apatite,True,False,manual_verification_required,ambiguous,0.6301,manual_match_required,PENDENTIF SERTI OVALE APATITE BLEUE A (LOT 2 PIÈCES),3701459096664,https://camille-ambiance-nature.fr/produit/pendentif-serti-ovale-apatite-bleue-a-lot-2-pieces,Primary Rupture control observed on the authenticated supplier page.,2026-09-07,,
10357504770395,Pendentif Apatite Bleue,pendentif-apatite-bleue-4,https://admin.shopify.com/store/milaura-2/products/10357504770395,5,PARG4765,,,legacy_or_unknown_workflow,Apatite,True,False,manual_verification_required,ambiguous,0.6301,manual_match_required,PENDENTIF SERTI OVALE APATITE BLEUE A (LOT 2 PIÈCES),3701459096664,https://camille-ambiance-nature.fr/produit/pendentif-serti-ovale-apatite-bleue-a-lot-2-pieces,Primary Rupture control observed on the authenticated supplier page.,2026-09-07,,
10357503295835,Pendentif Apatite Bleue,pendentif-apatite-bleue-2,https://admin.shopify.com/store/milaura-2/products/10357503295835,5,PARG4760,,,legacy_or_unknown_workflow,Apatite,True,False,manual_verification_required,ambiguous,0.6301,manual_match_required,PENDENTIF SERTI OVALE APATITE BLEUE A (LOT 2 PIÈCES),3701459096664,https://camille-ambiance-nature.fr/produit/pendentif-serti-ovale-apatite-bleue-a-lot-2-pieces,Primary Rupture control observed on the authenticated supplier page.,2026-09-07,,
10357502181723,Pendentif Apatite Bleue,pendentif-apatite-bleue-1,https://admin.shopify.com/store/milaura-2/products/10357502181723,5,PARG4757,,,legacy_or_unknown_workflow,Apatite,True,False,manual_verification_required,ambiguous,0.6301,manual_match_required,PENDENTIF SERTI OVALE APATITE BLEUE A (LOT 2 PIÈCES),3701459096664,https://camille-ambiance-nature.fr/produit/pendentif-serti-ovale-apatite-bleue-a-lot-2-pieces,Primary Rupture control observed on the authenticated supplier page.,2026-09-07,,
10357501657435,Pendentif Apatite Bleue,pendentif-apatite-bleue,https://admin.shopify.com/store/milaura-2/products/10357501657435,5,PARG4751,,,legacy_or_unknown_workflow,Apatite,True,False,manual_verification_required,ambiguous,0.6301,manual_match_required,PENDENTIF SERTI OVALE APATITE BLEUE A (LOT 2 PIÈCES),3701459096664,https://camille-ambiance-nature.fr/produit/pendentif-serti-ovale-apatite-bleue-a-lot-2-pieces,Primary Rupture control observed on the authenticated supplier page.,2026-09-07,,
10402427208027,Pendentif Aventurine Bleue,pendentif-pierre-percee-aventurine-bleue,https://admin.shopify.com/store/milaura-2/products/10402427208027,10,,,,legacy_or_unknown_workflow,Aventurine Bleue,True,True,manual_verification_required,ambiguous,0.642,manual_match_required,PENDENTIF PIERRE PERCÉE AVENTURINE BLEUE A (LOT 5 PIÈCES),3701459041107,https://camille-ambiance-nature.fr/produit/pendentif-pierre-percee-aventurine-bleue-a-lot-5-pi%C3%A8ces,Primary Ajouter control observed on the authenticated supplier page.,2026-09-07,,
10357519057243,Pendentif Corail Fossile,pendentif-corail-fossile-8,https://admin.shopify.com/store/milaura-2/products/10357519057243,5,PARG4829,,,legacy_or_unknown_workflow,,True,False,manual_verification_required,ambiguous,0.5783,manual_match_required,"PENDENTIF ARGENT 925 CORAIL FOSSILE AA N°4794 (1 PIÈCE) 14,95G",PARG4794,https://camille-ambiance-nature.fr/produit/pendentif-argent-925-corail-fossile-aa-n%C2%B04794-1-pi%C3%A8ce-14%2C95g,Primary Ajouter control observed on the authenticated supplier page.,2026-09-07,,
10357533147483,Pendentif Corail Fossile,pendentif-corail-fossile-28,https://admin.shopify.com/store/milaura-2/products/10357533147483,5,PARG4854,,,legacy_or_unknown_workflow,,True,False,manual_verification_required,ambiguous,0.5783,manual_match_required,"PENDENTIF ARGENT 925 CORAIL FOSSILE AA N°4794 (1 PIÈCE) 14,95G",PARG4794,https://camille-ambiance-nature.fr/produit/pendentif-argent-925-corail-fossile-aa-n%C2%B04794-1-pi%C3%A8ce-14%2C95g,Primary Ajouter control observed on the authenticated supplier page.,2026-09-07,,
10357531836763,Pendentif Corail Fossile,pendentif-corail-fossile-27,https://admin.shopify.com/store/milaura-2/products/10357531836763,5,PARG4853,,,legacy_or_unknown_workflow,,True,False,manual_verification_required,ambiguous,0.5783,manual_match_required,"PENDENTIF ARGENT 925 CORAIL FOSSILE AA N°4794 (1 PIÈCE) 14,95G",PARG4794,https://camille-ambiance-nature.fr/produit/pendentif-argent-925-corail-fossile-aa-n%C2%B04794-1-pi%C3%A8ce-14%2C95g,Primary Ajouter control observed on the authenticated supplier page.,2026-09-07,,
10357530231131,Pendentif Corail Fossile,pendentif-corail-fossile-25,https://admin.shopify.com/store/milaura-2/products/10357530231131,5,PARG4849,,,legacy_or_unknown_workflow,,True,False,manual_verification_required,ambiguous,0.5783,manual_match_required,"PENDENTIF ARGENT 925 CORAIL FOSSILE AA N°4794 (1 PIÈCE) 14,95G",PARG4794,https://camille-ambiance-nature.fr/produit/pendentif-argent-925-corail-fossile-aa-n%C2%B04794-1-pi%C3%A8ce-14%2C95g,Primary Ajouter control observed on the authenticated supplier page.,2026-09-07,,
10357531017563,Pendentif Corail Fossile,pendentif-corail-fossile-26,https://admin.shopify.com/store/milaura-2/products/10357531017563,5,PARG4850,,,legacy_or_unknown_workflow,,True,False,manual_verification_required,ambiguous,0.5783,manual_match_required,"PENDENTIF ARGENT 925 CORAIL FOSSILE AA N°4794 (1 PIÈCE) 14,95G",PARG4794,https://camille-ambiance-nature.fr/produit/pendentif-argent-925-corail-fossile-aa-n%C2%B04794-1-pi%C3%A8ce-14%2C95g,Primary Ajouter control observed on the authenticated supplier page.,2026-09-07,,
10357529641307,Pendentif Corail Fossile,pendentif-corail-fossile-24,https://admin.shopify.com/store/milaura-2/products/10357529641307,5,PARG4848,,,legacy_or_unknown_workflow,,True,False,manual_verification_required,ambiguous,0.5783,manual_match_required,"PENDENTIF ARGENT 925 CORAIL FOSSILE AA N°4794 (1 PIÈCE) 14,95G",PARG4794,https://camille-ambiance-nature.fr/produit/pendentif-argent-925-corail-fossile-aa-n%C2%B04794-1-pi%C3%A8ce-14%2C95g,Primary Ajouter control observed on the authenticated supplier page.,2026-09-07,,
10357528559963,Pendentif Corail Fossile,pendentif-corail-fossile-22,https://admin.shopify.com/store/milaura-2/products/10357528559963,5,PARG4846,,,legacy_or_unknown_workflow,,True,False,manual_verification_required,ambiguous,0.5783,manual_match_required,"PENDENTIF ARGENT 925 CORAIL FOSSILE AA N°4794 (1 PIÈCE) 14,95G",PARG4794,https://camille-ambiance-nature.fr/produit/pendentif-argent-925-corail-fossile-aa-n%C2%B04794-1-pi%C3%A8ce-14%2C95g,Primary Ajouter control observed on the authenticated supplier page.,2026-09-07,,
10357529084251,Pendentif Corail Fossile,pendentif-corail-fossile-23,https://admin.shopify.com/store/milaura-2/products/10357529084251,5,PARG4847,,,legacy_or_unknown_workflow,,True,False,manual_verification_required,ambiguous,0.5783,manual_match_required,"PENDENTIF ARGENT 925 CORAIL FOSSILE AA N°4794 (1 PIÈCE) 14,95G",PARG4794,https://camille-ambiance-nature.fr/produit/pendentif-argent-925-corail-fossile-aa-n%C2%B04794-1-pi%C3%A8ce-14%2C95g,Primary Ajouter control observed on the authenticated supplier page.,2026-09-07,,
10357527937371,Pendentif Corail Fossile,pendentif-corail-fossile-21,https://admin.shopify.com/store/milaura-2/products/10357527937371,5,PARG4845,,,legacy_or_unknown_workflow,,True,False,manual_verification_required,ambiguous,0.5783,manual_match_required,"PENDENTIF ARGENT 925 CORAIL FOSSILE AA N°4794 (1 PIÈCE) 14,95G",PARG4794,https://camille-ambiance-nature.fr/produit/pendentif-argent-925-corail-fossile-aa-n%C2%B04794-1-pi%C3%A8ce-14%2C95g,Primary Ajouter control observed on the authenticated supplier page.,2026-09-07,,
10357527413083,Pendentif Corail Fossile,pendentif-corail-fossile-20,https://admin.shopify.com/store/milaura-2/products/10357527413083,5,PARG4844,,,legacy_or_unknown_workflow,,True,False,manual_verification_required,ambiguous,0.5783,manual_match_required,"PENDENTIF ARGENT 925 CORAIL FOSSILE AA N°4794 (1 PIÈCE) 14,95G",PARG4794,https://camille-ambiance-nature.fr/produit/pendentif-argent-925-corail-fossile-aa-n%C2%B04794-1-pi%C3%A8ce-14%2C95g,Primary Ajouter control observed on the authenticated supplier page.,2026-09-07,,
10357526790491,Pendentif Corail Fossile,pendentif-corail-fossile-19,https://admin.shopify.com/store/milaura-2/products/10357526790491,5,PARG4843,,,legacy_or_unknown_workflow,,True,False,manual_verification_required,ambiguous,0.5783,manual_match_required,"PENDENTIF ARGENT 925 CORAIL FOSSILE AA N°4794 (1 PIÈCE) 14,95G",PARG4794,https://camille-ambiance-nature.fr/produit/pendentif-argent-925-corail-fossile-aa-n%C2%B04794-1-pi%C3%A8ce-14%2C95g,Primary Ajouter control observed on the authenticated supplier page.,2026-09-07,,
10357526364507,Pendentif Corail Fossile,pendentif-corail-fossile-18,https://admin.shopify.com/store/milaura-2/products/10357526364507,5,PARG4842,,,legacy_or_unknown_workflow,,True,False,manual_verification_required,ambiguous,0.5783,manual_match_required,"PENDENTIF ARGENT 925 CORAIL FOSSILE AA N°4794 (1 PIÈCE) 14,95G",PARG4794,https://camille-ambiance-nature.fr/produit/pendentif-argent-925-corail-fossile-aa-n%C2%B04794-1-pi%C3%A8ce-14%2C95g,Primary Ajouter control observed on the authenticated supplier page.,2026-09-07,,
10357525872987,Pendentif Corail Fossile,pendentif-corail-fossile-17,https://admin.shopify.com/store/milaura-2/products/10357525872987,5,PARG4841,,,legacy_or_unknown_workflow,,True,False,manual_verification_required,ambiguous,0.5783,manual_match_required,"PENDENTIF ARGENT 925 CORAIL FOSSILE AA N°4794 (1 PIÈCE) 14,95G",PARG4794,https://camille-ambiance-nature.fr/produit/pendentif-argent-925-corail-fossile-aa-n%C2%B04794-1-pi%C3%A8ce-14%2C95g,Primary Ajouter control observed on the authenticated supplier page.,2026-09-07,,
10357525250395,Pendentif Corail Fossile,pendentif-corail-fossile-16,https://admin.shopify.com/store/milaura-2/products/10357525250395,5,PARG4840,,,legacy_or_unknown_workflow,,True,False,manual_verification_required,ambiguous,0.5783,manual_match_required,"PENDENTIF ARGENT 925 CORAIL FOSSILE AA N°4794 (1 PIÈCE) 14,95G",PARG4794,https://camille-ambiance-nature.fr/produit/pendentif-argent-925-corail-fossile-aa-n%C2%B04794-1-pi%C3%A8ce-14%2C95g,Primary Ajouter control observed on the authenticated supplier page.,2026-09-07,,
10357524529499,Pendentif Corail Fossile,pendentif-corail-fossile-15,https://admin.shopify.com/store/milaura-2/products/10357524529499,5,PARG4838,,,legacy_or_unknown_workflow,,True,False,manual_verification_required,ambiguous,0.5783,manual_match_required,"PENDENTIF ARGENT 925 CORAIL FOSSILE AA N°4794 (1 PIÈCE) 14,95G",PARG4794,https://camille-ambiance-nature.fr/produit/pendentif-argent-925-corail-fossile-aa-n%C2%B04794-1-pi%C3%A8ce-14%2C95g,Primary Ajouter control observed on the authenticated supplier page.,2026-09-07,,
10357523808603,Pendentif Corail Fossile,pendentif-corail-fossile-14,https://admin.shopify.com/store/milaura-2/products/10357523808603,5,PARG4837,,,legacy_or_unknown_workflow,,True,False,manual_verification_required,ambiguous,0.5783,manual_match_required,"PENDENTIF ARGENT 925 CORAIL FOSSILE AA N°4794 (1 PIÈCE) 14,95G",PARG4794,https://camille-ambiance-nature.fr/produit/pendentif-argent-925-corail-fossile-aa-n%C2%B04794-1-pi%C3%A8ce-14%2C95g,Primary Ajouter control observed on the authenticated supplier page.,2026-09-07,,
10357522825563,Pendentif Corail Fossile,pendentif-corail-fossile-13,https://admin.shopify.com/store/milaura-2/products/10357522825563,5,PARG4836,,,legacy_or_unknown_workflow,,True,False,manual_verification_required,ambiguous,0.5783,manual_match_required,"PENDENTIF ARGENT 925 CORAIL FOSSILE AA N°4794 (1 PIÈCE) 14,95G",PARG4794,https://camille-ambiance-nature.fr/produit/pendentif-argent-925-corail-fossile-aa-n%C2%B04794-1-pi%C3%A8ce-14%2C95g,Primary Ajouter control observed on the authenticated supplier page.,2026-09-07,,
10357522006363,Pendentif Corail Fossile,pendentif-corail-fossile-12,https://admin.shopify.com/store/milaura-2/products/10357522006363,5,PARG4835,,,legacy_or_unknown_workflow,,True,False,manual_verification_required,ambiguous,0.5783,manual_match_required,"PENDENTIF ARGENT 925 CORAIL FOSSILE AA N°4794 (1 PIÈCE) 14,95G",PARG4794,https://camille-ambiance-nature.fr/produit/pendentif-argent-925-corail-fossile-aa-n%C2%B04794-1-pi%C3%A8ce-14%2C95g,Primary Ajouter control observed on the authenticated supplier page.,2026-09-07,,
10357521252699,Pendentif Corail Fossile,pendentif-corail-fossile-11,https://admin.shopify.com/store/milaura-2/products/10357521252699,5,PARG4832,,,legacy_or_unknown_workflow,,True,False,manual_verification_required,ambiguous,0.5783,manual_match_required,"PENDENTIF ARGENT 925 CORAIL FOSSILE AA N°4794 (1 PIÈCE) 14,95G",PARG4794,https://camille-ambiance-nature.fr/produit/pendentif-argent-925-corail-fossile-aa-n%C2%B04794-1-pi%C3%A8ce-14%2C95g,Primary Ajouter control observed on the authenticated supplier page.,2026-09-07,,
10357520662875,Pendentif Corail Fossile,pendentif-corail-fossile-10,https://admin.shopify.com/store/milaura-2/products/10357520662875,5,PARG4831,,,legacy_or_unknown_workflow,,True,False,manual_verification_required,ambiguous,0.5783,manual_match_required,"PENDENTIF ARGENT 925 CORAIL FOSSILE AA N°4794 (1 PIÈCE) 14,95G",PARG4794,https://camille-ambiance-nature.fr/produit/pendentif-argent-925-corail-fossile-aa-n%C2%B04794-1-pi%C3%A8ce-14%2C95g,Primary Ajouter control observed on the authenticated supplier page.,2026-09-07,,
10357520073051,Pendentif Corail Fossile,pendentif-corail-fossile-9,https://admin.shopify.com/store/milaura-2/products/10357520073051,5,PARG4830,,,legacy_or_unknown_workflow,,True,False,manual_verification_required,ambiguous,0.5783,manual_match_required,"PENDENTIF ARGENT 925 CORAIL FOSSILE AA N°4794 (1 PIÈCE) 14,95G",PARG4794,https://camille-ambiance-nature.fr/produit/pendentif-argent-925-corail-fossile-aa-n%C2%B04794-1-pi%C3%A8ce-14%2C95g,Primary Ajouter control observed on the authenticated supplier page.,2026-09-07,,
10357518598491,Pendentif Corail Fossile,pendentif-corail-fossile-7,https://admin.shopify.com/store/milaura-2/products/10357518598491,5,PARG4828,,,legacy_or_unknown_workflow,,True,False,manual_verification_required,ambiguous,0.5783,manual_match_required,"PENDENTIF ARGENT 925 CORAIL FOSSILE AA N°4794 (1 PIÈCE) 14,95G",PARG4794,https://camille-ambiance-nature.fr/produit/pendentif-argent-925-corail-fossile-aa-n%C2%B04794-1-pi%C3%A8ce-14%2C95g,Primary Ajouter control observed on the authenticated supplier page.,2026-09-07,,
10357517910363,Pendentif Corail Fossile,pendentif-corail-fossile-6,https://admin.shopify.com/store/milaura-2/products/10357517910363,5,PARG4827,,,legacy_or_unknown_workflow,,True,False,manual_verification_required,ambiguous,0.5783,manual_match_required,"PENDENTIF ARGENT 925 CORAIL FOSSILE AA N°4794 (1 PIÈCE) 14,95G",PARG4794,https://camille-ambiance-nature.fr/produit/pendentif-argent-925-corail-fossile-aa-n%C2%B04794-1-pi%C3%A8ce-14%2C95g,Primary Ajouter control observed on the authenticated supplier page.,2026-09-07,,
10357517255003,Pendentif Corail Fossile,pendentif-corail-fossile-5,https://admin.shopify.com/store/milaura-2/products/10357517255003,5,PARG4824,,,legacy_or_unknown_workflow,,True,False,manual_verification_required,ambiguous,0.5783,manual_match_required,"PENDENTIF ARGENT 925 CORAIL FOSSILE AA N°4794 (1 PIÈCE) 14,95G",PARG4794,https://camille-ambiance-nature.fr/produit/pendentif-argent-925-corail-fossile-aa-n%C2%B04794-1-pi%C3%A8ce-14%2C95g,Primary Ajouter control observed on the authenticated supplier page.,2026-09-07,,
10357516697947,Pendentif Corail Fossile,pendentif-corail-fossile-4,https://admin.shopify.com/store/milaura-2/products/10357516697947,5,PARG4822,,,legacy_or_unknown_workflow,,True,False,manual_verification_required,ambiguous,0.5783,manual_match_required,"PENDENTIF ARGENT 925 CORAIL FOSSILE AA N°4794 (1 PIÈCE) 14,95G",PARG4794,https://camille-ambiance-nature.fr/produit/pendentif-argent-925-corail-fossile-aa-n%C2%B04794-1-pi%C3%A8ce-14%2C95g,Primary Ajouter control observed on the authenticated supplier page.,2026-09-07,,
10357516370267,Pendentif Corail Fossile,pendentif-corail-fossile-3,https://admin.shopify.com/store/milaura-2/products/10357516370267,5,PARG4817,,,legacy_or_unknown_workflow,,True,False,manual_verification_required,ambiguous,0.5783,manual_match_required,"PENDENTIF ARGENT 925 CORAIL FOSSILE AA N°4794 (1 PIÈCE) 14,95G",PARG4794,https://camille-ambiance-nature.fr/produit/pendentif-argent-925-corail-fossile-aa-n%C2%B04794-1-pi%C3%A8ce-14%2C95g,Primary Ajouter control observed on the authenticated supplier page.,2026-09-07,,
10357515944283,Pendentif Corail Fossile,pendentif-corail-fossile-2,https://admin.shopify.com/store/milaura-2/products/10357515944283,5,PARG4814,,,legacy_or_unknown_workflow,,True,False,manual_verification_required,ambiguous,0.5783,manual_match_required,"PENDENTIF ARGENT 925 CORAIL FOSSILE AA N°4794 (1 PIÈCE) 14,95G",PARG4794,https://camille-ambiance-nature.fr/produit/pendentif-argent-925-corail-fossile-aa-n%C2%B04794-1-pi%C3%A8ce-14%2C95g,Primary Ajouter control observed on the authenticated supplier page.,2026-09-07,,
10357515354459,Pendentif Corail Fossile,pendentif-corail-fossile-1,https://admin.shopify.com/store/milaura-2/products/10357515354459,5,PARG4813,,,legacy_or_unknown_workflow,,True,False,manual_verification_required,ambiguous,0.5783,manual_match_required,"PENDENTIF ARGENT 925 CORAIL FOSSILE AA N°4794 (1 PIÈCE) 14,95G",PARG4794,https://camille-ambiance-nature.fr/produit/pendentif-argent-925-corail-fossile-aa-n%C2%B04794-1-pi%C3%A8ce-14%2C95g,Primary Ajouter control observed on the authenticated supplier page.,2026-09-07,,
10357514764635,Pendentif Corail Fossile,pendentif-corail-fossile,https://admin.shopify.com/store/milaura-2/products/10357514764635,5,PARG4811,,,legacy_or_unknown_workflow,,True,False,manual_verification_required,ambiguous,0.5783,manual_match_required,"PENDENTIF ARGENT 925 CORAIL FOSSILE AA N°4794 (1 PIÈCE) 14,95G",PARG4794,https://camille-ambiance-nature.fr/produit/pendentif-argent-925-corail-fossile-aa-n%C2%B04794-1-pi%C3%A8ce-14%2C95g,Primary Ajouter control observed on the authenticated supplier page.,2026-09-07,,
10357535768923,Pendentif Cyanite,pendentif-cyanite-2,https://admin.shopify.com/store/milaura-2/products/10357535768923,5,PARG5206,,,legacy_or_unknown_workflow,Cyanite,True,False,manual_verification_required,weak_match,0.4533,manual_match_required,"PENDENTIF ARGENT 925 CYANITE BLEUE AA N°5162 (1 PIÈCE) 13,00G",PARG5162,https://camille-ambiance-nature.fr/produit/pendentif-argent-925-cyanite-bleue-aa-n%C2%B05162-1-pi%C3%A8ce-13%2C00g,Primary Ajouter control observed on the authenticated supplier page.,2026-09-07,,
10357535244635,Pendentif Cyanite,pendentif-cyanite-1,https://admin.shopify.com/store/milaura-2/products/10357535244635,5,PARG5177,,,legacy_or_unknown_workflow,Cyanite,True,False,manual_verification_required,weak_match,0.4533,manual_match_required,"PENDENTIF ARGENT 925 CYANITE BLEUE AA N°5162 (1 PIÈCE) 13,00G",PARG5162,https://camille-ambiance-nature.fr/produit/pendentif-argent-925-cyanite-bleue-aa-n%C2%B05162-1-pi%C3%A8ce-13%2C00g,Primary Ajouter control observed on the authenticated supplier page.,2026-09-07,,
10357533802843,Pendentif Cyanite,pendentif-cyanite,https://admin.shopify.com/store/milaura-2/products/10357533802843,5,PARG5169,,,legacy_or_unknown_workflow,Cyanite,True,False,manual_verification_required,weak_match,0.4533,manual_match_required,"PENDENTIF ARGENT 925 CYANITE BLEUE AA N°5162 (1 PIÈCE) 13,00G",PARG5162,https://camille-ambiance-nature.fr/produit/pendentif-argent-925-cyanite-bleue-aa-n%C2%B05162-1-pi%C3%A8ce-13%2C00g,Primary Ajouter control observed on the authenticated supplier page.,2026-09-07,,
10357534785883,Pendentif Cyanite Bleue,pendentif-cyanite-bleue-1,https://admin.shopify.com/store/milaura-2/products/10357534785883,5,PARG5175,,,legacy_or_unknown_workflow,Cyanite,True,False,manual_verification_required,ambiguous,0.5679,manual_match_required,"PENDENTIF ARGENT 925 CYANITE BLEUE AA N°5162 (1 PIÈCE) 13,00G",PARG5162,https://camille-ambiance-nature.fr/produit/pendentif-argent-925-cyanite-bleue-aa-n%C2%B05162-1-pi%C3%A8ce-13%2C00g,Primary Ajouter control observed on the authenticated supplier page.,2026-09-07,,
10357534392667,Pendentif Cyanite Bleue,pendentif-cyanite-bleue,https://admin.shopify.com/store/milaura-2/products/10357534392667,5,PARG5172,,,legacy_or_unknown_workflow,Cyanite,True,False,manual_verification_required,ambiguous,0.5679,manual_match_required,"PENDENTIF ARGENT 925 CYANITE BLEUE AA N°5162 (1 PIÈCE) 13,00G",PARG5162,https://camille-ambiance-nature.fr/produit/pendentif-argent-925-cyanite-bleue-aa-n%C2%B05162-1-pi%C3%A8ce-13%2C00g,Primary Ajouter control observed on the authenticated supplier page.,2026-09-07,,
10402427109723,Pendentif Cœur Jaspe Rouge,pendentif-coeur-20mm-jaspe-rouge,https://admin.shopify.com/store/milaura-2/products/10402427109723,10,,,,legacy_or_unknown_workflow,Jaspe Rouge,True,True,manual_verification_required,ambiguous,0.6944,manual_match_required,PENDENTIF COEUR 20MM JASPE ROUGE A (LOT 5 PIÈCES),3701459007332,https://camille-ambiance-nature.fr/produit/pendentif-coeur-20mm-jaspe-rouge-a-lot-5-pi%C3%A8ces,Primary Ajouter control observed on the authenticated supplier page.,2026-09-07,,
10357540716891,Pendentif Hypersthène,pendentif-hypersthene-9,https://admin.shopify.com/store/milaura-2/products/10357540716891,5,PARG4956,,,legacy_or_unknown_workflow,,True,False,manual_verification_required,ambiguous,0.5455,manual_match_required,PENDENTIF ARGENT 925 HYPERSTHÈNE AA N°4923 (1 PIÈCE) 16.48G,PARG4923,https://camille-ambiance-nature.fr/produit/pendentif-argent-925-hypersth%C3%A8ne-aa-n%C2%B04923-1-pi%C3%A8ce-16.48g,Primary Ajouter control observed on the authenticated supplier page.,2026-09-07,,
10357540225371,Pendentif Hypersthène,pendentif-hypersthene-8,https://admin.shopify.com/store/milaura-2/products/10357540225371,5,PARG4955,,,legacy_or_unknown_workflow,,True,False,manual_verification_required,ambiguous,0.5455,manual_match_required,PENDENTIF ARGENT 925 HYPERSTHÈNE AA N°4923 (1 PIÈCE) 16.48G,PARG4923,https://camille-ambiance-nature.fr/produit/pendentif-argent-925-hypersth%C3%A8ne-aa-n%C2%B04923-1-pi%C3%A8ce-16.48g,Primary Ajouter control observed on the authenticated supplier page.,2026-09-07,,
10357539766619,Pendentif Hypersthène,pendentif-hypersthene-7,https://admin.shopify.com/store/milaura-2/products/10357539766619,5,PARG4952,,,legacy_or_unknown_workflow,,True,False,manual_verification_required,ambiguous,0.5455,manual_match_required,PENDENTIF ARGENT 925 HYPERSTHÈNE AA N°4923 (1 PIÈCE) 16.48G,PARG4923,https://camille-ambiance-nature.fr/produit/pendentif-argent-925-hypersth%C3%A8ne-aa-n%C2%B04923-1-pi%C3%A8ce-16.48g,Primary Ajouter control observed on the authenticated supplier page.,2026-09-07,,
10357539307867,Pendentif Hypersthène,pendentif-hypersthene-6,https://admin.shopify.com/store/milaura-2/products/10357539307867,5,PARG4951,,,legacy_or_unknown_workflow,,True,False,manual_verification_required,ambiguous,0.5455,manual_match_required,PENDENTIF ARGENT 925 HYPERSTHÈNE AA N°4923 (1 PIÈCE) 16.48G,PARG4923,https://camille-ambiance-nature.fr/produit/pendentif-argent-925-hypersth%C3%A8ne-aa-n%C2%B04923-1-pi%C3%A8ce-16.48g,Primary Ajouter control observed on the authenticated supplier page.,2026-09-07,,
10357538816347,Pendentif Hypersthène,pendentif-hypersthene-5,https://admin.shopify.com/store/milaura-2/products/10357538816347,5,PARG4949,,,legacy_or_unknown_workflow,,True,False,manual_verification_required,ambiguous,0.5455,manual_match_required,PENDENTIF ARGENT 925 HYPERSTHÈNE AA N°4923 (1 PIÈCE) 16.48G,PARG4923,https://camille-ambiance-nature.fr/produit/pendentif-argent-925-hypersth%C3%A8ne-aa-n%C2%B04923-1-pi%C3%A8ce-16.48g,Primary Ajouter control observed on the authenticated supplier page.,2026-09-07,,
10357537997147,Pendentif Hypersthène,pendentif-hypersthene-3,https://admin.shopify.com/store/milaura-2/products/10357537997147,5,PARG4941,,,legacy_or_unknown_workflow,,True,False,manual_verification_required,ambiguous,0.5455,manual_match_required,PENDENTIF ARGENT 925 HYPERSTHÈNE AA N°4923 (1 PIÈCE) 16.48G,PARG4923,https://camille-ambiance-nature.fr/produit/pendentif-argent-925-hypersth%C3%A8ne-aa-n%C2%B04923-1-pi%C3%A8ce-16.48g,Primary Ajouter control observed on the authenticated supplier page.,2026-09-07,,
10357538521435,Pendentif Hypersthène,pendentif-hypersthene-4,https://admin.shopify.com/store/milaura-2/products/10357538521435,5,PARG4944,,,legacy_or_unknown_workflow,,True,False,manual_verification_required,ambiguous,0.5455,manual_match_required,PENDENTIF ARGENT 925 HYPERSTHÈNE AA N°4923 (1 PIÈCE) 16.48G,PARG4923,https://camille-ambiance-nature.fr/produit/pendentif-argent-925-hypersth%C3%A8ne-aa-n%C2%B04923-1-pi%C3%A8ce-16.48g,Primary Ajouter control observed on the authenticated supplier page.,2026-09-07,,
10357537407323,Pendentif Hypersthène,pendentif-hypersthene-2,https://admin.shopify.com/store/milaura-2/products/10357537407323,5,PARG4940,,,legacy_or_unknown_workflow,,True,False,manual_verification_required,ambiguous,0.5455,manual_match_required,PENDENTIF ARGENT 925 HYPERSTHÈNE AA N°4923 (1 PIÈCE) 16.48G,PARG4923,https://camille-ambiance-nature.fr/produit/pendentif-argent-925-hypersth%C3%A8ne-aa-n%C2%B04923-1-pi%C3%A8ce-16.48g,Primary Ajouter control observed on the authenticated supplier page.,2026-09-07,,
10357536686427,Pendentif Hypersthène,pendentif-hypersthene-1,https://admin.shopify.com/store/milaura-2/products/10357536686427,5,PARG4939,,,legacy_or_unknown_workflow,,True,False,manual_verification_required,ambiguous,0.5455,manual_match_required,PENDENTIF ARGENT 925 HYPERSTHÈNE AA N°4923 (1 PIÈCE) 16.48G,PARG4923,https://camille-ambiance-nature.fr/produit/pendentif-argent-925-hypersth%C3%A8ne-aa-n%C2%B04923-1-pi%C3%A8ce-16.48g,Primary Ajouter control observed on the authenticated supplier page.,2026-09-07,,
10357536227675,Pendentif Hypersthène,pendentif-hypersthene,https://admin.shopify.com/store/milaura-2/products/10357536227675,5,PARG4937,,,legacy_or_unknown_workflow,,True,False,manual_verification_required,ambiguous,0.5455,manual_match_required,PENDENTIF ARGENT 925 HYPERSTHÈNE AA N°4923 (1 PIÈCE) 16.48G,PARG4923,https://camille-ambiance-nature.fr/produit/pendentif-argent-925-hypersth%C3%A8ne-aa-n%C2%B04923-1-pi%C3%A8ce-16.48g,Primary Ajouter control observed on the authenticated supplier page.,2026-09-07,,
10357657633115,Pendentif Labradorite,pendentif-labradorite-20,https://admin.shopify.com/store/milaura-2/products/10357657633115,5,3701459096671,,,legacy_or_unknown_workflow,Labradorite,True,False,manual_verification_required,ambiguous,0.6667,manual_match_required,PENDENTIF DONUT LABRADORITE A (LOT 5 PIÈCES),3701459026401,https://camille-ambiance-nature.fr/produit/pendentif-donut-labradorite-a-lot-5-pieces,Primary Ajouter control observed on the authenticated supplier page.,2026-09-07,,
10357559787867,Pendentif Labradorite,pendentif-labradorite-19,https://admin.shopify.com/store/milaura-2/products/10357559787867,5,PARG4886,,,legacy_or_unknown_workflow,Labradorite,True,False,manual_verification_required,ambiguous,0.6667,manual_match_required,PENDENTIF DONUT LABRADORITE A (LOT 5 PIÈCES),3701459026401,https://camille-ambiance-nature.fr/produit/pendentif-donut-labradorite-a-lot-5-pieces,Primary Ajouter control observed on the authenticated supplier page.,2026-09-07,,
10357555102043,Pendentif Labradorite,pendentif-labradorite-17,https://admin.shopify.com/store/milaura-2/products/10357555102043,5,PARG4457,,,legacy_or_unknown_workflow,Labradorite,True,False,manual_verification_required,ambiguous,0.6667,manual_match_required,PENDENTIF DONUT LABRADORITE A (LOT 5 PIÈCES),3701459026401,https://camille-ambiance-nature.fr/produit/pendentif-donut-labradorite-a-lot-5-pieces,Primary Ajouter control observed on the authenticated supplier page.,2026-09-07,,
10357555659099,Pendentif Labradorite,pendentif-labradorite-18,https://admin.shopify.com/store/milaura-2/products/10357555659099,5,PARG4459,,,legacy_or_unknown_workflow,Labradorite,True,False,manual_verification_required,ambiguous,0.6667,manual_match_required,PENDENTIF DONUT LABRADORITE A (LOT 5 PIÈCES),3701459026401,https://camille-ambiance-nature.fr/produit/pendentif-donut-labradorite-a-lot-5-pieces,Primary Ajouter control observed on the authenticated supplier page.,2026-09-07,,
10357552906587,Pendentif Labradorite,pendentif-labradorite-16,https://admin.shopify.com/store/milaura-2/products/10357552906587,5,PARG4445,,,legacy_or_unknown_workflow,Labradorite,True,False,manual_verification_required,ambiguous,0.6667,manual_match_required,PENDENTIF DONUT LABRADORITE A (LOT 5 PIÈCES),3701459026401,https://camille-ambiance-nature.fr/produit/pendentif-donut-labradorite-a-lot-5-pieces,Primary Ajouter control observed on the authenticated supplier page.,2026-09-07,,
10357551268187,Pendentif Labradorite,pendentif-labradorite-15,https://admin.shopify.com/store/milaura-2/products/10357551268187,5,PARG4394,,,legacy_or_unknown_workflow,Labradorite,True,False,manual_verification_required,ambiguous,0.6667,manual_match_required,PENDENTIF DONUT LABRADORITE A (LOT 5 PIÈCES),3701459026401,https://camille-ambiance-nature.fr/produit/pendentif-donut-labradorite-a-lot-5-pieces,Primary Ajouter control observed on the authenticated supplier page.,2026-09-07,,
10357550612827,Pendentif Labradorite,pendentif-labradorite-14,https://admin.shopify.com/store/milaura-2/products/10357550612827,5,PARG4385,,,legacy_or_unknown_workflow,Labradorite,True,False,manual_verification_required,ambiguous,0.6667,manual_match_required,PENDENTIF DONUT LABRADORITE A (LOT 5 PIÈCES),3701459026401,https://camille-ambiance-nature.fr/produit/pendentif-donut-labradorite-a-lot-5-pieces,Primary Ajouter control observed on the authenticated supplier page.,2026-09-07,,
10357549990235,Pendentif Labradorite,pendentif-labradorite-13,https://admin.shopify.com/store/milaura-2/products/10357549990235,5,PARG4349,,,legacy_or_unknown_workflow,Labradorite,True,False,manual_verification_required,ambiguous,0.6667,manual_match_required,PENDENTIF DONUT LABRADORITE A (LOT 5 PIÈCES),3701459026401,https://camille-ambiance-nature.fr/produit/pendentif-donut-labradorite-a-lot-5-pieces,Primary Ajouter control observed on the authenticated supplier page.,2026-09-07,,
10357548286299,Pendentif Labradorite,pendentif-labradorite-11,https://admin.shopify.com/store/milaura-2/products/10357548286299,5,PARG4331,,,legacy_or_unknown_workflow,Labradorite,True,False,manual_verification_required,ambiguous,0.6667,manual_match_required,PENDENTIF DONUT LABRADORITE A (LOT 5 PIÈCES),3701459026401,https://camille-ambiance-nature.fr/produit/pendentif-donut-labradorite-a-lot-5-pieces,Primary Ajouter control observed on the authenticated supplier page.,2026-09-07,,
10357549039963,Pendentif Labradorite,pendentif-labradorite-12,https://admin.shopify.com/store/milaura-2/products/10357549039963,5,PARG4344,,,legacy_or_unknown_workflow,Labradorite,True,False,manual_verification_required,ambiguous,0.6667,manual_match_required,PENDENTIF DONUT LABRADORITE A (LOT 5 PIÈCES),3701459026401,https://camille-ambiance-nature.fr/produit/pendentif-donut-labradorite-a-lot-5-pieces,Primary Ajouter control observed on the authenticated supplier page.,2026-09-07,,
10357547696475,Pendentif Labradorite,pendentif-labradorite-10,https://admin.shopify.com/store/milaura-2/products/10357547696475,5,PARG4330,,,legacy_or_unknown_workflow,Labradorite,True,False,manual_verification_required,ambiguous,0.6667,manual_match_required,PENDENTIF DONUT LABRADORITE A (LOT 5 PIÈCES),3701459026401,https://camille-ambiance-nature.fr/produit/pendentif-donut-labradorite-a-lot-5-pieces,Primary Ajouter control observed on the authenticated supplier page.,2026-09-07,,
10357547172187,Pendentif Labradorite,pendentif-labradorite-9,https://admin.shopify.com/store/milaura-2/products/10357547172187,5,PARG4324,,,legacy_or_unknown_workflow,Labradorite,True,False,manual_verification_required,ambiguous,0.6667,manual_match_required,PENDENTIF DONUT LABRADORITE A (LOT 5 PIÈCES),3701459026401,https://camille-ambiance-nature.fr/produit/pendentif-donut-labradorite-a-lot-5-pieces,Primary Ajouter control observed on the authenticated supplier page.,2026-09-07,,
10357546647899,Pendentif Labradorite,pendentif-labradorite-8,https://admin.shopify.com/store/milaura-2/products/10357546647899,5,PARG4307,,,legacy_or_unknown_workflow,Labradorite,True,False,manual_verification_required,ambiguous,0.6667,manual_match_required,PENDENTIF DONUT LABRADORITE A (LOT 5 PIÈCES),3701459026401,https://camille-ambiance-nature.fr/produit/pendentif-donut-labradorite-a-lot-5-pieces,Primary Ajouter control observed on the authenticated supplier page.,2026-09-07,,
10357545927003,Pendentif Labradorite,pendentif-labradorite-7,https://admin.shopify.com/store/milaura-2/products/10357545927003,5,PARG4302,,,legacy_or_unknown_workflow,Labradorite,True,False,manual_verification_required,ambiguous,0.6667,manual_match_required,PENDENTIF DONUT LABRADORITE A (LOT 5 PIÈCES),3701459026401,https://camille-ambiance-nature.fr/produit/pendentif-donut-labradorite-a-lot-5-pieces,Primary Ajouter control observed on the authenticated supplier page.,2026-09-07,,
10357545304411,Pendentif Labradorite,pendentif-labradorite-6,https://admin.shopify.com/store/milaura-2/products/10357545304411,5,PARG4297,,,legacy_or_unknown_workflow,Labradorite,True,False,manual_verification_required,ambiguous,0.6667,manual_match_required,PENDENTIF DONUT LABRADORITE A (LOT 5 PIÈCES),3701459026401,https://camille-ambiance-nature.fr/produit/pendentif-donut-labradorite-a-lot-5-pieces,Primary Ajouter control observed on the authenticated supplier page.,2026-09-07,,
10357544780123,Pendentif Labradorite,pendentif-labradorite-5,https://admin.shopify.com/store/milaura-2/products/10357544780123,5,PARG4294,,,legacy_or_unknown_workflow,Labradorite,True,False,manual_verification_required,ambiguous,0.6667,manual_match_required,PENDENTIF DONUT LABRADORITE A (LOT 5 PIÈCES),3701459026401,https://camille-ambiance-nature.fr/produit/pendentif-donut-labradorite-a-lot-5-pieces,Primary Ajouter control observed on the authenticated supplier page.,2026-09-07,,
10357544190299,Pendentif Labradorite,pendentif-labradorite-4,https://admin.shopify.com/store/milaura-2/products/10357544190299,5,PARG4292,,,legacy_or_unknown_workflow,Labradorite,True,False,manual_verification_required,ambiguous,0.6667,manual_match_required,PENDENTIF DONUT LABRADORITE A (LOT 5 PIÈCES),3701459026401,https://camille-ambiance-nature.fr/produit/pendentif-donut-labradorite-a-lot-5-pieces,Primary Ajouter control observed on the authenticated supplier page.,2026-09-07,,
10357543403867,Pendentif Labradorite,pendentif-labradorite-3,https://admin.shopify.com/store/milaura-2/products/10357543403867,5,PARG4289,,,legacy_or_unknown_workflow,Labradorite,True,False,manual_verification_required,ambiguous,0.6667,manual_match_required,PENDENTIF DONUT LABRADORITE A (LOT 5 PIÈCES),3701459026401,https://camille-ambiance-nature.fr/produit/pendentif-donut-labradorite-a-lot-5-pieces,Primary Ajouter control observed on the authenticated supplier page.,2026-09-07,,
10357542191451,Pendentif Labradorite,pendentif-labradorite-1,https://admin.shopify.com/store/milaura-2/products/10357542191451,5,PARG4246,,,legacy_or_unknown_workflow,Labradorite,True,False,manual_verification_required,ambiguous,0.6667,manual_match_required,PENDENTIF DONUT LABRADORITE A (LOT 5 PIÈCES),3701459026401,https://camille-ambiance-nature.fr/produit/pendentif-donut-labradorite-a-lot-5-pieces,Primary Ajouter control observed on the authenticated supplier page.,2026-09-07,,
10357542814043,Pendentif Labradorite,pendentif-labradorite-2,https://admin.shopify.com/store/milaura-2/products/10357542814043,5,PARG4251,,,legacy_or_unknown_workflow,Labradorite,True,False,manual_verification_required,ambiguous,0.6667,manual_match_required,PENDENTIF DONUT LABRADORITE A (LOT 5 PIÈCES),3701459026401,https://camille-ambiance-nature.fr/produit/pendentif-donut-labradorite-a-lot-5-pieces,Primary Ajouter control observed on the authenticated supplier page.,2026-09-07,,
10357541536091,Pendentif Labradorite,pendentif-labradorite,https://admin.shopify.com/store/milaura-2/products/10357541536091,5,PARG4241,,,legacy_or_unknown_workflow,Labradorite,True,False,manual_verification_required,ambiguous,0.6667,manual_match_required,PENDENTIF DONUT LABRADORITE A (LOT 5 PIÈCES),3701459026401,https://camille-ambiance-nature.fr/produit/pendentif-donut-labradorite-a-lot-5-pieces,Primary Ajouter control observed on the authenticated supplier page.,2026-09-07,,
10357561753947,Pendentif Labradorite Violette,pendentif-labradorite-violette-12,https://admin.shopify.com/store/milaura-2/products/10357561753947,5,PARG4893,,,legacy_or_unknown_workflow,Labradorite,True,False,manual_verification_required,ambiguous,0.6186,manual_match_required,"PENDENTIF ARGENT 925 LABRADORITE VIOLETTE AAA N°3726 (2 PIÈCES) 16,77G",PARG3726,https://camille-ambiance-nature.fr/produit/pendentif-argent-925-labradorite-violette-aaa-n%C2%B03726-2-pi%C3%A8ces-16%2C77g,Primary Ajouter control observed on the authenticated supplier page.,2026-09-07,,
10357561164123,Pendentif Labradorite Violette,pendentif-labradorite-violette-11,https://admin.shopify.com/store/milaura-2/products/10357561164123,5,PARG4889,,,legacy_or_unknown_workflow,Labradorite,True,False,manual_verification_required,ambiguous,0.6186,manual_match_required,"PENDENTIF ARGENT 925 LABRADORITE VIOLETTE AAA N°3726 (2 PIÈCES) 16,77G",PARG3726,https://camille-ambiance-nature.fr/produit/pendentif-argent-925-labradorite-violette-aaa-n%C2%B03726-2-pi%C3%A8ces-16%2C77g,Primary Ajouter control observed on the authenticated supplier page.,2026-09-07,,
10357560377691,Pendentif Labradorite Violette,pendentif-labradorite-violette-10,https://admin.shopify.com/store/milaura-2/products/10357560377691,5,PARG4888,,,legacy_or_unknown_workflow,Labradorite,True,False,manual_verification_required,ambiguous,0.6186,manual_match_required,"PENDENTIF ARGENT 925 LABRADORITE VIOLETTE AAA N°3726 (2 PIÈCES) 16,77G",PARG3726,https://camille-ambiance-nature.fr/produit/pendentif-argent-925-labradorite-violette-aaa-n%C2%B03726-2-pi%C3%A8ces-16%2C77g,Primary Ajouter control observed on the authenticated supplier page.,2026-09-07,,
10357559296347,Pendentif Labradorite Violette,pendentif-labradorite-violette-9,https://admin.shopify.com/store/milaura-2/products/10357559296347,5,PARG4884,,,legacy_or_unknown_workflow,Labradorite,True,False,manual_verification_required,ambiguous,0.6186,manual_match_required,"PENDENTIF ARGENT 925 LABRADORITE VIOLETTE AAA N°3726 (2 PIÈCES) 16,77G",PARG3726,https://camille-ambiance-nature.fr/produit/pendentif-argent-925-labradorite-violette-aaa-n%C2%B03726-2-pi%C3%A8ces-16%2C77g,Primary Ajouter control observed on the authenticated supplier page.,2026-09-07,,
10357558837595,Pendentif Labradorite Violette,pendentif-labradorite-violette-8,https://admin.shopify.com/store/milaura-2/products/10357558837595,5,PARG4883,,,legacy_or_unknown_workflow,Labradorite,True,False,manual_verification_required,ambiguous,0.6186,manual_match_required,"PENDENTIF ARGENT 925 LABRADORITE VIOLETTE AAA N°3726 (2 PIÈCES) 16,77G",PARG3726,https://camille-ambiance-nature.fr/produit/pendentif-argent-925-labradorite-violette-aaa-n%C2%B03726-2-pi%C3%A8ces-16%2C77g,Primary Ajouter control observed on the authenticated supplier page.,2026-09-07,,
10357558083931,Pendentif Labradorite Violette,pendentif-labradorite-violette-7,https://admin.shopify.com/store/milaura-2/products/10357558083931,5,PARG4882,,,legacy_or_unknown_workflow,Labradorite,True,False,manual_verification_required,ambiguous,0.6186,manual_match_required,"PENDENTIF ARGENT 925 LABRADORITE VIOLETTE AAA N°3726 (2 PIÈCES) 16,77G",PARG3726,https://camille-ambiance-nature.fr/produit/pendentif-argent-925-labradorite-violette-aaa-n%C2%B03726-2-pi%C3%A8ces-16%2C77g,Primary Ajouter control observed on the authenticated supplier page.,2026-09-07,,
10357557494107,Pendentif Labradorite Violette,pendentif-labradorite-violette-6,https://admin.shopify.com/store/milaura-2/products/10357557494107,5,PARG4881,,,legacy_or_unknown_workflow,Labradorite,True,False,manual_verification_required,ambiguous,0.6186,manual_match_required,"PENDENTIF ARGENT 925 LABRADORITE VIOLETTE AAA N°3726 (2 PIÈCES) 16,77G",PARG3726,https://camille-ambiance-nature.fr/produit/pendentif-argent-925-labradorite-violette-aaa-n%C2%B03726-2-pi%C3%A8ces-16%2C77g,Primary Ajouter control observed on the authenticated supplier page.,2026-09-07,,
10357556871515,Pendentif Labradorite Violette,pendentif-labradorite-violette-5,https://admin.shopify.com/store/milaura-2/products/10357556871515,5,PARG4464,,,legacy_or_unknown_workflow,Labradorite,True,False,manual_verification_required,ambiguous,0.6186,manual_match_required,"PENDENTIF ARGENT 925 LABRADORITE VIOLETTE AAA N°3726 (2 PIÈCES) 16,77G",PARG3726,https://camille-ambiance-nature.fr/produit/pendentif-argent-925-labradorite-violette-aaa-n%C2%B03726-2-pi%C3%A8ces-16%2C77g,Primary Ajouter control observed on the authenticated supplier page.,2026-09-07,,
10357556281691,Pendentif Labradorite Violette,pendentif-labradorite-violette-4,https://admin.shopify.com/store/milaura-2/products/10357556281691,5,PARG4461,,,legacy_or_unknown_workflow,Labradorite,True,False,manual_verification_required,ambiguous,0.6186,manual_match_required,"PENDENTIF ARGENT 925 LABRADORITE VIOLETTE AAA N°3726 (2 PIÈCES) 16,77G",PARG3726,https://camille-ambiance-nature.fr/produit/pendentif-argent-925-labradorite-violette-aaa-n%C2%B03726-2-pi%C3%A8ces-16%2C77g,Primary Ajouter control observed on the authenticated supplier page.,2026-09-07,,
10357554479451,Pendentif Labradorite Violette,pendentif-labradorite-violette-3,https://admin.shopify.com/store/milaura-2/products/10357554479451,5,PARG4456,,,legacy_or_unknown_workflow,Labradorite,True,False,manual_verification_required,ambiguous,0.6186,manual_match_required,"PENDENTIF ARGENT 925 LABRADORITE VIOLETTE AAA N°3726 (2 PIÈCES) 16,77G",PARG3726,https://camille-ambiance-nature.fr/produit/pendentif-argent-925-labradorite-violette-aaa-n%C2%B03726-2-pi%C3%A8ces-16%2C77g,Primary Ajouter control observed on the authenticated supplier page.,2026-09-07,,
10357553922395,Pendentif Labradorite Violette,pendentif-labradorite-violette-2,https://admin.shopify.com/store/milaura-2/products/10357553922395,5,PARG4452,,,legacy_or_unknown_workflow,Labradorite,True,False,manual_verification_required,ambiguous,0.6186,manual_match_required,"PENDENTIF ARGENT 925 LABRADORITE VIOLETTE AAA N°3726 (2 PIÈCES) 16,77G",PARG3726,https://camille-ambiance-nature.fr/produit/pendentif-argent-925-labradorite-violette-aaa-n%C2%B03726-2-pi%C3%A8ces-16%2C77g,Primary Ajouter control observed on the authenticated supplier page.,2026-09-07,,
10357552415067,Pendentif Labradorite Violette,pendentif-labradorite-violette-1,https://admin.shopify.com/store/milaura-2/products/10357552415067,5,PARG4444,,,legacy_or_unknown_workflow,Labradorite,True,False,manual_verification_required,ambiguous,0.6186,manual_match_required,"PENDENTIF ARGENT 925 LABRADORITE VIOLETTE AAA N°3726 (2 PIÈCES) 16,77G",PARG3726,https://camille-ambiance-nature.fr/produit/pendentif-argent-925-labradorite-violette-aaa-n%C2%B03726-2-pi%C3%A8ces-16%2C77g,Primary Ajouter control observed on the authenticated supplier page.,2026-09-07,,
10357551694171,Pendentif Labradorite Violette,pendentif-labradorite-violette,https://admin.shopify.com/store/milaura-2/products/10357551694171,5,PARG4442,,,legacy_or_unknown_workflow,Labradorite,True,False,manual_verification_required,ambiguous,0.6186,manual_match_required,"PENDENTIF ARGENT 925 LABRADORITE VIOLETTE AAA N°3726 (2 PIÈCES) 16,77G",PARG3726,https://camille-ambiance-nature.fr/produit/pendentif-argent-925-labradorite-violette-aaa-n%C2%B03726-2-pi%C3%A8ces-16%2C77g,Primary Ajouter control observed on the authenticated supplier page.,2026-09-07,,
10357589999963,Pendentif Malachite,pendentif-malachite-41,https://admin.shopify.com/store/milaura-2/products/10357589999963,5,PARG5138,,,legacy_or_unknown_workflow,Malachite,True,False,manual_verification_required,weak_match,0.4872,manual_match_required,PENDENTIF ARGENT 925 MALACHITE AA N°2279 (LOT 2 PIÈCES) 24.09G,PARG2279,https://camille-ambiance-nature.fr/produit/pendentif-argent-925-malachite-aa-n%C2%B02279-lot-2-pi%C3%A8ces-24.09g,Primary Ajouter control observed on the authenticated supplier page.,2026-09-07,,
10357591277915,Pendentif Malachite,pendentif-malachite-42,https://admin.shopify.com/store/milaura-2/products/10357591277915,5,PARG5139,,,legacy_or_unknown_workflow,Malachite,True,False,manual_verification_required,weak_match,0.4872,manual_match_required,PENDENTIF ARGENT 925 MALACHITE AA N°2279 (LOT 2 PIÈCES) 24.09G,PARG2279,https://camille-ambiance-nature.fr/produit/pendentif-argent-925-malachite-aa-n%C2%B02279-lot-2-pi%C3%A8ces-24.09g,Primary Ajouter control observed on the authenticated supplier page.,2026-09-07,,
10357588164955,Pendentif Malachite,pendentif-malachite-40,https://admin.shopify.com/store/milaura-2/products/10357588164955,5,PARG5137,,,legacy_or_unknown_workflow,Malachite,True,False,manual_verification_required,weak_match,0.4872,manual_match_required,PENDENTIF ARGENT 925 MALACHITE AA N°2279 (LOT 2 PIÈCES) 24.09G,PARG2279,https://camille-ambiance-nature.fr/produit/pendentif-argent-925-malachite-aa-n%C2%B02279-lot-2-pi%C3%A8ces-24.09g,Primary Ajouter control observed on the authenticated supplier page.,2026-09-07,,
10357586755931,Pendentif Malachite,pendentif-malachite-39,https://admin.shopify.com/store/milaura-2/products/10357586755931,5,PARG5136,,,legacy_or_unknown_workflow,Malachite,True,False,manual_verification_required,weak_match,0.4872,manual_match_required,PENDENTIF ARGENT 925 MALACHITE AA N°2279 (LOT 2 PIÈCES) 24.09G,PARG2279,https://camille-ambiance-nature.fr/produit/pendentif-argent-925-malachite-aa-n%C2%B02279-lot-2-pi%C3%A8ces-24.09g,Primary Ajouter control observed on the authenticated supplier page.,2026-09-07,,
10357586067803,Pendentif Malachite,pendentif-malachite-38,https://admin.shopify.com/store/milaura-2/products/10357586067803,5,PARG5134,,,legacy_or_unknown_workflow,Malachite,True,False,manual_verification_required,weak_match,0.4872,manual_match_required,PENDENTIF ARGENT 925 MALACHITE AA N°2279 (LOT 2 PIÈCES) 24.09G,PARG2279,https://camille-ambiance-nature.fr/produit/pendentif-argent-925-malachite-aa-n%C2%B02279-lot-2-pi%C3%A8ces-24.09g,Primary Ajouter control observed on the authenticated supplier page.,2026-09-07,,
10357584200027,Pendentif Malachite,pendentif-malachite-36,https://admin.shopify.com/store/milaura-2/products/10357584200027,5,PARG5131,,,legacy_or_unknown_workflow,Malachite,True,False,manual_verification_required,weak_match,0.4872,manual_match_required,PENDENTIF ARGENT 925 MALACHITE AA N°2279 (LOT 2 PIÈCES) 24.09G,PARG2279,https://camille-ambiance-nature.fr/produit/pendentif-argent-925-malachite-aa-n%C2%B02279-lot-2-pi%C3%A8ces-24.09g,Primary Ajouter control observed on the authenticated supplier page.,2026-09-07,,
10357584822619,Pendentif Malachite,pendentif-malachite-37,https://admin.shopify.com/store/milaura-2/products/10357584822619,5,PARG5133,,,legacy_or_unknown_workflow,Malachite,True,False,manual_verification_required,weak_match,0.4872,manual_match_required,PENDENTIF ARGENT 925 MALACHITE AA N°2279 (LOT 2 PIÈCES) 24.09G,PARG2279,https://camille-ambiance-nature.fr/produit/pendentif-argent-925-malachite-aa-n%C2%B02279-lot-2-pi%C3%A8ces-24.09g,Primary Ajouter control observed on the authenticated supplier page.,2026-09-07,,
10357583282523,Pendentif Malachite,pendentif-malachite-35,https://admin.shopify.com/store/milaura-2/products/10357583282523,5,PARG5129,,,legacy_or_unknown_workflow,Malachite,True,False,manual_verification_required,weak_match,0.4872,manual_match_required,PENDENTIF ARGENT 925 MALACHITE AA N°2279 (LOT 2 PIÈCES) 24.09G,PARG2279,https://camille-ambiance-nature.fr/produit/pendentif-argent-925-malachite-aa-n%C2%B02279-lot-2-pi%C3%A8ces-24.09g,Primary Ajouter control observed on the authenticated supplier page.,2026-09-07,,
10357582627163,Pendentif Malachite,pendentif-malachite-34,https://admin.shopify.com/store/milaura-2/products/10357582627163,5,PARG5128,,,legacy_or_unknown_workflow,Malachite,True,False,manual_verification_required,weak_match,0.4872,manual_match_required,PENDENTIF ARGENT 925 MALACHITE AA N°2279 (LOT 2 PIÈCES) 24.09G,PARG2279,https://camille-ambiance-nature.fr/produit/pendentif-argent-925-malachite-aa-n%C2%B02279-lot-2-pi%C3%A8ces-24.09g,Primary Ajouter control observed on the authenticated supplier page.,2026-09-07,,
10357582135643,Pendentif Malachite,pendentif-malachite-33,https://admin.shopify.com/store/milaura-2/products/10357582135643,5,PARG5127,,,legacy_or_unknown_workflow,Malachite,True,False,manual_verification_required,weak_match,0.4872,manual_match_required,PENDENTIF ARGENT 925 MALACHITE AA N°2279 (LOT 2 PIÈCES) 24.09G,PARG2279,https://camille-ambiance-nature.fr/produit/pendentif-argent-925-malachite-aa-n%C2%B02279-lot-2-pi%C3%A8ces-24.09g,Primary Ajouter control observed on the authenticated supplier page.,2026-09-07,,
10357581513051,Pendentif Malachite,pendentif-malachite-32,https://admin.shopify.com/store/milaura-2/products/10357581513051,5,PARG5126,,,legacy_or_unknown_workflow,Malachite,True,False,manual_verification_required,weak_match,0.4872,manual_match_required,PENDENTIF ARGENT 925 MALACHITE AA N°2279 (LOT 2 PIÈCES) 24.09G,PARG2279,https://camille-ambiance-nature.fr/produit/pendentif-argent-925-malachite-aa-n%C2%B02279-lot-2-pi%C3%A8ces-24.09g,Primary Ajouter control observed on the authenticated supplier page.,2026-09-07,,
10357581087067,Pendentif Malachite,pendentif-malachite-31,https://admin.shopify.com/store/milaura-2/products/10357581087067,5,PARG5125,,,legacy_or_unknown_workflow,Malachite,True,False,manual_verification_required,weak_match,0.4872,manual_match_required,PENDENTIF ARGENT 925 MALACHITE AA N°2279 (LOT 2 PIÈCES) 24.09G,PARG2279,https://camille-ambiance-nature.fr/produit/pendentif-argent-925-malachite-aa-n%C2%B02279-lot-2-pi%C3%A8ces-24.09g,Primary Ajouter control observed on the authenticated supplier page.,2026-09-07,,
10357580628315,Pendentif Malachite,pendentif-malachite-30,https://admin.shopify.com/store/milaura-2/products/10357580628315,5,PARG5124,,,legacy_or_unknown_workflow,Malachite,True,False,manual_verification_required,weak_match,0.4872,manual_match_required,PENDENTIF ARGENT 925 MALACHITE AA N°2279 (LOT 2 PIÈCES) 24.09G,PARG2279,https://camille-ambiance-nature.fr/produit/pendentif-argent-925-malachite-aa-n%C2%B02279-lot-2-pi%C3%A8ces-24.09g,Primary Ajouter control observed on the authenticated supplier page.,2026-09-07,,
10357580136795,Pendentif Malachite,pendentif-malachite-29,https://admin.shopify.com/store/milaura-2/products/10357580136795,5,PARG5123,,,legacy_or_unknown_workflow,Malachite,True,False,manual_verification_required,weak_match,0.4872,manual_match_required,PENDENTIF ARGENT 925 MALACHITE AA N°2279 (LOT 2 PIÈCES) 24.09G,PARG2279,https://camille-ambiance-nature.fr/produit/pendentif-argent-925-malachite-aa-n%C2%B02279-lot-2-pi%C3%A8ces-24.09g,Primary Ajouter control observed on the authenticated supplier page.,2026-09-07,,
10357579678043,Pendentif Malachite,pendentif-malachite-28,https://admin.shopify.com/store/milaura-2/products/10357579678043,5,PARG5121,,,legacy_or_unknown_workflow,Malachite,True,False,manual_verification_required,weak_match,0.4872,manual_match_required,PENDENTIF ARGENT 925 MALACHITE AA N°2279 (LOT 2 PIÈCES) 24.09G,PARG2279,https://camille-ambiance-nature.fr/produit/pendentif-argent-925-malachite-aa-n%C2%B02279-lot-2-pi%C3%A8ces-24.09g,Primary Ajouter control observed on the authenticated supplier page.,2026-09-07,,
10357579317595,Pendentif Malachite,pendentif-malachite-27,https://admin.shopify.com/store/milaura-2/products/10357579317595,5,PARG5120,,,legacy_or_unknown_workflow,Malachite,True,False,manual_verification_required,weak_match,0.4872,manual_match_required,PENDENTIF ARGENT 925 MALACHITE AA N°2279 (LOT 2 PIÈCES) 24.09G,PARG2279,https://camille-ambiance-nature.fr/produit/pendentif-argent-925-malachite-aa-n%C2%B02279-lot-2-pi%C3%A8ces-24.09g,Primary Ajouter control observed on the authenticated supplier page.,2026-09-07,,
10357578793307,Pendentif Malachite,pendentif-malachite-26,https://admin.shopify.com/store/milaura-2/products/10357578793307,5,PARG5119,,,legacy_or_unknown_workflow,Malachite,True,False,manual_verification_required,weak_match,0.4872,manual_match_required,PENDENTIF ARGENT 925 MALACHITE AA N°2279 (LOT 2 PIÈCES) 24.09G,PARG2279,https://camille-ambiance-nature.fr/produit/pendentif-argent-925-malachite-aa-n%C2%B02279-lot-2-pi%C3%A8ces-24.09g,Primary Ajouter control observed on the authenticated supplier page.,2026-09-07,,
10357577187675,Pendentif Malachite,pendentif-malachite-25,https://admin.shopify.com/store/milaura-2/products/10357577187675,5,PARG5118,,,legacy_or_unknown_workflow,Malachite,True,False,manual_verification_required,weak_match,0.4872,manual_match_required,PENDENTIF ARGENT 925 MALACHITE AA N°2279 (LOT 2 PIÈCES) 24.09G,PARG2279,https://camille-ambiance-nature.fr/produit/pendentif-argent-925-malachite-aa-n%C2%B02279-lot-2-pi%C3%A8ces-24.09g,Primary Ajouter control observed on the authenticated supplier page.,2026-09-07,,
10357576204635,Pendentif Malachite,pendentif-malachite-23,https://admin.shopify.com/store/milaura-2/products/10357576204635,5,PARG5116,,,legacy_or_unknown_workflow,Malachite,True,False,manual_verification_required,weak_match,0.4872,manual_match_required,PENDENTIF ARGENT 925 MALACHITE AA N°2279 (LOT 2 PIÈCES) 24.09G,PARG2279,https://camille-ambiance-nature.fr/produit/pendentif-argent-925-malachite-aa-n%C2%B02279-lot-2-pi%C3%A8ces-24.09g,Primary Ajouter control observed on the authenticated supplier page.,2026-09-07,,
10357576696155,Pendentif Malachite,pendentif-malachite-24,https://admin.shopify.com/store/milaura-2/products/10357576696155,5,PARG5117,,,legacy_or_unknown_workflow,Malachite,True,False,manual_verification_required,weak_match,0.4872,manual_match_required,PENDENTIF ARGENT 925 MALACHITE AA N°2279 (LOT 2 PIÈCES) 24.09G,PARG2279,https://camille-ambiance-nature.fr/produit/pendentif-argent-925-malachite-aa-n%C2%B02279-lot-2-pi%C3%A8ces-24.09g,Primary Ajouter control observed on the authenticated supplier page.,2026-09-07,,
10357575582043,Pendentif Malachite,pendentif-malachite-22,https://admin.shopify.com/store/milaura-2/products/10357575582043,5,PARG5114,,,legacy_or_unknown_workflow,Malachite,True,False,manual_verification_required,weak_match,0.4872,manual_match_required,PENDENTIF ARGENT 925 MALACHITE AA N°2279 (LOT 2 PIÈCES) 24.09G,PARG2279,https://camille-ambiance-nature.fr/produit/pendentif-argent-925-malachite-aa-n%C2%B02279-lot-2-pi%C3%A8ces-24.09g,Primary Ajouter control observed on the authenticated supplier page.,2026-09-07,,
10357575024987,Pendentif Malachite,pendentif-malachite-21,https://admin.shopify.com/store/milaura-2/products/10357575024987,5,PARG5113,,,legacy_or_unknown_workflow,Malachite,True,False,manual_verification_required,weak_match,0.4872,manual_match_required,PENDENTIF ARGENT 925 MALACHITE AA N°2279 (LOT 2 PIÈCES) 24.09G,PARG2279,https://camille-ambiance-nature.fr/produit/pendentif-argent-925-malachite-aa-n%C2%B02279-lot-2-pi%C3%A8ces-24.09g,Primary Ajouter control observed on the authenticated supplier page.,2026-09-07,,
10357574500699,Pendentif Malachite,pendentif-malachite-20,https://admin.shopify.com/store/milaura-2/products/10357574500699,5,PARG5112,,,legacy_or_unknown_workflow,Malachite,True,False,manual_verification_required,weak_match,0.4872,manual_match_required,PENDENTIF ARGENT 925 MALACHITE AA N°2279 (LOT 2 PIÈCES) 24.09G,PARG2279,https://camille-ambiance-nature.fr/produit/pendentif-argent-925-malachite-aa-n%C2%B02279-lot-2-pi%C3%A8ces-24.09g,Primary Ajouter control observed on the authenticated supplier page.,2026-09-07,,
10357574009179,Pendentif Malachite,pendentif-malachite-19,https://admin.shopify.com/store/milaura-2/products/10357574009179,5,PARG5111,,,legacy_or_unknown_workflow,Malachite,True,False,manual_verification_required,weak_match,0.4872,manual_match_required,PENDENTIF ARGENT 925 MALACHITE AA N°2279 (LOT 2 PIÈCES) 24.09G,PARG2279,https://camille-ambiance-nature.fr/produit/pendentif-argent-925-malachite-aa-n%C2%B02279-lot-2-pi%C3%A8ces-24.09g,Primary Ajouter control observed on the authenticated supplier page.,2026-09-07,,
10357573288283,Pendentif Malachite,pendentif-malachite-18,https://admin.shopify.com/store/milaura-2/products/10357573288283,5,PARG5109,,,legacy_or_unknown_workflow,Malachite,True,False,manual_verification_required,weak_match,0.4872,manual_match_required,PENDENTIF ARGENT 925 MALACHITE AA N°2279 (LOT 2 PIÈCES) 24.09G,PARG2279,https://camille-ambiance-nature.fr/produit/pendentif-argent-925-malachite-aa-n%C2%B02279-lot-2-pi%C3%A8ces-24.09g,Primary Ajouter control observed on the authenticated supplier page.,2026-09-07,,
10357572632923,Pendentif Malachite,pendentif-malachite-17,https://admin.shopify.com/store/milaura-2/products/10357572632923,5,PARG5107,,,legacy_or_unknown_workflow,Malachite,True,False,manual_verification_required,weak_match,0.4872,manual_match_required,PENDENTIF ARGENT 925 MALACHITE AA N°2279 (LOT 2 PIÈCES) 24.09G,PARG2279,https://camille-ambiance-nature.fr/produit/pendentif-argent-925-malachite-aa-n%C2%B02279-lot-2-pi%C3%A8ces-24.09g,Primary Ajouter control observed on the authenticated supplier page.,2026-09-07,,
10357571551579,Pendentif Malachite,pendentif-malachite-15,https://admin.shopify.com/store/milaura-2/products/10357571551579,5,PARG5102,,,legacy_or_unknown_workflow,Malachite,True,False,manual_verification_required,weak_match,0.4872,manual_match_required,PENDENTIF ARGENT 925 MALACHITE AA N°2279 (LOT 2 PIÈCES) 24.09G,PARG2279,https://camille-ambiance-nature.fr/produit/pendentif-argent-925-malachite-aa-n%C2%B02279-lot-2-pi%C3%A8ces-24.09g,Primary Ajouter control observed on the authenticated supplier page.,2026-09-07,,
10357572174171,Pendentif Malachite,pendentif-malachite-16,https://admin.shopify.com/store/milaura-2/products/10357572174171,5,PARG5103,,,legacy_or_unknown_workflow,Malachite,True,False,manual_verification_required,weak_match,0.4872,manual_match_required,PENDENTIF ARGENT 925 MALACHITE AA N°2279 (LOT 2 PIÈCES) 24.09G,PARG2279,https://camille-ambiance-nature.fr/produit/pendentif-argent-925-malachite-aa-n%C2%B02279-lot-2-pi%C3%A8ces-24.09g,Primary Ajouter control observed on the authenticated supplier page.,2026-09-07,,
10357570994523,Pendentif Malachite,pendentif-malachite-14,https://admin.shopify.com/store/milaura-2/products/10357570994523,5,PARG5101,,,legacy_or_unknown_workflow,Malachite,True,False,manual_verification_required,weak_match,0.4872,manual_match_required,PENDENTIF ARGENT 925 MALACHITE AA N°2279 (LOT 2 PIÈCES) 24.09G,PARG2279,https://camille-ambiance-nature.fr/produit/pendentif-argent-925-malachite-aa-n%C2%B02279-lot-2-pi%C3%A8ces-24.09g,Primary Ajouter control observed on the authenticated supplier page.,2026-09-07,,
10357570404699,Pendentif Malachite,pendentif-malachite-13,https://admin.shopify.com/store/milaura-2/products/10357570404699,5,PARG5100,,,legacy_or_unknown_workflow,Malachite,True,False,manual_verification_required,weak_match,0.4872,manual_match_required,PENDENTIF ARGENT 925 MALACHITE AA N°2279 (LOT 2 PIÈCES) 24.09G,PARG2279,https://camille-ambiance-nature.fr/produit/pendentif-argent-925-malachite-aa-n%C2%B02279-lot-2-pi%C3%A8ces-24.09g,Primary Ajouter control observed on the authenticated supplier page.,2026-09-07,,
10357569093979,Pendentif Malachite,pendentif-malachite-11,https://admin.shopify.com/store/milaura-2/products/10357569093979,5,PARG5098,,,legacy_or_unknown_workflow,Malachite,True,False,manual_verification_required,weak_match,0.4872,manual_match_required,PENDENTIF ARGENT 925 MALACHITE AA N°2279 (LOT 2 PIÈCES) 24.09G,PARG2279,https://camille-ambiance-nature.fr/produit/pendentif-argent-925-malachite-aa-n%C2%B02279-lot-2-pi%C3%A8ces-24.09g,Primary Ajouter control observed on the authenticated supplier page.,2026-09-07,,
10357569814875,Pendentif Malachite,pendentif-malachite-12,https://admin.shopify.com/store/milaura-2/products/10357569814875,5,PARG5099,,,legacy_or_unknown_workflow,Malachite,True,False,manual_verification_required,weak_match,0.4872,manual_match_required,PENDENTIF ARGENT 925 MALACHITE AA N°2279 (LOT 2 PIÈCES) 24.09G,PARG2279,https://camille-ambiance-nature.fr/produit/pendentif-argent-925-malachite-aa-n%C2%B02279-lot-2-pi%C3%A8ces-24.09g,Primary Ajouter control observed on the authenticated supplier page.,2026-09-07,,
10357568471387,Pendentif Malachite,pendentif-malachite-10,https://admin.shopify.com/store/milaura-2/products/10357568471387,5,PARG5095,,,legacy_or_unknown_workflow,Malachite,True,False,manual_verification_required,weak_match,0.4872,manual_match_required,PENDENTIF ARGENT 925 MALACHITE AA N°2279 (LOT 2 PIÈCES) 24.09G,PARG2279,https://camille-ambiance-nature.fr/produit/pendentif-argent-925-malachite-aa-n%C2%B02279-lot-2-pi%C3%A8ces-24.09g,Primary Ajouter control observed on the authenticated supplier page.,2026-09-07,,
10357567816027,Pendentif Malachite,pendentif-malachite-9,https://admin.shopify.com/store/milaura-2/products/10357567816027,5,PARG5094,,,legacy_or_unknown_workflow,Malachite,True,False,manual_verification_required,weak_match,0.4872,manual_match_required,PENDENTIF ARGENT 925 MALACHITE AA N°2279 (LOT 2 PIÈCES) 24.09G,PARG2279,https://camille-ambiance-nature.fr/produit/pendentif-argent-925-malachite-aa-n%C2%B02279-lot-2-pi%C3%A8ces-24.09g,Primary Ajouter control observed on the authenticated supplier page.,2026-09-07,,
10357567160667,Pendentif Malachite,pendentif-malachite-8,https://admin.shopify.com/store/milaura-2/products/10357567160667,5,PARG5092,,,legacy_or_unknown_workflow,Malachite,True,False,manual_verification_required,weak_match,0.4872,manual_match_required,PENDENTIF ARGENT 925 MALACHITE AA N°2279 (LOT 2 PIÈCES) 24.09G,PARG2279,https://camille-ambiance-nature.fr/produit/pendentif-argent-925-malachite-aa-n%C2%B02279-lot-2-pi%C3%A8ces-24.09g,Primary Ajouter control observed on the authenticated supplier page.,2026-09-07,,
10357566636379,Pendentif Malachite,pendentif-malachite-7,https://admin.shopify.com/store/milaura-2/products/10357566636379,5,PARG5090,,,legacy_or_unknown_workflow,Malachite,True,False,manual_verification_required,weak_match,0.4872,manual_match_required,PENDENTIF ARGENT 925 MALACHITE AA N°2279 (LOT 2 PIÈCES) 24.09G,PARG2279,https://camille-ambiance-nature.fr/produit/pendentif-argent-925-malachite-aa-n%C2%B02279-lot-2-pi%C3%A8ces-24.09g,Primary Ajouter control observed on the authenticated supplier page.,2026-09-07,,
10357566112091,Pendentif Malachite,pendentif-malachite-6,https://admin.shopify.com/store/milaura-2/products/10357566112091,5,PARG5089,,,legacy_or_unknown_workflow,Malachite,True,False,manual_verification_required,weak_match,0.4872,manual_match_required,PENDENTIF ARGENT 925 MALACHITE AA N°2279 (LOT 2 PIÈCES) 24.09G,PARG2279,https://camille-ambiance-nature.fr/produit/pendentif-argent-925-malachite-aa-n%C2%B02279-lot-2-pi%C3%A8ces-24.09g,Primary Ajouter control observed on the authenticated supplier page.,2026-09-07,,
10357565522267,Pendentif Malachite,pendentif-malachite-5,https://admin.shopify.com/store/milaura-2/products/10357565522267,5,PARG5088,,,legacy_or_unknown_workflow,Malachite,True,False,manual_verification_required,weak_match,0.4872,manual_match_required,PENDENTIF ARGENT 925 MALACHITE AA N°2279 (LOT 2 PIÈCES) 24.09G,PARG2279,https://camille-ambiance-nature.fr/produit/pendentif-argent-925-malachite-aa-n%C2%B02279-lot-2-pi%C3%A8ces-24.09g,Primary Ajouter control observed on the authenticated supplier page.,2026-09-07,,
10357564932443,Pendentif Malachite,pendentif-malachite-4,https://admin.shopify.com/store/milaura-2/products/10357564932443,5,PARG5087,,,legacy_or_unknown_workflow,Malachite,True,False,manual_verification_required,weak_match,0.4872,manual_match_required,PENDENTIF ARGENT 925 MALACHITE AA N°2279 (LOT 2 PIÈCES) 24.09G,PARG2279,https://camille-ambiance-nature.fr/produit/pendentif-argent-925-malachite-aa-n%C2%B02279-lot-2-pi%C3%A8ces-24.09g,Primary Ajouter control observed on the authenticated supplier page.,2026-09-07,,
10357564342619,Pendentif Malachite,pendentif-malachite-3,https://admin.shopify.com/store/milaura-2/products/10357564342619,5,PARG5086,,,legacy_or_unknown_workflow,Malachite,True,False,manual_verification_required,weak_match,0.4872,manual_match_required,PENDENTIF ARGENT 925 MALACHITE AA N°2279 (LOT 2 PIÈCES) 24.09G,PARG2279,https://camille-ambiance-nature.fr/produit/pendentif-argent-925-malachite-aa-n%C2%B02279-lot-2-pi%C3%A8ces-24.09g,Primary Ajouter control observed on the authenticated supplier page.,2026-09-07,,
10357563359579,Pendentif Malachite,pendentif-malachite-2,https://admin.shopify.com/store/milaura-2/products/10357563359579,5,PARG5085,,,legacy_or_unknown_workflow,Malachite,True,False,manual_verification_required,weak_match,0.4872,manual_match_required,PENDENTIF ARGENT 925 MALACHITE AA N°2279 (LOT 2 PIÈCES) 24.09G,PARG2279,https://camille-ambiance-nature.fr/produit/pendentif-argent-925-malachite-aa-n%C2%B02279-lot-2-pi%C3%A8ces-24.09g,Primary Ajouter control observed on the authenticated supplier page.,2026-09-07,,
10357562802523,Pendentif Malachite,pendentif-malachite-1,https://admin.shopify.com/store/milaura-2/products/10357562802523,5,PARG5084,,,legacy_or_unknown_workflow,Malachite,True,False,manual_verification_required,weak_match,0.4872,manual_match_required,PENDENTIF ARGENT 925 MALACHITE AA N°2279 (LOT 2 PIÈCES) 24.09G,PARG2279,https://camille-ambiance-nature.fr/produit/pendentif-argent-925-malachite-aa-n%C2%B02279-lot-2-pi%C3%A8ces-24.09g,Primary Ajouter control observed on the authenticated supplier page.,2026-09-07,,
10357562278235,Pendentif Malachite,pendentif-malachite,https://admin.shopify.com/store/milaura-2/products/10357562278235,5,PARG5083,,,legacy_or_unknown_workflow,Malachite,True,False,manual_verification_required,weak_match,0.4872,manual_match_required,PENDENTIF ARGENT 925 MALACHITE AA N°2279 (LOT 2 PIÈCES) 24.09G,PARG2279,https://camille-ambiance-nature.fr/produit/pendentif-argent-925-malachite-aa-n%C2%B02279-lot-2-pi%C3%A8ces-24.09g,Primary Ajouter control observed on the authenticated supplier page.,2026-09-07,,
10357600125275,Pendentif Obsidienne,pendentif-obsidienne,https://admin.shopify.com/store/milaura-2/products/10357600125275,5,PARG4865,,,legacy_or_unknown_workflow,Obsidienne,True,False,manual_verification_required,ambiguous,0.597,manual_match_required,PENDENTIF DONUT OBSIDIENNE NOIRE A (LOT 5 PIÈCES),3701459026340,https://camille-ambiance-nature.fr/produit/pendentif-donut-obsidienne-noire-a-lot-5-pi%C3%A8ces,Primary Ajouter control observed on the authenticated supplier page.,2026-09-07,,
10357599568219,Pendentif Obsidienne Œil Céleste,pendentif-obsidienne-oeil-celeste-7,https://admin.shopify.com/store/milaura-2/products/10357599568219,5,PARG4857,,,legacy_or_unknown_workflow,Obsidienne,True,False,manual_verification_required,ambiguous,0.6966,manual_match_required,PENDENTIF PIERRE PERCÉE OBSIDIENNE OEIL CÉLESTE AA (1 PIÈCE),3701459060115,https://camille-ambiance-nature.fr/produit/pendentif-pierre-percee-obsidienne-oeil-celeste-aa-1-pi%C3%A8ce,Primary Rupture control observed on the authenticated supplier page.,2026-09-07,,
10357599076699,Pendentif Obsidienne Œil Céleste,pendentif-obsidienne-oeil-celeste-6,https://admin.shopify.com/store/milaura-2/products/10357599076699,5,PARG4550,,,legacy_or_unknown_workflow,Obsidienne,True,False,manual_verification_required,ambiguous,0.6966,manual_match_required,PENDENTIF PIERRE PERCÉE OBSIDIENNE OEIL CÉLESTE AA (1 PIÈCE),3701459060115,https://camille-ambiance-nature.fr/produit/pendentif-pierre-percee-obsidienne-oeil-celeste-aa-1-pi%C3%A8ce,Primary Rupture control observed on the authenticated supplier page.,2026-09-07,,
10357597831515,Pendentif Obsidienne Œil Céleste,pendentif-obsidienne-oeil-celeste-4,https://admin.shopify.com/store/milaura-2/products/10357597831515,5,PARG4547,,,legacy_or_unknown_workflow,Obsidienne,True,False,manual_verification_required,ambiguous,0.6966,manual_match_required,PENDENTIF PIERRE PERCÉE OBSIDIENNE OEIL CÉLESTE AA (1 PIÈCE),3701459060115,https://camille-ambiance-nature.fr/produit/pendentif-pierre-percee-obsidienne-oeil-celeste-aa-1-pi%C3%A8ce,Primary Rupture control observed on the authenticated supplier page.,2026-09-07,,
10357598388571,Pendentif Obsidienne Œil Céleste,pendentif-obsidienne-oeil-celeste-5,https://admin.shopify.com/store/milaura-2/products/10357598388571,5,PARG4548,,,legacy_or_unknown_workflow,Obsidienne,True,False,manual_verification_required,ambiguous,0.6966,manual_match_required,PENDENTIF PIERRE PERCÉE OBSIDIENNE OEIL CÉLESTE AA (1 PIÈCE),3701459060115,https://camille-ambiance-nature.fr/produit/pendentif-pierre-percee-obsidienne-oeil-celeste-aa-1-pi%C3%A8ce,Primary Rupture control observed on the authenticated supplier page.,2026-09-07,,
10357597143387,Pendentif Obsidienne Œil Céleste,pendentif-obsidienne-oeil-celeste-3,https://admin.shopify.com/store/milaura-2/products/10357597143387,5,PARG4546,,,legacy_or_unknown_workflow,Obsidienne,True,False,manual_verification_required,ambiguous,0.6966,manual_match_required,PENDENTIF PIERRE PERCÉE OBSIDIENNE OEIL CÉLESTE AA (1 PIÈCE),3701459060115,https://camille-ambiance-nature.fr/produit/pendentif-pierre-percee-obsidienne-oeil-celeste-aa-1-pi%C3%A8ce,Primary Rupture control observed on the authenticated supplier page.,2026-09-07,,
10357595668827,Pendentif Obsidienne Œil Céleste,pendentif-obsidienne-oeil-celeste-2,https://admin.shopify.com/store/milaura-2/products/10357595668827,5,PARG4545,,,legacy_or_unknown_workflow,Obsidienne,True,False,manual_verification_required,ambiguous,0.6966,manual_match_required,PENDENTIF PIERRE PERCÉE OBSIDIENNE OEIL CÉLESTE AA (1 PIÈCE),3701459060115,https://camille-ambiance-nature.fr/produit/pendentif-pierre-percee-obsidienne-oeil-celeste-aa-1-pi%C3%A8ce,Primary Rupture control observed on the authenticated supplier page.,2026-09-07,,
10357592981851,Pendentif Obsidienne Œil Céleste,pendentif-obsidienne-oeil-celeste,https://admin.shopify.com/store/milaura-2/products/10357592981851,5,PARG4535,,,legacy_or_unknown_workflow,Obsidienne,True,False,manual_verification_required,ambiguous,0.6966,manual_match_required,PENDENTIF PIERRE PERCÉE OBSIDIENNE OEIL CÉLESTE AA (1 PIÈCE),3701459060115,https://camille-ambiance-nature.fr/produit/pendentif-pierre-percee-obsidienne-oeil-celeste-aa-1-pi%C3%A8ce,Primary Rupture control observed on the authenticated supplier page.,2026-09-07,,
10357594423643,Pendentif Obsidienne Œil Céleste,pendentif-obsidienne-oeil-celeste-1,https://admin.shopify.com/store/milaura-2/products/10357594423643,5,PARG4543,,,legacy_or_unknown_workflow,Obsidienne,True,False,manual_verification_required,ambiguous,0.6966,manual_match_required,PENDENTIF PIERRE PERCÉE OBSIDIENNE OEIL CÉLESTE AA (1 PIÈCE),3701459060115,https://camille-ambiance-nature.fr/produit/pendentif-pierre-percee-obsidienne-oeil-celeste-aa-1-pi%C3%A8ce,Primary Rupture control observed on the authenticated supplier page.,2026-09-07,,
10357649408347,Pendentif Pierre de Lune,pendentif-pierre-de-lune,https://admin.shopify.com/store/milaura-2/products/10357649408347,5,3701459050291,,,legacy_or_unknown_workflow,Pierre De Lune,True,False,manual_verification_required,ambiguous,0.5647,manual_match_required,PENDENTIF POINTE 30 À 35MM PIERRE DE LUNE ROSE A (LOT 5 PIÈCES),3701459037414,https://camille-ambiance-nature.fr/produit/pendentif-pointe-30-%C3%A0-35mm-pierre-de-lune-rose-a-lot-5-pi%C3%A8ces,Primary Ajouter control observed on the authenticated supplier page.,2026-09-07,,
10357647835483,Pendentif Pyrite,pendentif-pyrite-10,https://admin.shopify.com/store/milaura-2/products/10357647835483,5,3701459041305,,,legacy_or_unknown_workflow,Pyrite,True,False,manual_verification_required,ambiguous,0.5517,manual_match_required,PENDENTIF COEUR 20MM PYRITE A (LOT 5 PIÈCES),3701459055128,https://camille-ambiance-nature.fr/produit/pendentif-coeur-20mm-pyrite-a-lot-5-pi%C3%A8ces,Primary Rupture control observed on the authenticated supplier page.,2026-09-07,,
10357642461531,Pendentif Pyrite,pendentif-pyrite-9,https://admin.shopify.com/store/milaura-2/products/10357642461531,5,3701459041039,,,legacy_or_unknown_workflow,Pyrite,True,False,manual_verification_required,ambiguous,0.5517,manual_match_required,PENDENTIF COEUR 20MM PYRITE A (LOT 5 PIÈCES),3701459055128,https://camille-ambiance-nature.fr/produit/pendentif-coeur-20mm-pyrite-a-lot-5-pi%C3%A8ces,Primary Rupture control observed on the authenticated supplier page.,2026-09-07,,
10357609365851,Pendentif Pyrite,pendentif-pyrite-6,https://admin.shopify.com/store/milaura-2/products/10357609365851,5,PARG4669,,,legacy_or_unknown_workflow,Pyrite,True,False,manual_verification_required,ambiguous,0.5517,manual_match_required,PENDENTIF COEUR 20MM PYRITE A (LOT 5 PIÈCES),3701459055128,https://camille-ambiance-nature.fr/produit/pendentif-coeur-20mm-pyrite-a-lot-5-pi%C3%A8ces,Primary Rupture control observed on the authenticated supplier page.,2026-09-07,,
10357610185051,Pendentif Pyrite,pendentif-pyrite-7,https://admin.shopify.com/store/milaura-2/products/10357610185051,5,PARG4670,,,legacy_or_unknown_workflow,Pyrite,True,False,manual_verification_required,ambiguous,0.5517,manual_match_required,PENDENTIF COEUR 20MM PYRITE A (LOT 5 PIÈCES),3701459055128,https://camille-ambiance-nature.fr/produit/pendentif-coeur-20mm-pyrite-a-lot-5-pi%C3%A8ces,Primary Rupture control observed on the authenticated supplier page.,2026-09-07,,
10357608776027,Pendentif Pyrite,pendentif-pyrite-5,https://admin.shopify.com/store/milaura-2/products/10357608776027,5,PARG4665,,,legacy_or_unknown_workflow,Pyrite,True,False,manual_verification_required,ambiguous,0.5517,manual_match_required,PENDENTIF COEUR 20MM PYRITE A (LOT 5 PIÈCES),3701459055128,https://camille-ambiance-nature.fr/produit/pendentif-coeur-20mm-pyrite-a-lot-5-pi%C3%A8ces,Primary Rupture control observed on the authenticated supplier page.,2026-09-07,,
10357606515035,Pendentif Pyrite,pendentif-pyrite-4,https://admin.shopify.com/store/milaura-2/products/10357606515035,5,PARG4659,,,legacy_or_unknown_workflow,Pyrite,True,False,manual_verification_required,ambiguous,0.5517,manual_match_required,PENDENTIF COEUR 20MM PYRITE A (LOT 5 PIÈCES),3701459055128,https://camille-ambiance-nature.fr/produit/pendentif-coeur-20mm-pyrite-a-lot-5-pi%C3%A8ces,Primary Rupture control observed on the authenticated supplier page.,2026-09-07,,
10357604974939,Pendentif Pyrite,pendentif-pyrite-3,https://admin.shopify.com/store/milaura-2/products/10357604974939,5,PARG4653,,,legacy_or_unknown_workflow,Pyrite,True,False,manual_verification_required,ambiguous,0.5517,manual_match_required,PENDENTIF COEUR 20MM PYRITE A (LOT 5 PIÈCES),3701459055128,https://camille-ambiance-nature.fr/produit/pendentif-coeur-20mm-pyrite-a-lot-5-pi%C3%A8ces,Primary Rupture control observed on the authenticated supplier page.,2026-09-07,,
10357604319579,Pendentif Pyrite,pendentif-pyrite-2,https://admin.shopify.com/store/milaura-2/products/10357604319579,5,PARG4648,,,legacy_or_unknown_workflow,Pyrite,True,False,manual_verification_required,ambiguous,0.5517,manual_match_required,PENDENTIF COEUR 20MM PYRITE A (LOT 5 PIÈCES),3701459055128,https://camille-ambiance-nature.fr/produit/pendentif-coeur-20mm-pyrite-a-lot-5-pi%C3%A8ces,Primary Rupture control observed on the authenticated supplier page.,2026-09-07,,
10357602353499,Pendentif Pyrite,pendentif-pyrite-1,https://admin.shopify.com/store/milaura-2/products/10357602353499,5,PARG4645,,,legacy_or_unknown_workflow,Pyrite,True,False,manual_verification_required,ambiguous,0.5517,manual_match_required,PENDENTIF COEUR 20MM PYRITE A (LOT 5 PIÈCES),3701459055128,https://camille-ambiance-nature.fr/produit/pendentif-coeur-20mm-pyrite-a-lot-5-pi%C3%A8ces,Primary Rupture control observed on the authenticated supplier page.,2026-09-07,,
10357601501531,Pendentif Pyrite,pendentif-pyrite,https://admin.shopify.com/store/milaura-2/products/10357601501531,5,PARG4641,,,legacy_or_unknown_workflow,Pyrite,True,False,manual_verification_required,ambiguous,0.5517,manual_match_required,PENDENTIF COEUR 20MM PYRITE A (LOT 5 PIÈCES),3701459055128,https://camille-ambiance-nature.fr/produit/pendentif-coeur-20mm-pyrite-a-lot-5-pi%C3%A8ces,Primary Rupture control observed on the authenticated supplier page.,2026-09-07,,
10357607203163,Pendentif Pyrite Magnétite,pendentif-pyrite-magnetite-3,https://admin.shopify.com/store/milaura-2/products/10357607203163,5,PARG4660,,,legacy_or_unknown_workflow,Pyrite,True,False,manual_verification_required,ambiguous,0.5714,manual_match_required,"PENDENTIF ARGENT 925 PYRITE SUR MAGNÉTITE AA N°4676 (1 PIÈCE) 13,24G",PARG4676,https://camille-ambiance-nature.fr/produit/pendentif-argent-925-pyrite-sur-magnetite-aa-n%C2%B04676-1-pi%C3%A8ce-13%2C24g,Primary Ajouter control observed on the authenticated supplier page.,2026-09-07,,
10357605695835,Pendentif Pyrite Magnétite,pendentif-pyrite-magnetite-2,https://admin.shopify.com/store/milaura-2/products/10357605695835,5,PARG4654,,,legacy_or_unknown_workflow,Pyrite,True,False,manual_verification_required,ambiguous,0.5714,manual_match_required,"PENDENTIF ARGENT 925 PYRITE SUR MAGNÉTITE AA N°4676 (1 PIÈCE) 13,24G",PARG4676,https://camille-ambiance-nature.fr/produit/pendentif-argent-925-pyrite-sur-magnetite-aa-n%C2%B04676-1-pi%C3%A8ce-13%2C24g,Primary Ajouter control observed on the authenticated supplier page.,2026-09-07,,
10357600715099,Pendentif Pyrite Magnétite,pendentif-pyrite-magnetite,https://admin.shopify.com/store/milaura-2/products/10357600715099,5,PARG4639,,,legacy_or_unknown_workflow,Pyrite,True,False,manual_verification_required,ambiguous,0.5714,manual_match_required,"PENDENTIF ARGENT 925 PYRITE SUR MAGNÉTITE AA N°4676 (1 PIÈCE) 13,24G",PARG4676,https://camille-ambiance-nature.fr/produit/pendentif-argent-925-pyrite-sur-magnetite-aa-n%C2%B04676-1-pi%C3%A8ce-13%2C24g,Primary Ajouter control observed on the authenticated supplier page.,2026-09-07,,
10357603402075,Pendentif Pyrite Magnétite,pendentif-pyrite-magnetite-1,https://admin.shopify.com/store/milaura-2/products/10357603402075,5,PARG4647,,,legacy_or_unknown_workflow,Pyrite,True,False,manual_verification_required,ambiguous,0.5714,manual_match_required,"PENDENTIF ARGENT 925 PYRITE SUR MAGNÉTITE AA N°4676 (1 PIÈCE) 13,24G",PARG4676,https://camille-ambiance-nature.fr/produit/pendentif-argent-925-pyrite-sur-magnetite-aa-n%C2%B04676-1-pi%C3%A8ce-13%2C24g,Primary Ajouter control observed on the authenticated supplier page.,2026-09-07,,
10357608153435,Pendentif Pyrite sur Magnétite,pendentif-pyrite-sur-magnetite,https://admin.shopify.com/store/milaura-2/products/10357608153435,5,PARG4661,,,legacy_or_unknown_workflow,Pyrite,True,False,manual_verification_required,ambiguous,0.6316,manual_match_required,"PENDENTIF ARGENT 925 PYRITE SUR MAGNÉTITE AA N°4676 (1 PIÈCE) 13,24G",PARG4676,https://camille-ambiance-nature.fr/produit/pendentif-argent-925-pyrite-sur-magnetite-aa-n%C2%B04676-1-pi%C3%A8ce-13%2C24g,Primary Ajouter control observed on the authenticated supplier page.,2026-09-07,,
10357661598043,Pendentif Sodalite,pendentif-sodalite-1,https://admin.shopify.com/store/milaura-2/products/10357661598043,5,3701459096732,,,legacy_or_unknown_workflow,Sodalite,True,False,manual_verification_required,ambiguous,0.6316,manual_match_required,PENDENTIF DONUT SODALITE A (LOT 5 PIÈCES),3701459004324,https://camille-ambiance-nature.fr/produit/pendentif-donut-sodalite-a-lot-5-pieces,Primary Ajouter control observed on the authenticated supplier page.,2026-09-07,,
10357634695515,Pendentif Séraphinite,pendentif-seraphinite-32,https://admin.shopify.com/store/milaura-2/products/10357634695515,5,PARG4746,,,legacy_or_unknown_workflow,Seraphinite,True,False,manual_verification_required,weak_match,0.5122,manual_match_required,"PENDENTIF ARGENT 925 SERAPHINITE AA N°4701 (LOT 2 PIÈCES) 19,10G",PARG4701,https://camille-ambiance-nature.fr/produit/pendentif-argent-925-seraphinite-aa-n%C2%B04701-lot-2-pi%C3%A8ces-19%2C10g,Primary Ajouter control observed on the authenticated supplier page.,2026-09-07,,
10357633810779,Pendentif Séraphinite,pendentif-seraphinite-30,https://admin.shopify.com/store/milaura-2/products/10357633810779,5,PARG4744,,,legacy_or_unknown_workflow,Seraphinite,True,False,manual_verification_required,weak_match,0.5122,manual_match_required,"PENDENTIF ARGENT 925 SERAPHINITE AA N°4701 (LOT 2 PIÈCES) 19,10G",PARG4701,https://camille-ambiance-nature.fr/produit/pendentif-argent-925-seraphinite-aa-n%C2%B04701-lot-2-pi%C3%A8ces-19%2C10g,Primary Ajouter control observed on the authenticated supplier page.,2026-09-07,,
10357632663899,Pendentif Séraphinite,pendentif-seraphinite-28,https://admin.shopify.com/store/milaura-2/products/10357632663899,5,PARG4741,,,legacy_or_unknown_workflow,Seraphinite,True,False,manual_verification_required,weak_match,0.5122,manual_match_required,"PENDENTIF ARGENT 925 SERAPHINITE AA N°4701 (LOT 2 PIÈCES) 19,10G",PARG4701,https://camille-ambiance-nature.fr/produit/pendentif-argent-925-seraphinite-aa-n%C2%B04701-lot-2-pi%C3%A8ces-19%2C10g,Primary Ajouter control observed on the authenticated supplier page.,2026-09-07,,
10357634302299,Pendentif Séraphinite,pendentif-seraphinite-31,https://admin.shopify.com/store/milaura-2/products/10357634302299,5,PARG4745,,,legacy_or_unknown_workflow,Seraphinite,True,False,manual_verification_required,weak_match,0.5122,manual_match_required,"PENDENTIF ARGENT 925 SERAPHINITE AA N°4701 (LOT 2 PIÈCES) 19,10G",PARG4701,https://camille-ambiance-nature.fr/produit/pendentif-argent-925-seraphinite-aa-n%C2%B04701-lot-2-pi%C3%A8ces-19%2C10g,Primary Ajouter control observed on the authenticated supplier page.,2026-09-07,,
10357633188187,Pendentif Séraphinite,pendentif-seraphinite-29,https://admin.shopify.com/store/milaura-2/products/10357633188187,5,PARG4742,,,legacy_or_unknown_workflow,Seraphinite,True,False,manual_verification_required,weak_match,0.5122,manual_match_required,"PENDENTIF ARGENT 925 SERAPHINITE AA N°4701 (LOT 2 PIÈCES) 19,10G",PARG4701,https://camille-ambiance-nature.fr/produit/pendentif-argent-925-seraphinite-aa-n%C2%B04701-lot-2-pi%C3%A8ces-19%2C10g,Primary Ajouter control observed on the authenticated supplier page.,2026-09-07,,
10357631713627,Pendentif Séraphinite,pendentif-seraphinite-27,https://admin.shopify.com/store/milaura-2/products/10357631713627,5,PARG4740,,,legacy_or_unknown_workflow,Seraphinite,True,False,manual_verification_required,weak_match,0.5122,manual_match_required,"PENDENTIF ARGENT 925 SERAPHINITE AA N°4701 (LOT 2 PIÈCES) 19,10G",PARG4701,https://camille-ambiance-nature.fr/produit/pendentif-argent-925-seraphinite-aa-n%C2%B04701-lot-2-pi%C3%A8ces-19%2C10g,Primary Ajouter control observed on the authenticated supplier page.,2026-09-07,,
10357630173531,Pendentif Séraphinite,pendentif-seraphinite-26,https://admin.shopify.com/store/milaura-2/products/10357630173531,5,PARG4739,,,legacy_or_unknown_workflow,Seraphinite,True,False,manual_verification_required,weak_match,0.5122,manual_match_required,"PENDENTIF ARGENT 925 SERAPHINITE AA N°4701 (LOT 2 PIÈCES) 19,10G",PARG4701,https://camille-ambiance-nature.fr/produit/pendentif-argent-925-seraphinite-aa-n%C2%B04701-lot-2-pi%C3%A8ces-19%2C10g,Primary Ajouter control observed on the authenticated supplier page.,2026-09-07,,
10357627126107,Pendentif Séraphinite,pendentif-seraphinite-24,https://admin.shopify.com/store/milaura-2/products/10357627126107,5,PARG4737,,,legacy_or_unknown_workflow,Seraphinite,True,False,manual_verification_required,weak_match,0.5122,manual_match_required,"PENDENTIF ARGENT 925 SERAPHINITE AA N°4701 (LOT 2 PIÈCES) 19,10G",PARG4701,https://camille-ambiance-nature.fr/produit/pendentif-argent-925-seraphinite-aa-n%C2%B04701-lot-2-pi%C3%A8ces-19%2C10g,Primary Ajouter control observed on the authenticated supplier page.,2026-09-07,,
10357628764507,Pendentif Séraphinite,pendentif-seraphinite-25,https://admin.shopify.com/store/milaura-2/products/10357628764507,5,PARG4738,,,legacy_or_unknown_workflow,Seraphinite,True,False,manual_verification_required,weak_match,0.5122,manual_match_required,"PENDENTIF ARGENT 925 SERAPHINITE AA N°4701 (LOT 2 PIÈCES) 19,10G",PARG4701,https://camille-ambiance-nature.fr/produit/pendentif-argent-925-seraphinite-aa-n%C2%B04701-lot-2-pi%C3%A8ces-19%2C10g,Primary Ajouter control observed on the authenticated supplier page.,2026-09-07,,
10357626339675,Pendentif Séraphinite,pendentif-seraphinite-23,https://admin.shopify.com/store/milaura-2/products/10357626339675,5,PARG4735,,,legacy_or_unknown_workflow,Seraphinite,True,False,manual_verification_required,weak_match,0.5122,manual_match_required,"PENDENTIF ARGENT 925 SERAPHINITE AA N°4701 (LOT 2 PIÈCES) 19,10G",PARG4701,https://camille-ambiance-nature.fr/produit/pendentif-argent-925-seraphinite-aa-n%C2%B04701-lot-2-pi%C3%A8ces-19%2C10g,Primary Ajouter control observed on the authenticated supplier page.,2026-09-07,,
10357624045915,Pendentif Séraphinite,pendentif-seraphinite-20,https://admin.shopify.com/store/milaura-2/products/10357624045915,5,PARG4728,,,legacy_or_unknown_workflow,Seraphinite,True,False,manual_verification_required,weak_match,0.5122,manual_match_required,"PENDENTIF ARGENT 925 SERAPHINITE AA N°4701 (LOT 2 PIÈCES) 19,10G",PARG4701,https://camille-ambiance-nature.fr/produit/pendentif-argent-925-seraphinite-aa-n%C2%B04701-lot-2-pi%C3%A8ces-19%2C10g,Primary Ajouter control observed on the authenticated supplier page.,2026-09-07,,
10357625651547,Pendentif Séraphinite,pendentif-seraphinite-22,https://admin.shopify.com/store/milaura-2/products/10357625651547,5,PARG4732,,,legacy_or_unknown_workflow,Seraphinite,True,False,manual_verification_required,weak_match,0.5122,manual_match_required,"PENDENTIF ARGENT 925 SERAPHINITE AA N°4701 (LOT 2 PIÈCES) 19,10G",PARG4701,https://camille-ambiance-nature.fr/produit/pendentif-argent-925-seraphinite-aa-n%C2%B04701-lot-2-pi%C3%A8ces-19%2C10g,Primary Ajouter control observed on the authenticated supplier page.,2026-09-07,,
10357624930651,Pendentif Séraphinite,pendentif-seraphinite-21,https://admin.shopify.com/store/milaura-2/products/10357624930651,5,PARG4731,,,legacy_or_unknown_workflow,Seraphinite,True,False,manual_verification_required,weak_match,0.5122,manual_match_required,"PENDENTIF ARGENT 925 SERAPHINITE AA N°4701 (LOT 2 PIÈCES) 19,10G",PARG4701,https://camille-ambiance-nature.fr/produit/pendentif-argent-925-seraphinite-aa-n%C2%B04701-lot-2-pi%C3%A8ces-19%2C10g,Primary Ajouter control observed on the authenticated supplier page.,2026-09-07,,
10357622866267,Pendentif Séraphinite,pendentif-seraphinite-19,https://admin.shopify.com/store/milaura-2/products/10357622866267,5,PARG4727,,,legacy_or_unknown_workflow,Seraphinite,True,False,manual_verification_required,weak_match,0.5122,manual_match_required,"PENDENTIF ARGENT 925 SERAPHINITE AA N°4701 (LOT 2 PIÈCES) 19,10G",PARG4701,https://camille-ambiance-nature.fr/produit/pendentif-argent-925-seraphinite-aa-n%C2%B04701-lot-2-pi%C3%A8ces-19%2C10g,Primary Ajouter control observed on the authenticated supplier page.,2026-09-07,,
10357622014299,Pendentif Séraphinite,pendentif-seraphinite-17,https://admin.shopify.com/store/milaura-2/products/10357622014299,5,PARG4723,,,legacy_or_unknown_workflow,Seraphinite,True,False,manual_verification_required,weak_match,0.5122,manual_match_required,"PENDENTIF ARGENT 925 SERAPHINITE AA N°4701 (LOT 2 PIÈCES) 19,10G",PARG4701,https://camille-ambiance-nature.fr/produit/pendentif-argent-925-seraphinite-aa-n%C2%B04701-lot-2-pi%C3%A8ces-19%2C10g,Primary Ajouter control observed on the authenticated supplier page.,2026-09-07,,
10357621522779,Pendentif Séraphinite,pendentif-seraphinite-16,https://admin.shopify.com/store/milaura-2/products/10357621522779,5,PARG4721,,,legacy_or_unknown_workflow,Seraphinite,True,False,manual_verification_required,weak_match,0.5122,manual_match_required,"PENDENTIF ARGENT 925 SERAPHINITE AA N°4701 (LOT 2 PIÈCES) 19,10G",PARG4701,https://camille-ambiance-nature.fr/produit/pendentif-argent-925-seraphinite-aa-n%C2%B04701-lot-2-pi%C3%A8ces-19%2C10g,Primary Ajouter control observed on the authenticated supplier page.,2026-09-07,,
10357622374747,Pendentif Séraphinite,pendentif-seraphinite-18,https://admin.shopify.com/store/milaura-2/products/10357622374747,5,PARG4725,,,legacy_or_unknown_workflow,Seraphinite,True,False,manual_verification_required,weak_match,0.5122,manual_match_required,"PENDENTIF ARGENT 925 SERAPHINITE AA N°4701 (LOT 2 PIÈCES) 19,10G",PARG4701,https://camille-ambiance-nature.fr/produit/pendentif-argent-925-seraphinite-aa-n%C2%B04701-lot-2-pi%C3%A8ces-19%2C10g,Primary Ajouter control observed on the authenticated supplier page.,2026-09-07,,
10357621031259,Pendentif Séraphinite,pendentif-seraphinite-15,https://admin.shopify.com/store/milaura-2/products/10357621031259,5,PARG4720,,,legacy_or_unknown_workflow,Seraphinite,True,False,manual_verification_required,weak_match,0.5122,manual_match_required,"PENDENTIF ARGENT 925 SERAPHINITE AA N°4701 (LOT 2 PIÈCES) 19,10G",PARG4701,https://camille-ambiance-nature.fr/produit/pendentif-argent-925-seraphinite-aa-n%C2%B04701-lot-2-pi%C3%A8ces-19%2C10g,Primary Ajouter control observed on the authenticated supplier page.,2026-09-07,,
10357620605275,Pendentif Séraphinite,pendentif-seraphinite-14,https://admin.shopify.com/store/milaura-2/products/10357620605275,5,PARG4718,,,legacy_or_unknown_workflow,Seraphinite,True,False,manual_verification_required,weak_match,0.5122,manual_match_required,"PENDENTIF ARGENT 925 SERAPHINITE AA N°4701 (LOT 2 PIÈCES) 19,10G",PARG4701,https://camille-ambiance-nature.fr/produit/pendentif-argent-925-seraphinite-aa-n%C2%B04701-lot-2-pi%C3%A8ces-19%2C10g,Primary Ajouter control observed on the authenticated supplier page.,2026-09-07,,
10357620146523,Pendentif Séraphinite,pendentif-seraphinite-13,https://admin.shopify.com/store/milaura-2/products/10357620146523,5,PARG4717,,,legacy_or_unknown_workflow,Seraphinite,True,False,manual_verification_required,weak_match,0.5122,manual_match_required,"PENDENTIF ARGENT 925 SERAPHINITE AA N°4701 (LOT 2 PIÈCES) 19,10G",PARG4701,https://camille-ambiance-nature.fr/produit/pendentif-argent-925-seraphinite-aa-n%C2%B04701-lot-2-pi%C3%A8ces-19%2C10g,Primary Ajouter control observed on the authenticated supplier page.,2026-09-07,,
10357619589467,Pendentif Séraphinite,pendentif-seraphinite-12,https://admin.shopify.com/store/milaura-2/products/10357619589467,5,PARG4716,,,legacy_or_unknown_workflow,Seraphinite,True,False,manual_verification_required,weak_match,0.5122,manual_match_required,"PENDENTIF ARGENT 925 SERAPHINITE AA N°4701 (LOT 2 PIÈCES) 19,10G",PARG4701,https://camille-ambiance-nature.fr/produit/pendentif-argent-925-seraphinite-aa-n%C2%B04701-lot-2-pi%C3%A8ces-19%2C10g,Primary Ajouter control observed on the authenticated supplier page.,2026-09-07,,
10357619065179,Pendentif Séraphinite,pendentif-seraphinite-11,https://admin.shopify.com/store/milaura-2/products/10357619065179,5,PARG4715,,,legacy_or_unknown_workflow,Seraphinite,True,False,manual_verification_required,weak_match,0.5122,manual_match_required,"PENDENTIF ARGENT 925 SERAPHINITE AA N°4701 (LOT 2 PIÈCES) 19,10G",PARG4701,https://camille-ambiance-nature.fr/produit/pendentif-argent-925-seraphinite-aa-n%C2%B04701-lot-2-pi%C3%A8ces-19%2C10g,Primary Ajouter control observed on the authenticated supplier page.,2026-09-07,,
10357618540891,Pendentif Séraphinite,pendentif-seraphinite-10,https://admin.shopify.com/store/milaura-2/products/10357618540891,5,PARG4714,,,legacy_or_unknown_workflow,Seraphinite,True,False,manual_verification_required,weak_match,0.5122,manual_match_required,"PENDENTIF ARGENT 925 SERAPHINITE AA N°4701 (LOT 2 PIÈCES) 19,10G",PARG4701,https://camille-ambiance-nature.fr/produit/pendentif-argent-925-seraphinite-aa-n%C2%B04701-lot-2-pi%C3%A8ces-19%2C10g,Primary Ajouter control observed on the authenticated supplier page.,2026-09-07,,
10357617164635,Pendentif Séraphinite,pendentif-seraphinite-8,https://admin.shopify.com/store/milaura-2/products/10357617164635,5,PARG4712,,,legacy_or_unknown_workflow,Seraphinite,True,False,manual_verification_required,weak_match,0.5122,manual_match_required,"PENDENTIF ARGENT 925 SERAPHINITE AA N°4701 (LOT 2 PIÈCES) 19,10G",PARG4701,https://camille-ambiance-nature.fr/produit/pendentif-argent-925-seraphinite-aa-n%C2%B04701-lot-2-pi%C3%A8ces-19%2C10g,Primary Ajouter control observed on the authenticated supplier page.,2026-09-07,,
10357617885531,Pendentif Séraphinite,pendentif-seraphinite-9,https://admin.shopify.com/store/milaura-2/products/10357617885531,5,PARG4713,,,legacy_or_unknown_workflow,Seraphinite,True,False,manual_verification_required,weak_match,0.5122,manual_match_required,"PENDENTIF ARGENT 925 SERAPHINITE AA N°4701 (LOT 2 PIÈCES) 19,10G",PARG4701,https://camille-ambiance-nature.fr/produit/pendentif-argent-925-seraphinite-aa-n%C2%B04701-lot-2-pi%C3%A8ces-19%2C10g,Primary Ajouter control observed on the authenticated supplier page.,2026-09-07,,
10357616214363,Pendentif Séraphinite,pendentif-seraphinite-7,https://admin.shopify.com/store/milaura-2/products/10357616214363,5,PARG4711,,,legacy_or_unknown_workflow,Seraphinite,True,False,manual_verification_required,weak_match,0.5122,manual_match_required,"PENDENTIF ARGENT 925 SERAPHINITE AA N°4701 (LOT 2 PIÈCES) 19,10G",PARG4701,https://camille-ambiance-nature.fr/produit/pendentif-argent-925-seraphinite-aa-n%C2%B04701-lot-2-pi%C3%A8ces-19%2C10g,Primary Ajouter control observed on the authenticated supplier page.,2026-09-07,,
10357615460699,Pendentif Séraphinite,pendentif-seraphinite-6,https://admin.shopify.com/store/milaura-2/products/10357615460699,5,PARG4710,,,legacy_or_unknown_workflow,Seraphinite,True,False,manual_verification_required,weak_match,0.5122,manual_match_required,"PENDENTIF ARGENT 925 SERAPHINITE AA N°4701 (LOT 2 PIÈCES) 19,10G",PARG4701,https://camille-ambiance-nature.fr/produit/pendentif-argent-925-seraphinite-aa-n%C2%B04701-lot-2-pi%C3%A8ces-19%2C10g,Primary Ajouter control observed on the authenticated supplier page.,2026-09-07,,
10357613887835,Pendentif Séraphinite,pendentif-seraphinite-4,https://admin.shopify.com/store/milaura-2/products/10357613887835,5,PARG4708,,,legacy_or_unknown_workflow,Seraphinite,True,False,manual_verification_required,weak_match,0.5122,manual_match_required,"PENDENTIF ARGENT 925 SERAPHINITE AA N°4701 (LOT 2 PIÈCES) 19,10G",PARG4701,https://camille-ambiance-nature.fr/produit/pendentif-argent-925-seraphinite-aa-n%C2%B04701-lot-2-pi%C3%A8ces-19%2C10g,Primary Ajouter control observed on the authenticated supplier page.,2026-09-07,,
10357613199707,Pendentif Séraphinite,pendentif-seraphinite-3,https://admin.shopify.com/store/milaura-2/products/10357613199707,5,PARG4706,,,legacy_or_unknown_workflow,Seraphinite,True,False,manual_verification_required,weak_match,0.5122,manual_match_required,"PENDENTIF ARGENT 925 SERAPHINITE AA N°4701 (LOT 2 PIÈCES) 19,10G",PARG4701,https://camille-ambiance-nature.fr/produit/pendentif-argent-925-seraphinite-aa-n%C2%B04701-lot-2-pi%C3%A8ces-19%2C10g,Primary Ajouter control observed on the authenticated supplier page.,2026-09-07,,
10357610840411,Pendentif Séraphinite,pendentif-seraphinite,https://admin.shopify.com/store/milaura-2/products/10357610840411,5,PARG4695,,,legacy_or_unknown_workflow,Seraphinite,True,False,manual_verification_required,weak_match,0.5122,manual_match_required,"PENDENTIF ARGENT 925 SERAPHINITE AA N°4701 (LOT 2 PIÈCES) 19,10G",PARG4701,https://camille-ambiance-nature.fr/produit/pendentif-argent-925-seraphinite-aa-n%C2%B04701-lot-2-pi%C3%A8ces-19%2C10g,Primary Ajouter control observed on the authenticated supplier page.,2026-09-07,,
10357646459227,Pendentif Œil de Taureau,pendentif-oeil-de-taureau,https://admin.shopify.com/store/milaura-2/products/10357646459227,5,3701459079506,,,legacy_or_unknown_workflow,Oeil De Taureau,True,False,manual_verification_required,ambiguous,0.6133,manual_match_required,PENDENTIF COEUR 15MM OEIL DE TAUREAU A (LOT 10 PIÈCES),3701459081134,https://camille-ambiance-nature.fr/produit/pendentif-coeur-15mm-oeil-de-taureau-a-lot-10-pi%C3%A8ces,Primary Rupture control observed on the authenticated supplier page.,2026-09-07,,
10358876143963,Pendule Lapis Lazuli,pendule-lapis-lazuli,https://admin.shopify.com/store/milaura-2/products/10358876143963,5,3701459053889,,,legacy_or_unknown_workflow,Lapis Lazuli,True,False,manual_verification_required,ambiguous,0.6154,manual_match_required,PENDULE HEXAGONAL LAPIS LAZULI A (LOT 3 PIÈCES),3701459037629,https://camille-ambiance-nature.fr/produit/pendule-hexagonal-lapis-lazuli-a-lot-3-pi%C3%A8ces,Primary Ajouter control observed on the authenticated supplier page.,2026-09-07,,
10358582378843,Plaque Fleur de Vie,plaque-fleur-de-vie,https://admin.shopify.com/store/milaura-2/products/10358582378843,5,3667407007314,,,legacy_or_unknown_workflow,,False,False,manual_verification_required,ambiguous,0.5758,manual_match_required,PLAQUE SÉLÉNITE A+ FLEUR DE VIE 140MM (1 PIÈCE) - 02,3701459032273,https://camille-ambiance-nature.fr/produit/plaque-selenite-a%2B-fleur-de-vie-140mm-1-pi%C3%A8ce---02,Primary Ajouter control observed on the authenticated supplier page.,2026-09-07,,
10359675453787,Pointe Cristal de Roche,pointe-cristal-de-roche,https://admin.shopify.com/store/milaura-2/products/10359675453787,5,3701459025404,,,legacy_or_unknown_workflow,,True,False,manual_verification_required,ambiguous,0.6389,manual_match_required,POINTE POLIE CRISTAL DE ROCHE AA+ 50 À 70G (1 PIÈCE),3701459084180,https://camille-ambiance-nature.fr/produit/pointe-polie-cristal-de-roche-aa%2B-50-%C3%A0-70g-1-pi%C3%A8ce,Primary Ajouter control observed on the authenticated supplier page.,2026-09-07,,
10357673230683,Pointe Fluorine Verte,pointe-fluorine-verte,https://admin.shopify.com/store/milaura-2/products/10357673230683,5,3701459095292,,,legacy_or_unknown_workflow,,True,False,manual_verification_required,ambiguous,0.56,manual_match_required,POINTE SEMI POLIE FLUORINE VERTE AA 250 À 300G (1 PIÈCE),3667407016651,https://camille-ambiance-nature.fr/produit/pointe-semi-polie-fluorine-verte-aa-250-a-300g-1-piece,Primary Rupture control observed on the authenticated supplier page.,2026-09-07,,
10359678173531,Arbre de Vie Sélénite,arbre-de-vie-selenite,https://admin.shopify.com/store/milaura-2/products/10359678173531,5,3701459049981,,,legacy_or_unknown_workflow,Sélénite,True,False,exact_reference,exact_reference,1.0,orderable,PLAQUE SÉLÉNITE A+ ARBRE DE VIE 70 À 80MM (LOT 3 PIÈCES) - 01,3701459049981,https://camille-ambiance-nature.fr/produit/plaque-selenite-a%2B-arbre-de-vie-70-%C3%A0-80mm-lot-3-pi%C3%A8ces---01,Primary Ajouter control observed on the authenticated supplier page.,2026-09-07,,
10488131682651,Bague Quartz Rose,bague-azelys-doree-quartz-rose-ab,https://admin.shopify.com/store/milaura-2/products/10488131682651,10,,,,legacy_or_unknown_workflow,Quartz Rose,True,True,exact_supplier_handle,exact_handle,0.95,orderable,BAGUE AZÉLYS DORÉE QUARTZ ROSE AB,3667407006157,https://camille-ambiance-nature.fr/produit/bague-azelys-doree-quartz-rose-ab,Primary Ajouter control observed on the authenticated supplier page.,2026-09-07,,
10637454475611,Bague lotus réglable en argent 925 et aigue-marine naturelle,bague-lotus-reglable-en-argent-925-et-aigue-marine-naturelle,https://admin.shopify.com/store/milaura-2/products/10637454475611,0,3701459041794,3701459041794,2026-08-11,legacy_or_unknown_workflow,Aigue-marine,True,True,exact_reference,exact_reference,1.0,orderable,BAGUE ARGENT 925 MODÈLE 02 AIGUE MARINE NAMIBIE AA (1 PIÈCE) LOT N°1A0525,3701459041794,https://camille-ambiance-nature.fr/produit/bague-argent-925-mod%C3%A8le-02-aigue-marine-namibie-aa-1-pi%C3%A8ce-lot-n%C2%B01a0525,Primary Ajouter control observed on the authenticated supplier page.,2026-09-07,,
10637436977499,Bague réglable en argent 925 et améthyste naturelle,bague-reglable-en-argent-925-et-amethyste-naturelle,https://admin.shopify.com/store/milaura-2/products/10637436977499,0,3701459051991,3701459051991,2026-08-11,legacy_or_unknown_workflow,Améthyste,True,True,exact_reference,exact_reference,1.0,orderable,BAGUE ARGENT 925 MODÈLE 04 AMÉTHYSTE BRÉSIL AA (1 PIÈCE) LOT N°1A0326,3701459051991,https://camille-ambiance-nature.fr/produit/bague-argent-925-modele-04-amethyste-bresil-aa-1-piece-lot-n1a0326,Primary Ajouter control observed on the authenticated supplier page.,2026-09-07,,
10357685485915,Baguette Améthyste,bague-amethyste-2,https://admin.shopify.com/store/milaura-2/products/10357685485915,5,3701459094394,,,legacy_or_unknown_workflow,Améthyste,True,False,exact_reference,exact_reference,1.0,orderable,BAGUETTE MODÈLE 04 POISSON AMÉTHYSTE A (1 PIÈCE),3701459094394,https://camille-ambiance-nature.fr/produit/baguette-mod%C3%A8le-04-poisson-amethyste-a--1-pi%C3%A8ce,Primary Ajouter control observed on the authenticated supplier page.,2026-09-07,,
10357681226075,Baguette Améthyste,bague-amethyste,https://admin.shopify.com/store/milaura-2/products/10357681226075,5,3701459092789,,,legacy_or_unknown_workflow,Améthyste,True,False,exact_reference,exact_reference,1.0,orderable,BAGUETTE MODÈLE 01 AMÉTHYSTE BRÉSIL A (1 PIÈCE),3701459092789,https://camille-ambiance-nature.fr/produit/baguette-mod%C3%A8le-01-amethyste-bresil-a--1-pi%C3%A8ce,Primary Ajouter control observed on the authenticated supplier page.,2026-09-07,,
10357684044123,Baguette Aventurine,bague-aventurine,https://admin.shopify.com/store/milaura-2/products/10357684044123,5,3701459094356,,,legacy_or_unknown_workflow,Aventurine,True,False,exact_reference,exact_reference,1.0,orderable,BAGUETTE MODÈLE 04 CANCER AVENTURINE VERTE A (1 PIÈCE),3701459094356,https://camille-ambiance-nature.fr/produit/baguette-mod%C3%A8le-04-cancer-aventurine-verte-a--1-pi%C3%A8ce,Primary Ajouter control observed on the authenticated supplier page.,2026-09-07,,
10357686632795,Baguette Aventurine Jaune,bague-aventurine-jaune-1,https://admin.shopify.com/store/milaura-2/products/10357686632795,5,3701459094431,,,legacy_or_unknown_workflow,Aventurine,True,False,exact_reference,exact_reference,1.0,orderable,BAGUETTE MODÈLE 04 VIERGE AVENTURINE JAUNE A (1 PIÈCE),3701459094431,https://camille-ambiance-nature.fr/produit/baguette-mod%C3%A8le-04-vierge-aventurine-jaune-a--1-pi%C3%A8ce,Primary Ajouter control observed on the authenticated supplier page.,2026-09-07,,
10357683585371,Baguette Aventurine Jaune,bague-aventurine-jaune,https://admin.shopify.com/store/milaura-2/products/10357683585371,5,3701459094332,,,legacy_or_unknown_workflow,Aventurine,True,False,exact_reference,exact_reference,1.0,orderable,BAGUETTE MODÈLE 03 VIERGE AVENTURINE JAUNE A (1 PIÈCE),3701459094332,https://camille-ambiance-nature.fr/produit/baguette-mod%C3%A8le-03-vierge-aventurine-jaune-a--1-pi%C3%A8ce,Primary Ajouter control observed on the authenticated supplier page.,2026-09-07,,
10357687779675,Baguette Cornaline,bague-cornaline,https://admin.shopify.com/store/milaura-2/products/10357687779675,5,3701459094318,,,legacy_or_unknown_workflow,Cornaline,True,False,exact_reference,exact_reference,1.0,orderable,BAGUETTE MODÈLE 03 SCORPION CORNALINE A (1 PIÈCE),3701459094318,https://camille-ambiance-nature.fr/produit/baguette-mod%C3%A8le-03-scorpion-cornaline-a--1-pi%C3%A8ce,Primary Ajouter control observed on the authenticated supplier page.,2026-09-07,,
10357685092699,Baguette Cristal de Roche,bague-cristal-de-roche,https://admin.shopify.com/store/milaura-2/products/10357685092699,5,3701459094387,,,legacy_or_unknown_workflow,,True,False,exact_reference,exact_reference,1.0,orderable,BAGUETTE MODÈLE 04 LION CRISTAL DE ROCHE A (1 PIÈCE),3701459094387,https://camille-ambiance-nature.fr/produit/baguette-mod%C3%A8le-04-lion-cristal-de-roche-a--1-pi%C3%A8ce,Primary Ajouter control observed on the authenticated supplier page.,2026-09-07,,
10357686272347,Baguette Fluorine Multicolore,bague-fluorine-multicolore-1,https://admin.shopify.com/store/milaura-2/products/10357686272347,5,3701459094424,,,legacy_or_unknown_workflow,,True,False,exact_reference,exact_reference,1.0,orderable,BAGUETTE MODÈLE 04 VERSEAU FLUORINE MULTICOLORE A (1 PIÈCE),3701459094424,https://camille-ambiance-nature.fr/produit/baguette-modele-04-verseau-fluorine-multicolore-a-1-piece,Primary Ajouter control observed on the authenticated supplier page.,2026-09-07,,
10357683192155,Baguette Fluorine Multicolore,bague-fluorine-multicolore,https://admin.shopify.com/store/milaura-2/products/10357683192155,5,3701459094325,,,legacy_or_unknown_workflow,,True,False,exact_reference,exact_reference,1.0,orderable,BAGUETTE MODÈLE 03 VERSEAU FLUORINE MULTICOLORE A (1 PIÈCE),3701459094325,https://camille-ambiance-nature.fr/produit/baguette-modele-03-verseau-fluorine-multicolore-a-1-piece,Primary Ajouter control observed on the authenticated supplier page.,2026-09-07,,
10358876635483,Baguette Jade,bague-jade,https://admin.shopify.com/store/milaura-2/products/10358876635483,5,3701459094264,,,legacy_or_unknown_workflow,Jade,True,False,exact_reference,exact_reference,1.0,orderable,BAGUETTE MODÈLE 03 BALANCE JADE DE CHINE A (1 PIÈCE),3701459094264,https://camille-ambiance-nature.fr/produit/baguette-mod%C3%A8le-03-balance-jade-de-chine-a--1-pi%C3%A8ce,Primary Ajouter control observed on the authenticated supplier page.,2026-09-07,,
10358876701019,Baguette Jade,bague-jade-1,https://admin.shopify.com/store/milaura-2/products/10358876701019,5,3701459094349,,,legacy_or_unknown_workflow,Jade,True,False,exact_reference,exact_reference,1.0,orderable,BAGUETTE MODÈLE 04 BALANCE JADE DE CHINE A (1 PIÈCE),3701459094349,https://camille-ambiance-nature.fr/produit/baguette-mod%C3%A8le-04-balance-jade-de-chine-a--1-pi%C3%A8ce,Primary Ajouter control observed on the authenticated supplier page.,2026-09-07,,
10357682045275,Baguette Jaspe Rouge,bague-jaspe-rouge,https://admin.shopify.com/store/milaura-2/products/10357682045275,5,3701459094271,,,legacy_or_unknown_workflow,Jaspe,True,False,exact_reference,exact_reference,1.0,orderable,BAGUETTE MODÈLE 03 BÉLIER JASPE ROUGE A (1 PIÈCE),3701459094271,https://camille-ambiance-nature.fr/produit/baguette-mod%C3%A8le-03-belier-jaspe-rouge-a--1-pi%C3%A8ce,Primary Ajouter control observed on the authenticated supplier page.,2026-09-07,,
10357684371803,Baguette Obsidienne Noire,bague-obsidienne-noire-1,https://admin.shopify.com/store/milaura-2/products/10357684371803,5,3701459094363,,,legacy_or_unknown_workflow,Obsidienne,True,False,exact_reference,exact_reference,1.0,orderable,BAGUETTE MODÈLE 04 CAPRICORNE OBSIDIENNE NOIRE A (1 PIÈCE),3701459094363,https://camille-ambiance-nature.fr/produit/baguette-mod%C3%A8le-04-capricorne-obsidienne-noire-a--1-pi%C3%A8ce,Primary Ajouter control observed on the authenticated supplier page.,2026-09-07,,
10357682340187,Baguette Obsidienne Noire,bague-obsidienne-noire,https://admin.shopify.com/store/milaura-2/products/10357682340187,5,3701459094288,,,legacy_or_unknown_workflow,Obsidienne,True,False,exact_reference,exact_reference,1.0,orderable,BAGUETTE MODÈLE 03 CAPRICORNE OBSIDIENNE NOIRE A (1 PIÈCE),3701459094288,https://camille-ambiance-nature.fr/produit/baguette-mod%C3%A8le-03-capricorne-obsidienne-noire-a--1-pi%C3%A8ce,Primary Ajouter control observed on the authenticated supplier page.,2026-09-07,,
10357685879131,Baguette Quartz Rose,bague-quartz-rose,https://admin.shopify.com/store/milaura-2/products/10357685879131,5,3701459094417,,,legacy_or_unknown_workflow,Quartz Rose,True,False,exact_reference,exact_reference,1.0,orderable,BAGUETTE MODÈLE 04 TAUREAU QUARTZ ROSE BRÉSIL A (1 PIÈCE),3701459094417,https://camille-ambiance-nature.fr/produit/baguette-mod%C3%A8le-04-taureau-quartz-rose-bresil-a--1-pi%C3%A8ce,Primary Ajouter control observed on the authenticated supplier page.,2026-09-07,,
10357688205659,Baguette Sodalite,bague-sodalite-1,https://admin.shopify.com/store/milaura-2/products/10357688205659,5,3701459094400,,,legacy_or_unknown_workflow,Sodalite,True,False,exact_reference,exact_reference,1.0,orderable,BAGUETTE MODÈLE 04 SAGITTAIRE SODALITE A (1 PIÈCE),3701459094400,https://camille-ambiance-nature.fr/produit/baguette-mod%C3%A8le-04-sagittaire-sodalite-a--1-pi%C3%A8ce,Primary Ajouter control observed on the authenticated supplier page.,2026-09-07,,
10357687288155,Baguette Sodalite,bague-sodalite,https://admin.shopify.com/store/milaura-2/products/10357687288155,5,3701459094301,,,legacy_or_unknown_workflow,Sodalite,True,False,exact_reference,exact_reference,1.0,orderable,BAGUETTE MODÈLE 03 SAGITTAIRE SODALITE A (1 PIÈCE),3701459094301,https://camille-ambiance-nature.fr/produit/baguette-mod%C3%A8le-03-sagittaire-sodalite-a--1-pi%C3%A8ce,Primary Ajouter control observed on the authenticated supplier page.,2026-09-07,,
10357684666715,Baguette Œil de Tigre,bague-oeil-de-tigre,https://admin.shopify.com/store/milaura-2/products/10357684666715,5,3701459094370,,,legacy_or_unknown_workflow,Oeil De Tigre,True,False,exact_reference,exact_reference,1.0,orderable,BAGUETTE MODÈLE 04 GÉMEAUX OEIL DE TIGRE A (1 PIÈCE),3701459094370,https://camille-ambiance-nature.fr/produit/baguette-mod%C3%A8le-04-gemeaux-oeil-de-tigre-a--1-pi%C3%A8ce,Primary Ajouter control observed on the authenticated supplier page.,2026-09-07,,
10357680931163,Bol Chantant + Coussin + Baguette,bol-chantant-om,https://admin.shopify.com/store/milaura-2/products/10357680931163,5,3667407000704,,,legacy_or_unknown_workflow,,False,False,exact_reference,exact_reference,1.0,orderable,BOL CHANTANT 80MM OM BOL + COUSSIN + BAGUETTE (1 PIÈCE),3667407000704,https://camille-ambiance-nature.fr/produit/bol-chantant-80mm-om-bol-coussin-baguette-1-piece,Primary Ajouter control observed on the authenticated supplier page.,2026-09-07,,
10402433958235,Bol Chantant Traditionnel,bol-chantant-120mm-1-piece,https://admin.shopify.com/store/milaura-2/products/10402433958235,10,,,,legacy_or_unknown_workflow,,True,False,exact_supplier_handle,exact_handle,0.95,orderable,BOL CHANTANT 120MM (1 PIÈCE),3667407009349,https://camille-ambiance-nature.fr/produit/bol-chantant-120mm-1-piece,Primary Ajouter control observed on the authenticated supplier page.,2026-09-07,,
10357696725339,Bougeoir Orthoceras,bougeoir-orthoceras,https://admin.shopify.com/store/milaura-2/products/10357696725339,5,3701459050093,,,legacy_or_unknown_workflow,,True,False,exact_reference,exact_reference,1.0,orderable,BOUGEOIR ORTHOCERAS A+ 80X180MM (1 PIÈCE),3701459050093,https://camille-ambiance-nature.fr/produit/bougeoir-orthoceras-a%2B-80x180mm-1-pi%C3%A8ce,Primary Ajouter control observed on the authenticated supplier page.,2026-09-07,,
10488131092827,Bracelet Améthyste Doré,bracelet-mira-dore-amethyste-cristal-de-roche-a,https://admin.shopify.com/store/milaura-2/products/10488131092827,10,,,,legacy_or_unknown_workflow,Améthyste,True,True,exact_supplier_handle,exact_handle,0.95,orderable,"BRACELET MIRA DORÉ AMÉTHYSTE, CRISTAL DE ROCHE A",3701459098897,https://camille-ambiance-nature.fr/produit/bracelet-mira-dore-amethyste-cristal-de-roche-a,Primary Ajouter control observed on the authenticated supplier page.,2026-09-07,,
10402432614747,Bracelet Améthyste Nacre,bracelet-elye-dore-nacre-amethyste-aa,https://admin.shopify.com/store/milaura-2/products/10402432614747,10,,,,legacy_or_unknown_workflow,Améthyste,True,True,exact_supplier_handle,exact_handle,0.95,orderable,"BRACELET ELYE DORÉ NACRE, AMÉTHYSTE AA",3667407007680,https://camille-ambiance-nature.fr/produit/bracelet-elye-dore-nacre-amethyste-aa,Primary Ajouter control observed on the authenticated supplier page.,2026-09-07,,
10357434646875,Bracelet Baroque Agate Indienne,bracelet-agate-indienne,https://admin.shopify.com/store/milaura-2/products/10357434646875,5,3701459018413,,,legacy_or_unknown_workflow,Agate,True,False,exact_reference,exact_reference,1.0,orderable,BRACELET BAROQUE AGATE INDIENNE AB (LOT 10 PIÈCES),3701459018413,https://camille-ambiance-nature.fr/produit/bracelet-baroque-agate-indienne-ab-lot-10-pieces,Primary Ajouter control observed on the authenticated supplier page.,2026-09-07,,
10357435171163,Bracelet Baroque Agate Mousse,bracelet-agate-mousse,https://admin.shopify.com/store/milaura-2/products/10357435171163,5,3701459018420,,,legacy_or_unknown_workflow,Agate,True,False,exact_reference,exact_reference,1.0,orderable,BRACELET BAROQUE AGATE MOUSSE AB (LOT 10 PIÈCES),3701459018420,https://camille-ambiance-nature.fr/produit/bracelet-baroque-agate-mousse-ab-lot-10-pieces,Primary Ajouter control observed on the authenticated supplier page.,2026-09-07,,
10357436252507,Bracelet Baroque Chrysocolle,bracelet-chrysocolle,https://admin.shopify.com/store/milaura-2/products/10357436252507,5,3701459018703,,,legacy_or_unknown_workflow,Chrysocolle,True,False,exact_reference,exact_reference,1.0,orderable,BRACELET BAROQUE CHRYSOCOLLE PÉROU AA (LOT 5 PIÈCES),3701459018703,https://camille-ambiance-nature.fr/produit/bracelet-baroque-chrysocolle-perou-aa-lot-5-pi%C3%A8ces,Primary Ajouter control observed on the authenticated supplier page.,2026-09-07,,
10357439889755,Bracelet Baroque Jaspe Léopard,bracelet-jaspe-leopard,https://admin.shopify.com/store/milaura-2/products/10357439889755,5,3701459018956,,,legacy_or_unknown_workflow,Jaspe,True,False,exact_reference,exact_reference,1.0,orderable,BRACELET BAROQUE JASPE LÉOPARD AB (LOT 10 PIÈCES),3701459018956,https://camille-ambiance-nature.fr/produit/bracelet-baroque-jaspe-leopard-ab-lot-10-pi%C3%A8ces,Primary Ajouter control observed on the authenticated supplier page.,2026-09-07,,
10357441593691,Bracelet Baroque Larimar,bracelet-larimar,https://admin.shopify.com/store/milaura-2/products/10357441593691,5,3701459019069,,,legacy_or_unknown_workflow,Larimar,True,False,exact_reference,exact_reference,1.0,orderable,BRACELET BAROQUE LARIMAR AA (LOT 3 PIÈCES),3701459019069,https://camille-ambiance-nature.fr/produit/bracelet-baroque-larimar-aa-lot-3-pi%C3%A8ces,Primary Ajouter control observed on the authenticated supplier page.,2026-09-07,,
10357444575579,Bracelet Baroque Turquoise,bracelet-turquoise,https://admin.shopify.com/store/milaura-2/products/10357444575579,5,3701459019557,,,legacy_or_unknown_workflow,Turquoise,True,False,exact_reference,exact_reference,1.0,orderable,BRACELET BAROQUE TURQUOISE DU TIBET A+ (LOT 5 PIÈCES),3701459019557,https://camille-ambiance-nature.fr/produit/bracelet-baroque-turquoise-du-tibet-a%2B-lot-5-pi%C3%A8ces,Primary Ajouter control observed on the authenticated supplier page.,2026-09-07,,
10357442085211,Bracelet Baroque Œil de Faucon,bracelet-oeil-de-faucon,https://admin.shopify.com/store/milaura-2/products/10357442085211,5,3701459019151,,,legacy_or_unknown_workflow,Oeil De Faucon,True,False,exact_reference,exact_reference,1.0,orderable,BRACELET BAROQUE OEIL DE FAUCON A (LOT 10 PIÈCES),3701459019151,https://camille-ambiance-nature.fr/produit/bracelet-baroque-oeil-de-faucon-a-lot-10-pi%C3%A8ces,Primary Ajouter control observed on the authenticated supplier page.,2026-09-07,,
10357469348187,Bracelet Calcédoine Bleue,bracelet-calcedoine-bleue,https://admin.shopify.com/store/milaura-2/products/10357469348187,5,3701459035410,,,legacy_or_unknown_workflow,,True,False,exact_reference,exact_reference,1.0,orderable,BRACELET BOULE 08MM CALCÉDOINE BLEUE MALAWI A,3701459035410,https://camille-ambiance-nature.fr/produit/bracelet-boule-08mm-calcedoine-bleue-malawi-a,Primary Ajouter control observed on the authenticated supplier page.,2026-09-07,,
10357486420315,Bracelet Jaspe Mokaïte 10mm,bracelet-jaspe-mokaite-2,https://admin.shopify.com/store/milaura-2/products/10357486420315,5,3701459056286,,,legacy_or_unknown_workflow,Jaspe,True,False,exact_reference,exact_reference,1.0,orderable,BRACELET BOULE 10MM JASPE MOKAÏTE A,3701459056286,https://camille-ambiance-nature.fr/produit/bracelet-boule-10mm-jaspe-moka%C3%AFte-a,Primary Ajouter control observed on the authenticated supplier page.,2026-09-07,,
10402431271259,Bracelet Lapis Lazuli Nacre,bracelet-elye-dore-nacre-lapis-lazuli-aa,https://admin.shopify.com/store/milaura-2/products/10402431271259,10,,,,legacy_or_unknown_workflow,Lapis Lazuli,True,True,exact_supplier_handle,exact_handle,0.95,orderable,"BRACELET ELYE DORÉ NACRE, LAPIS LAZULI AA",3667407006843,https://camille-ambiance-nature.fr/produit/bracelet-elye-dore-nacre-lapis-lazuli-aa,Primary Ajouter control observed on the authenticated supplier page.,2026-09-07,,
10402431893851,Bracelet Oeil de Tigre,bracelet-elye-dore-nacre-oeil-de-tigre-aa,https://admin.shopify.com/store/milaura-2/products/10402431893851,10,,,,legacy_or_unknown_workflow,Oeil de Tigre,True,True,exact_supplier_handle,exact_handle,0.95,orderable,"BRACELET ELYE DORÉ NACRE, OEIL DE TIGRE AA",3667407007703,https://camille-ambiance-nature.fr/produit/bracelet-elye-dore-nacre-oeil-de-tigre-aa,Primary Ajouter control observed on the authenticated supplier page.,2026-09-07,,
10357487337819,Bracelet Tourmaline Multicolore 10mm,bracelet-tourmaline-multicolore-2,https://admin.shopify.com/store/milaura-2/products/10357487337819,5,3701459029488,,,legacy_or_unknown_workflow,Tourmaline,True,False,exact_reference,exact_reference,1.0,orderable,BRACELET BOULE 10MM TOURMALINE MULTICOLORE AA+ TRIÉ (09-10MM),3701459029488,https://camille-ambiance-nature.fr/produit/bracelet-boule-10mm-tourmaline-multicolore-aa%2B-trie-09-10mm,Primary Ajouter control observed on the authenticated supplier page.,2026-09-07,,
10637436748123,Bracelet facetté en péridot naturel - Perles 4 mm,bracelet-facette-en-peridot-naturel-perles-4-mm,https://admin.shopify.com/store/milaura-2/products/10637436748123,0,3701459029211,3701459029211,2026-08-11,legacy_or_unknown_workflow,Péridot,True,True,exact_reference,exact_reference,1.0,orderable,BRACELET FACETTÉ 04MM PÉRIDOT AA,3701459029211,https://camille-ambiance-nature.fr/produit/bracelet-facette-04mm-peridot-aa,Primary Ajouter control observed on the authenticated supplier page.,2026-09-07,,
10357691646299,Bâton de Sauge Blanche Cannelle,sauge-blanche-cannelle,https://admin.shopify.com/store/milaura-2/products/10357691646299,5,3701459080274,,,legacy_or_unknown_workflow,,False,False,exact_reference,exact_reference,1.0,orderable,BÂTON DE SAUGE BLANCHE AVEC CANNELLE 100MM (LOT 3 PIÈCES),3701459080274,https://camille-ambiance-nature.fr/produit/b%C3%A2ton-de-sauge-blanche-avec-cannelle-100mm-lot-3-pi%C3%A8ces,Primary Ajouter control observed on the authenticated supplier page.,2026-09-07,,
10357702590811,Bâton de Sauge Blanche Eucalyptus,sauge-blanche-eucalyptus,https://admin.shopify.com/store/milaura-2/products/10357702590811,5,3701459080236,,,legacy_or_unknown_workflow,,False,False,exact_reference,exact_reference,1.0,orderable,BÂTON DE SAUGE BLANCHE AVEC EUCALYPTUS 100MM (LOT 3 PIÈCES),3701459080236,https://camille-ambiance-nature.fr/produit/b%C3%A2ton-de-sauge-blanche-avec-eucalyptus-100mm-lot-3-pi%C3%A8ces,Primary Ajouter control observed on the authenticated supplier page.,2026-09-07,,
10357693612379,Bâton de Sauge Blanche Lavande,sauge-blanche-lavande,https://admin.shopify.com/store/milaura-2/products/10357693612379,5,3701459086665,,,legacy_or_unknown_workflow,,False,False,exact_reference,exact_reference,1.0,orderable,BÂTON DE SAUGE BLANCHE AVEC LAVANDE DE MER JAUNE 100MM (LOT 3 PIÈCES),3701459086665,https://camille-ambiance-nature.fr/produit/b%C3%A2ton-de-sauge-blanche-avec-lavande-de-mer-jaune-100mm-lot-3-pi%C3%A8ces,Primary Ajouter control observed on the authenticated supplier page.,2026-09-07,,
10358581985627,Bâton de Sauge Blanche et Bleue,sauge-blanche-et-bleue,https://admin.shopify.com/store/milaura-2/products/10358581985627,5,3701459086641,,,legacy_or_unknown_workflow,,False,False,exact_reference,exact_reference,1.0,orderable,BÂTON DE SAUGE BLANCHE ET SAUGE BLEUE 100MM (LOT 3 PIÈCES),3701459086641,https://camille-ambiance-nature.fr/produit/b%C3%A2ton-de-sauge-blanche-et-sauge-bleue-100mm-lot-3-pi%C3%A8ces,Primary Ajouter control observed on the authenticated supplier page.,2026-09-07,,
10357695119707,Bâton de Sauge Bleue,sauge-bleue,https://admin.shopify.com/store/milaura-2/products/10357695119707,5,3701459086672,,,legacy_or_unknown_workflow,,False,False,exact_reference,exact_reference,1.0,orderable,BÂTON DE SAUGE BLEUE 100MM (LOT 3 PIÈCES),3701459086672,https://camille-ambiance-nature.fr/produit/b%C3%A2ton-de-sauge-bleue-100mm-lot-3-pi%C3%A8ces,Primary Ajouter control observed on the authenticated supplier page.,2026-09-07,,
10357491597659,Collier Agate Arbre,collier-agate-arbre,https://admin.shopify.com/store/milaura-2/products/10357491597659,5,3701459074716,,,legacy_or_unknown_workflow,Agate,True,False,exact_reference,exact_reference,1.0,orderable,COLLIER BOULE 08MM AGATE ARBRE AB,3701459074716,https://camille-ambiance-nature.fr/produit/collier-boule-08mm-agate-arbre-ab,Primary Ajouter control observed on the authenticated supplier page.,2026-09-07,,
10357492482395,Collier Amazonite,collier-amazonite,https://admin.shopify.com/store/milaura-2/products/10357492482395,5,3701459074747,,,legacy_or_unknown_workflow,Amazonite,True,False,exact_reference,exact_reference,1.0,orderable,COLLIER BOULE 08MM AMAZONITE PÉROU A+,3701459074747,https://camille-ambiance-nature.fr/produit/collier-boule-08mm-amazonite-perou-a%2B,Primary Ajouter control observed on the authenticated supplier page.,2026-09-07,,
10488131256667,Collier Améthyste Doré,collier-aurela-dore-amethyste-a,https://admin.shopify.com/store/milaura-2/products/10488131256667,10,,,,legacy_or_unknown_workflow,Améthyste,True,True,exact_supplier_handle,exact_handle,0.95,orderable,COLLIER AURÉLA DORÉ AMÉTHYSTE A,3701459098309,https://camille-ambiance-nature.fr/produit/collier-aurela-dore-amethyste-a,Primary Ajouter control observed on the authenticated supplier page.,2026-09-07,,
10516495597915,Collier Calcédoine Bleue Facetté,collier-calcedoine-bleue-facette-4mm,https://admin.shopify.com/store/milaura-2/products/10516495597915,0,3701459084364,,,legacy_or_unknown_workflow,,False,False,exact_reference,exact_reference,1.0,orderable,COLLIER FACETTÉ 04MM CALCÉDOINE BLEUE NAMIBIE A,3701459084364,https://camille-ambiance-nature.fr/produit/collier-facette-04mm-calcedoine-bleue-namibie-a,Primary Ajouter control observed on the authenticated supplier page.,2026-09-07,,
10357490876763,Collier Pyrite,collier-pyrite,https://admin.shopify.com/store/milaura-2/products/10357490876763,5,3701459074662,,,legacy_or_unknown_workflow,Pyrite,True,False,exact_reference,exact_reference,1.0,orderable,COLLIER BOULE 06MM PYRITE A,3701459074662,https://camille-ambiance-nature.fr/produit/collier-boule-06mm-pyrite-a,Primary Ajouter control observed on the authenticated supplier page.,2026-09-07,,
10488134271323,Collier Quartz Rose,collier-boho-dore-quartz-rose-a,https://admin.shopify.com/store/milaura-2/products/10488134271323,10,,,,legacy_or_unknown_workflow,Quartz Rose,True,True,exact_supplier_handle,exact_handle,0.95,orderable,COLLIER BOHO DORÉ QUARTZ ROSE A,3701459098088,https://camille-ambiance-nature.fr/produit/collier-boho-dore-quartz-rose-a,Primary Ajouter control observed on the authenticated supplier page.,2026-09-07,,
10637436715355,Collier argenté en améthyste naturelle - 40 à 45 cm,collier-argente-en-amethyste-naturelle-40-a-45-cm,https://admin.shopify.com/store/milaura-2/products/10637436715355,0,3667407018877,3667407018877,2026-08-11,legacy_or_unknown_workflow,Améthyste,True,True,exact_reference,exact_reference,1.0,orderable,COLLIER NUAGE AMÉTHYSTE AA,3667407018877,https://camille-ambiance-nature.fr/produit/collier-nuage-amethyste-aa,Primary Ajouter control observed on the authenticated supplier page.,2026-09-07,,
10516543078747,Collier calcédoine bleue AA 4 mm,collier-calcedoine-bleue-4mm,https://admin.shopify.com/store/milaura-2/products/10516543078747,0,3701459084517,3701459084517,,legacy_or_unknown_workflow,Calcédoine bleue,True,True,exact_reference,exact_reference,1.0,orderable,COLLIER BOULE 04MM CALCÉDOINE BLEUE NAMIBIE AA,3701459084517,https://camille-ambiance-nature.fr/produit/collier-boule-04mm-calcedoine-bleue-namibie-aa,Primary Ajouter control observed on the authenticated supplier page.,2026-09-07,,
10357707637083,Distributeur Savon Amazonite,savon-amazonite,https://admin.shopify.com/store/milaura-2/products/10357707637083,5,3667407007499,,,legacy_or_unknown_workflow,Amazonite,True,False,exact_reference,exact_reference,1.0,orderable,DISTRIBUTEUR DE SAVON PIERRE POLIE 150MM AMAZONITE MULTICOLORE BRÉSIL AA (1 PIÈCE),3667407007499,https://camille-ambiance-nature.fr/produit/distributeur-de-savon-pierre-polie-150mm-amazonite-multicolore-bresil-aa-1-piece,Primary Ajouter control observed on the authenticated supplier page.,2026-09-07,,
10357708292443,Distributeur Savon Améthyste,distributeur-savon-amethyste,https://admin.shopify.com/store/milaura-2/products/10357708292443,5,3667407007475,,,legacy_or_unknown_workflow,Améthyste,True,False,exact_reference,exact_reference,1.0,orderable,DISTRIBUTEUR DE SAVON PIERRE POLIE 150MM AMÉTHYSTE BRÉSIL AA (1 PIÈCE),3667407007475,https://camille-ambiance-nature.fr/produit/distributeur-de-savon-pierre-polie-150mm-amethyste-bresil-aa-1-piece,Primary Ajouter control observed on the authenticated supplier page.,2026-09-07,,
10357709472091,Distributeur Savon Cristal De Roche,savon-cristal-de-roche,https://admin.shopify.com/store/milaura-2/products/10357709472091,5,3667407007468,,,legacy_or_unknown_workflow,,True,False,exact_reference,exact_reference,1.0,orderable,DISTRIBUTEUR DE SAVON PIERRE POLIE 150MM CRISTAL DE ROCHE A (1 PIÈCE),3667407007468,https://camille-ambiance-nature.fr/produit/distributeur-de-savon-pierre-polie-150mm-cristal-de-roche-a-1-piece,Primary Ajouter control observed on the authenticated supplier page.,2026-09-07,,
10357710815579,Distributeur Savon Sodalite,distributeur-savon-sodalite,https://admin.shopify.com/store/milaura-2/products/10357710815579,5,3667407007482,,,legacy_or_unknown_workflow,Sodalite,True,False,exact_reference,exact_reference,1.0,orderable,DISTRIBUTEUR DE SAVON PIERRE POLIE 150MM SODALITE A (1 PIÈCE),3667407007482,https://camille-ambiance-nature.fr/produit/distributeur-de-savon-pierre-polie-150mm-sodalite-a-1-piece,Primary Ajouter control observed on the authenticated supplier page.,2026-09-07,,
10359674011995,Géode Célestine,geode-celestine,https://admin.shopify.com/store/milaura-2/products/10359674011995,5,3701459071739,,,legacy_or_unknown_workflow,Célestine,True,False,exact_reference,exact_reference,1.0,orderable,GÉODE CÉLESTINE AA (1000 À 2000G) (LOT 3KG),3701459071739,https://camille-ambiance-nature.fr/produit/geode-celestine-aa-1000-%C3%A0-2000g-lot-3kg,Primary Ajouter control observed on the authenticated supplier page.,2026-09-07,,
10358580445531,Oeuf Agate,oeuf-agate-1,https://admin.shopify.com/store/milaura-2/products/10358580445531,5,3701459093274,,,legacy_or_unknown_workflow,Agate,True,False,exact_reference,exact_reference,1.0,orderable,OEUF AGATE CRISTALLISÉE AA+ 40 À 50MM (1 PIÈCE),3701459093274,https://camille-ambiance-nature.fr/produit/oeuf-agate-cristallisee-aa-40-a-50mm-1-piece,Primary Ajouter control observed on the authenticated supplier page.,2026-09-07,,
10357672313179,Orgonite Pointe Améthyste,pointe-amethyste,https://admin.shopify.com/store/milaura-2/products/10357672313179,5,3667407000377,,,legacy_or_unknown_workflow,Améthyste,True,False,exact_reference,exact_reference,1.0,orderable,ORGONITE 60MM POINTE AMÉTHYSTE A (1 PIÈCE),3667407000377,https://camille-ambiance-nature.fr/produit/orgonite-60mm-pointe-amethyste-a-1-piece,Primary Ajouter control observed on the authenticated supplier page.,2026-09-07,,
10358875455835,Orgonite Pointe Aventurine,pointe-aventurine-1,https://admin.shopify.com/store/milaura-2/products/10358875455835,5,3667407000384,,,legacy_or_unknown_workflow,Aventurine,True,False,exact_reference,exact_reference,1.0,orderable,ORGONITE 60MM POINTE AVENTURINE VERTE A (1 PIÈCE),3667407000384,https://camille-ambiance-nature.fr/produit/orgonite-60mm-pointe-aventurine-verte-a-1-piece,Primary Ajouter control observed on the authenticated supplier page.,2026-09-07,,
10359674569051,Orgonite Pointe Jaspe Rouge,pointe-jaspe-rouge,https://admin.shopify.com/store/milaura-2/products/10359674569051,5,3667407000391,,,legacy_or_unknown_workflow,Jaspe,True,False,exact_reference,exact_reference,1.0,orderable,ORGONITE 60MM POINTE JASPE ROUGE A (1 PIÈCE),3667407000391,https://camille-ambiance-nature.fr/produit/orgonite-60mm-pointe-jaspe-rouge-a-1-piece,Primary Ajouter control observed on the authenticated supplier page.,2026-09-07,,
10357672870235,Orgonite Pointe Œil de Tigre,pointe-oeil-de-tigre,https://admin.shopify.com/store/milaura-2/products/10357672870235,5,3667407000421,,,legacy_or_unknown_workflow,Oeil De Tigre,True,False,exact_reference,exact_reference,1.0,orderable,ORGONITE 60MM POINTE OEIL DE TIGRE A (1 PIÈCE),3667407000421,https://camille-ambiance-nature.fr/produit/orgonite-60mm-pointe-oeil-de-tigre-a-1-piece,Primary Ajouter control observed on the authenticated supplier page.,2026-09-07,,
10357703311707,Palo Santo,palo-santo,https://admin.shopify.com/store/milaura-2/products/10357703311707,3,3701459062508,,,legacy_or_unknown_workflow,,False,False,exact_reference,exact_reference,1.0,orderable,PALO SANTO (BURSERA GRAVEOLENS) DU PÉROU A LOT 1KG,3701459062508,https://camille-ambiance-nature.fr/produit/palo-santo-bursera-graveolens-du-perou-a-lot-1kg,Primary Ajouter control observed on the authenticated supplier page.,2026-09-07,,
10357703704923,Palo Santo,palo-santo-1,https://admin.shopify.com/store/milaura-2/products/10357703704923,5,3701459062485,,,legacy_or_unknown_workflow,,False,False,exact_reference,exact_reference,1.0,orderable,PALO SANTO (BURSERA GRAVEOLENS) DU PÉROU A LOT 250G,3701459062485,https://camille-ambiance-nature.fr/produit/palo-santo-bursera-graveolens-du-perou-a-lot-250g,Primary Ajouter control observed on the authenticated supplier page.,2026-09-07,,
10357654421851,Pendentif Amazonite,pendentif-amazonite-3,https://admin.shopify.com/store/milaura-2/products/10357654421851,5,3701459096640,,,legacy_or_unknown_workflow,Amazonite,True,False,exact_reference,exact_reference,1.0,orderable,PENDENTIF SERTI OVALE AMAZONITE PÉROU A (LOT 2 PIÈCES),3701459096640,https://camille-ambiance-nature.fr/produit/pendentif-serti-ovale-amazonite-perou-a-lot-2-pieces,Primary Ajouter control observed on the authenticated supplier page.,2026-09-07,,
10357636497755,Pendentif Cornaline,pendentif-cornaline,https://admin.shopify.com/store/milaura-2/products/10357636497755,5,3701459007165,,,legacy_or_unknown_workflow,Cornaline,True,False,exact_reference,exact_reference,1.0,orderable,PENDENTIF COEUR 15MM CORNALINE A (LOT 10 PIÈCES),3701459007165,https://camille-ambiance-nature.fr/produit/pendentif-coeur-15mm-cornaline-a-lot-10-pi%C3%A8ces,Primary Ajouter control observed on the authenticated supplier page.,2026-09-07,,
10357639676251,Pendentif Hématite Donut,pendentif-hematite,https://admin.shopify.com/store/milaura-2/products/10357639676251,5,3701459055999,,,legacy_or_unknown_workflow,Hématite,True,False,exact_reference,exact_reference,1.0,orderable,PENDENTIF DONUT HÉMATITE A (LOT 5 PIÈCES),3701459055999,https://camille-ambiance-nature.fr/produit/pendentif-donut-hematite-a-lot-5-pieces,Primary Ajouter control observed on the authenticated supplier page.,2026-09-07,,
10357651997019,Pendentif Pierre de Lune Orange,pendentif-pierre-de-lune-orange-1,https://admin.shopify.com/store/milaura-2/products/10357651997019,5,3701459050710,,,legacy_or_unknown_workflow,Pierre De Lune,True,False,exact_reference,exact_reference,1.0,orderable,PENDENTIF PIERRE PLATE OVALE PIERRE DE LUNE ORANGE AA 35 À 45MM (1 PIÈCE),3701459050710,https://camille-ambiance-nature.fr/produit/pendentif-pierre-plate-ovale-pierre-de-lune-orange-aa-35-%C3%A0-45mm-1-pi%C3%A8ce,Primary Ajouter control observed on the authenticated supplier page.,2026-09-07,,
10357650424155,Pendentif Pierre de Lune Orange,pendentif-pierre-de-lune-orange,https://admin.shopify.com/store/milaura-2/products/10357650424155,5,3701459050505,,,legacy_or_unknown_workflow,Pierre De Lune,True,False,exact_reference,exact_reference,1.0,orderable,PENDENTIF PIERRE PLATE GOUTTE PIERRE DE LUNE ORANGE AA 35 À 45MM (1 PIÈCE),3701459050505,https://camille-ambiance-nature.fr/produit/pendentif-pierre-plate-goutte-pierre-de-lune-orange-aa-35-%C3%A0-45mm-1-pi%C3%A8ce,Primary Ajouter control observed on the authenticated supplier page.,2026-09-07,,
10357652390235,Pendentif Pierre de Lune Orange Rectangle,pendentif-pierre-de-lune-orange-2,https://admin.shopify.com/store/milaura-2/products/10357652390235,5,3701459050932,,,legacy_or_unknown_workflow,Pierre De Lune,True,False,exact_reference,exact_reference,1.0,orderable,PENDENTIF PIERRE PLATE RECTANGLE PIERRE DE LUNE ORANGE AA 35 À 45MM (1 PIÈCE),3701459050932,https://camille-ambiance-nature.fr/produit/pendentif-pierre-plate-rectangle-pierre-de-lune-orange-aa-35-%C3%A0-45mm-1-pi%C3%A8ce,Primary Ajouter control observed on the authenticated supplier page.,2026-09-07,,
10357653733723,Pendentif Pointe Cristal de Roche,pendentif-cristal-de-roche-1,https://admin.shopify.com/store/milaura-2/products/10357653733723,5,3701459037346,,,legacy_or_unknown_workflow,,True,False,exact_reference,exact_reference,1.0,orderable,PENDENTIF POINTE 30 À 35MM CRISTAL DE ROCHE A+ (LOT 5 PIÈCES),3701459037346,https://camille-ambiance-nature.fr/produit/pendentif-pointe-30-%C3%A0-35mm-cristal-de-roche-a%2B-lot-5-pi%C3%A8ces,Primary Ajouter control observed on the authenticated supplier page.,2026-09-07,,
10357614543195,Pendentif Séraphinite,pendentif-seraphinite-5,https://admin.shopify.com/store/milaura-2/products/10357614543195,5,PARG4709,,,legacy_or_unknown_workflow,Seraphinite,True,False,exact_reference,exact_reference,1.0,orderable,"PENDENTIF ARGENT 925 SERAPHINITE AA N°4709 (LOT 2 PIÈCES) 20,10G",PARG4709,https://camille-ambiance-nature.fr/produit/pendentif-argent-925-seraphinite-aa-n%C2%B04709-lot-2-pi%C3%A8ces-20%2C10g,Primary Ajouter control observed on the authenticated supplier page.,2026-09-07,,
10357612478811,Pendentif Séraphinite,pendentif-seraphinite-2,https://admin.shopify.com/store/milaura-2/products/10357612478811,5,PARG4702,,,legacy_or_unknown_workflow,Seraphinite,True,False,exact_reference,exact_reference,1.0,orderable,"PENDENTIF ARGENT 925 SERAPHINITE AA N°4702 (LOT 2 PIÈCES) 19,30G",PARG4702,https://camille-ambiance-nature.fr/produit/pendentif-argent-925-seraphinite-aa-n%C2%B04702-lot-2-pi%C3%A8ces-19%2C30g,Primary Ajouter control observed on the authenticated supplier page.,2026-09-07,,
10357611757915,Pendentif Séraphinite,pendentif-seraphinite-1,https://admin.shopify.com/store/milaura-2/products/10357611757915,5,PARG4701,,,legacy_or_unknown_workflow,Seraphinite,True,False,exact_reference,exact_reference,1.0,orderable,"PENDENTIF ARGENT 925 SERAPHINITE AA N°4701 (LOT 2 PIÈCES) 19,10G",PARG4701,https://camille-ambiance-nature.fr/produit/pendentif-argent-925-seraphinite-aa-n%C2%B04701-lot-2-pi%C3%A8ces-19%2C10g,Primary Ajouter control observed on the authenticated supplier page.,2026-09-07,,
10357645246811,Pendentif Topaze Bleue,pendentif-topaze-bleue,https://admin.shopify.com/store/milaura-2/products/10357645246811,5,3701459040872,,,legacy_or_unknown_workflow,Topaze,True,False,exact_reference,exact_reference,1.0,orderable,PENDENTIF PIERRE BRUTE TOPAZE BLEUE AB (LOT 5 PIÈCES),3701459040872,https://camille-ambiance-nature.fr/produit/pendentif-pierre-brute-topaze-bleue-ab-lot-5-pi%C3%A8ces,Primary Ajouter control observed on the authenticated supplier page.,2026-09-07,,
10358876766555,Pendule Amazonite,pendule-amazonite,https://admin.shopify.com/store/milaura-2/products/10358876766555,5,3701459037582,,,legacy_or_unknown_workflow,Amazonite,True,False,exact_reference,exact_reference,1.0,orderable,PENDULE HEXAGONAL AMAZONITE PÉROU A (LOT 3 PIÈCES),3701459037582,https://camille-ambiance-nature.fr/produit/pendule-hexagonal-amazonite-perou-a-lot-3-pieces,Primary Ajouter control observed on the authenticated supplier page.,2026-09-07,,
10358580838747,Pendule Oeil De Tigre,pendule-oeil-de-tigre-2,https://admin.shopify.com/store/milaura-2/products/10358580838747,5,3701459053902,,,legacy_or_unknown_workflow,Oeil De Tigre,True,False,exact_reference,exact_reference,1.0,orderable,PENDULE ÉGYPTIEN OEIL DE TIGRE AFRIQUE DU SUD A (LOT 3 PIÈCES),3701459053902,https://camille-ambiance-nature.fr/produit/pendule-egyptien-oeil-de-tigre-afrique-du-sud-a-lot-3-pi%C3%A8ces,Primary Ajouter control observed on the authenticated supplier page.,2026-09-07,,
10359677944155,Pendule Quartz Rose,pendule-quartz-rose-1,https://admin.shopify.com/store/milaura-2/products/10359677944155,5,3701459037698,,,legacy_or_unknown_workflow,Quartz Rose,True,False,exact_reference,exact_reference,1.0,orderable,PENDULE HEXAGONAL QUARTZ ROSE BRÉSIL A (LOT 5 PIÈCES),3701459037698,https://camille-ambiance-nature.fr/produit/pendule-hexagonal-quartz-rose-bresil-a-lot-5-pi%C3%A8ces,Primary Ajouter control observed on the authenticated supplier page.,2026-09-07,,
10358581559643,Pendule Sodalite,pendule-sodalite-1,https://admin.shopify.com/store/milaura-2/products/10358581559643,5,3701459053940,,,legacy_or_unknown_workflow,Sodalite,True,False,exact_reference,exact_reference,1.0,orderable,PENDULE ÉGYPTIEN SODALITE NAMIBIE A (LOT 3 PIÈCES),3701459053940,https://camille-ambiance-nature.fr/produit/pendule-egyptien-sodalite-namibie-a-lot-3-pi%C3%A8ces,Primary Ajouter control observed on the authenticated supplier page.,2026-09-07,,
10358581592411,Pendule Unakite,pendule-unakite,https://admin.shopify.com/store/milaura-2/products/10358581592411,5,3701459053957,,,legacy_or_unknown_workflow,Unakite,True,False,exact_reference,exact_reference,1.0,orderable,PENDULE ÉGYPTIEN UNAKITE AFRIQUE DU SUD A (LOT 3 PIÈCES),3701459053957,https://camille-ambiance-nature.fr/produit/pendule-egyptien-unakite-afrique-du-sud-a-lot-3-pi%C3%A8ces,Primary Ajouter control observed on the authenticated supplier page.,2026-09-07,,
10357673886043,Pointe Aventurine,pointe-aventurine,https://admin.shopify.com/store/milaura-2/products/10357673886043,5,3701459069576,,,legacy_or_unknown_workflow,Aventurine,True,False,exact_reference,exact_reference,1.0,orderable,POINTE POLIE 30MM AVENTURINE VERTE A (LOT 10 PIÈCES),3701459069576,https://camille-ambiance-nature.fr/produit/pointe-polie-30mm-aventurine-verte-a-lot-10-pi%C3%A8ces,Primary Ajouter control observed on the authenticated supplier page.,2026-09-07,,
10402429731163,Savon Argan,savon-argan-1-piece,https://admin.shopify.com/store/milaura-2/products/10402429731163,10,,,,legacy_or_unknown_workflow,,True,False,exact_supplier_handle,exact_handle,0.95,orderable,SAVON ARGAN (1 PIÈCE),3701459048724,https://camille-ambiance-nature.fr/produit/savon-argan-1-piece,Primary Ajouter control observed on the authenticated supplier page.,2026-09-07,,
10402429927771,Savon Framboise,savon-framboise-1-piece,https://admin.shopify.com/store/milaura-2/products/10402429927771,10,,,,legacy_or_unknown_workflow,,True,False,exact_supplier_handle,exact_handle,0.95,orderable,SAVON FRAMBOISE (1 PIÈCE),3701459048748,https://camille-ambiance-nature.fr/produit/savon-framboise-1-piece,Primary Ajouter control observed on the authenticated supplier page.,2026-09-07,,
10402429796699,Savon Miel,savon-miel-1-piece,https://admin.shopify.com/store/milaura-2/products/10402429796699,10,,,,legacy_or_unknown_workflow,,True,False,exact_supplier_handle,exact_handle,0.95,orderable,SAVON MIEL (1 PIÈCE),3701459048731,https://camille-ambiance-nature.fr/produit/savon-miel-1-piece,Primary Ajouter control observed on the authenticated supplier page.,2026-09-07,,
10402429993307,Savon Rose,savon-rose-1-piece,https://admin.shopify.com/store/milaura-2/products/10402429993307,10,,,,legacy_or_unknown_workflow,,True,False,exact_supplier_handle,exact_handle,0.95,orderable,SAVON ROSE (1 PIÈCE),3701459048755,https://camille-ambiance-nature.fr/produit/savon-rose-1-piece,Primary Ajouter control observed on the authenticated supplier page.,2026-09-07,,
10402429534555,Savon Verveine,savon-verveine-1-piece,https://admin.shopify.com/store/milaura-2/products/10402429534555,10,,,,legacy_or_unknown_workflow,,True,False,exact_supplier_handle,exact_handle,0.95,orderable,SAVON VERVEINE (1 PIÈCE),3701459048700,https://camille-ambiance-nature.fr/produit/savon-verveine-1-piece,Primary Ajouter control observed on the authenticated supplier page.,2026-09-07,,
10357675917659,Sphère Jade de Chine,sphere-jade,https://admin.shopify.com/store/milaura-2/products/10357675917659,5,3701459065370,,,legacy_or_unknown_workflow,Jade,True,False,exact_reference,exact_reference,1.0,orderable,SPHÈRE 40MM JADE DE CHINE A (1 PIÈCE),3701459065370,https://camille-ambiance-nature.fr/produit/sph%C3%A8re-40mm-jade-de-chine-a-1-pi%C3%A8ce,Primary Ajouter control observed on the authenticated supplier page.,2026-09-07,,
10357676507483,Sphère Jaspe Sang De Dragon,sphere-jaspe-sang-de-dragon,https://admin.shopify.com/store/milaura-2/products/10357676507483,5,3701459065424,,,legacy_or_unknown_workflow,Jaspe,True,False,exact_reference,exact_reference,1.0,orderable,SPHÈRE 40MM JASPE SANG DE DRAGON A (1 PIÈCE),3701459065424,https://camille-ambiance-nature.fr/produit/sph%C3%A8re-40mm-jaspe-sang-de-dragon-a-1-pi%C3%A8ce,Primary Ajouter control observed on the authenticated supplier page.,2026-09-07,,
10357678735707,Sphère Labradorite,sphere-labradorite,https://admin.shopify.com/store/milaura-2/products/10357678735707,5,SPHOEU0575,,,legacy_or_unknown_workflow,Labradorite,True,False,exact_reference,exact_reference,1.0,orderable,SPHÈRE N°0575 LABRADORITE TYPE SPECTROLITE A+ 30CM 40800G (1 PIÈCE),SPHOEU0575,https://camille-ambiance-nature.fr/produit/sph%C3%A8re-n%C2%B00575-labradorite-type-spectrolite-a%2B-30cm-40800g-1-pi%C3%A8ce,Primary Ajouter control observed on the authenticated supplier page.,2026-09-07,,
10358875291995,Sphère Planète,sphere-planete,https://admin.shopify.com/store/milaura-2/products/10358875291995,5,3701459069712,,,legacy_or_unknown_workflow,,True,False,exact_reference,exact_reference,1.0,orderable,COFFRET SPHÈRE PLANÈTE A 10 À 25MM (1 PIÈCE),3701459069712,https://camille-ambiance-nature.fr/produit/coffret-sphere-planete-a-10-a-25mm-1-piece,Primary Ajouter control observed on the authenticated supplier page.,2026-09-07,,
10358580674907,Œuf de Yoni Aventurine,oeuf-aventurine,https://admin.shopify.com/store/milaura-2/products/10358580674907,5,3701459064939,,,legacy_or_unknown_workflow,Aventurine,True,False,exact_reference,exact_reference,1.0,orderable,OEUF DE YONI AVENTURINE VERTE A (LOT 3 PIÈCES),3701459064939,https://camille-ambiance-nature.fr/produit/oeuf-de-yoni-aventurine-verte-a-lot-3-pi%C3%A8ces,Primary Ajouter control observed on the authenticated supplier page.,2026-09-07,,
10358580707675,Œuf de Yoni Quartz Rose,oeuf-quartz-rose,https://admin.shopify.com/store/milaura-2/products/10358580707675,5,3701459064960,,,legacy_or_unknown_workflow,Quartz Rose,True,False,exact_reference,exact_reference,1.0,orderable,OEUF DE YONI QUARTZ ROSE BRÉSIL A (LOT 3 PIÈCES),3701459064960,https://camille-ambiance-nature.fr/produit/oeuf-de-yoni-quartz-rose-bresil-a-lot-3-pi%C3%A8ces,Primary Ajouter control observed on the authenticated supplier page.,2026-09-07,,
10357427732827,Boucles d'oreilles en cornaline - Perles de 6 mm,boucles-d-oreilles-en-cornaline-perles-de-6-mm,https://admin.shopify.com/store/milaura-2/products/10357427732827,5,3701459082018,3701459082018,2026-08-25,recent_workflow,Cornaline,True,True,exact_reference,exact_reference,1.0,orderable,BOUCLE D'OREILLE MODÈLE 04 BOULE 06MM CORNALINE A (LOT 5 PAIRES),3701459082018,https://camille-ambiance-nature.fr/produit/boucle-d-oreille-mod%C3%A8le-04-boule-06mm-cornaline-a-lot-5-paires,Primary Ajouter control observed on the authenticated supplier page.,2026-09-07,,
10522152436059,Chapelet en sodalite - Perles de 6 mm,chapelet-sodalite-6mm,https://admin.shopify.com/store/milaura-2/products/10522152436059,1,3667407018617,3667407018617,2026-09-05,recent_workflow,Sodalite,True,True,exact_reference,exact_reference,1.0,orderable,CHAPELET BOULE 06MM SODALITE A (1 PIÈCE),3667407018617,https://camille-ambiance-nature.fr/produit/chapelet-boule-06mm-sodalite-a-1-piece,Primary Ajouter control observed on the authenticated supplier page.,2026-09-07,,
10358581723483,Encens Palo Santo du Pérou - 1 bâton,encens-palo-santo-du-perou-1-baton,https://admin.shopify.com/store/milaura-2/products/10358581723483,5,3701459054732,3701459054732,2026-08-25,recent_workflow,,True,False,exact_reference,exact_reference,1.0,orderable,PALO SANTO (BURSERA GRAVEOLENS) DU PÉROU A (LOT 10 PIÈCES),3701459054732,https://camille-ambiance-nature.fr/produit/palo-santo-bursera-graveolens-du-perou-a-lot-10-pi%C3%A8ces,Primary Ajouter control observed on the authenticated supplier page.,2026-09-07,,
10357489041755,Bracelet Agate Arbre 14mm,bracelet-agate-arbre,https://admin.shopify.com/store/milaura-2/products/10357489041755,5,3701459059287,,,legacy_or_unknown_workflow,Agate,True,False,exact_reference,exact_reference,1.0,rupture,BRACELET BOULE 14MM AGATE ARBRE A,3701459059287,https://camille-ambiance-nature.fr/produit/bracelet-boule-14mm-agate-arbre-a,Primary Rupture control observed on the authenticated supplier page.,2026-09-07,,
10357437301083,Bracelet Baroque Cristal de Roche,bracelet-cristal-de-roche,https://admin.shopify.com/store/milaura-2/products/10357437301083,5,3701459018758,,,legacy_or_unknown_workflow,,True,False,exact_reference,exact_reference,1.0,rupture,BRACELET BAROQUE CRISTAL DE ROCHE A (LOT 10 PIÈCES),3701459018758,https://camille-ambiance-nature.fr/produit/bracelet-baroque-cristal-de-roche-a-lot-10-pieces,Primary Rupture control observed on the authenticated supplier page.,2026-09-07,,
10357439496539,Bracelet Baroque Fluorine Multicolore,bracelet-fluorine-multicolore,https://admin.shopify.com/store/milaura-2/products/10357439496539,5,3701459018857,,,legacy_or_unknown_workflow,,True,False,exact_reference,exact_reference,1.0,rupture,BRACELET BAROQUE FLUORINE MULTICOLORE A (LOT 10 PIÈCES),3701459018857,https://camille-ambiance-nature.fr/produit/bracelet-baroque-fluorine-multicolore-a-lot-10-pi%C3%A8ces,Primary Rupture control observed on the authenticated supplier page.,2026-09-07,,
10357438939483,Bracelet Baroque Émeraude,bracelet-emeraude,https://admin.shopify.com/store/milaura-2/products/10357438939483,5,3701459018833,,,legacy_or_unknown_workflow,Émeraude,True,False,exact_reference,exact_reference,1.0,rupture,BRACELET BAROQUE ÉMERAUDE A (LOT 5 PIÈCES),3701459018833,https://camille-ambiance-nature.fr/produit/bracelet-baroque-emeraude-a-lot-5-pi%C3%A8ces,Primary Rupture control observed on the authenticated supplier page.,2026-09-07,,
10357486846299,Bracelet Tourmaline Multicolore 10mm,bracelet-tourmaline-multicolore-1,https://admin.shopify.com/store/milaura-2/products/10357486846299,5,3701459036615,,,legacy_or_unknown_workflow,Tourmaline,True,False,exact_reference,exact_reference,1.0,rupture,"BRACELET BOULE 10MM TOURMALINE MULTICOLORE AA+ (09,5-10,5MM)",3701459036615,https://camille-ambiance-nature.fr/produit/bracelet-boule-10mm-tourmaline-multicolore-aa%2B-09%2C5-10%2C5mm,Primary Rupture control observed on the authenticated supplier page.,2026-09-07,,
10357686927707,Coussin Jaune,coussin-jaune,https://admin.shopify.com/store/milaura-2/products/10357686927707,5,3667407009691,,,legacy_or_unknown_workflow,,False,False,exact_reference,exact_reference,1.0,rupture,COUSSIN CERCLE 100MM JAUNE (1 PIÈCE),3667407009691,https://camille-ambiance-nature.fr/produit/coussin-cercle-100mm-jaune-1-piece,Primary Rupture control observed on the authenticated supplier page.,2026-09-07,,
10358582542683,Fil Élastique Bordeaux,fil-elastique-bordeaux,https://admin.shopify.com/store/milaura-2/products/10358582542683,5,3667407000629,,,legacy_or_unknown_workflow,,False,False,exact_reference,exact_reference,1.0,rupture,BOBINE FIL ÉLASTIQUE NYLON ROUGE BORDEAUX 50M (1 PIÈCE),3667407000629,https://camille-ambiance-nature.fr/produit/bobine-fil-elastique-nylon-rouge-bordeaux-50m-1-piece,Primary Rupture control observed on the authenticated supplier page.,2026-09-07,,
10357663400283,Géode Cristal de Roche,geode-cristal-de-roche,https://admin.shopify.com/store/milaura-2/products/10357663400283,5,3701459080625,,,legacy_or_unknown_workflow,,True,False,exact_reference,exact_reference,1.0,rupture,FRAGMENT GÉODE CRISTAL DE ROCHE A 30 À 140MM (LOT 1KG),3701459080625,https://camille-ambiance-nature.fr/produit/fragment-geode-cristal-de-roche-a-30-%C3%A0-140mm-lot-1kg,Primary Rupture control observed on the authenticated supplier page.,2026-09-07,,
10358580478299,Oeuf Agate Cristallisée,oeuf-agate-cristallisee,https://admin.shopify.com/store/milaura-2/products/10358580478299,5,3701459093281,,,legacy_or_unknown_workflow,Agate,True,False,exact_reference,exact_reference,1.0,rupture,OEUF AGATE CRISTALLISÉE AA+ 50 À 60MM (1 PIÈCE),3701459093281,https://camille-ambiance-nature.fr/produit/oeuf-agate-cristallisee-aa-50-a-60mm-1-piece,Primary Rupture control observed on the authenticated supplier page.,2026-09-07,,
10357669593435,Oeuf Orthoceras,oeuf-orthoceras,https://admin.shopify.com/store/milaura-2/products/10357669593435,5,3701459051892,,,legacy_or_unknown_workflow,,True,False,exact_reference,exact_reference,1.0,rupture,OEUF ORTHOCERAS A+ 50 À 60MM (LOT 3 PIÈCES),3701459051892,https://camille-ambiance-nature.fr/produit/oeuf-orthoceras-a-50-a-60mm-lot-3-pieces,Primary Rupture control observed on the authenticated supplier page.,2026-09-07,,
10357671788891,Oeuf Pyrite,oeuf-pyrite-1,https://admin.shopify.com/store/milaura-2/products/10357671788891,5,3701459027354,,,legacy_or_unknown_workflow,Pyrite,True,False,exact_reference,exact_reference,1.0,rupture,OEUF PYRITE AA 50 À 60MM (1 PIÈCE),3701459027354,https://camille-ambiance-nature.fr/produit/oeuf-pyrite-aa-50-%C3%A0-60mm-1-pi%C3%A8ce,Primary Rupture control observed on the authenticated supplier page.,2026-09-07,,
10357671067995,Oeuf Pyrite,oeuf-pyrite,https://admin.shopify.com/store/milaura-2/products/10357671067995,5,3701459027347,,,legacy_or_unknown_workflow,Pyrite,True,False,exact_reference,exact_reference,1.0,rupture,OEUF PYRITE AA 40 À 50MM (1 PIÈCE),3701459027347,https://camille-ambiance-nature.fr/produit/oeuf-pyrite-aa-40-%C3%A0-50mm-1-pi%C3%A8ce,Primary Rupture control observed on the authenticated supplier page.,2026-09-07,,
10357656224091,Pendentif Apatite,pendentif-apatite-7,https://admin.shopify.com/store/milaura-2/products/10357656224091,5,3701459096664,,,legacy_or_unknown_workflow,Apatite,True,False,exact_reference,exact_reference,1.0,rupture,PENDENTIF SERTI OVALE APATITE BLEUE A (LOT 2 PIÈCES),3701459096664,https://camille-ambiance-nature.fr/produit/pendentif-serti-ovale-apatite-bleue-a-lot-2-pieces,Primary Rupture control observed on the authenticated supplier page.,2026-09-07,,
10357640200539,Pendentif Cristal de Roche Étoile,pendentif-cristal-de-roche,https://admin.shopify.com/store/milaura-2/products/10357640200539,5,3701459092130,,,legacy_or_unknown_workflow,,True,False,exact_reference,exact_reference,1.0,rupture,PENDENTIF ÉTOILE 20MM CRISTAL DE ROCHE A (LOT 5 PIÈCES),3701459092130,https://camille-ambiance-nature.fr/produit/pendentif-etoile-20mm-cristal-de-roche-a-lot-5-pi%C3%A8ces,Primary Rupture control observed on the authenticated supplier page.,2026-09-07,,
10357638562139,Pendentif Pyrite,pendentif-pyrite-8,https://admin.shopify.com/store/milaura-2/products/10357638562139,5,3701459055128,,,legacy_or_unknown_workflow,Pyrite,True,False,exact_reference,exact_reference,1.0,rupture,PENDENTIF COEUR 20MM PYRITE A (LOT 5 PIÈCES),3701459055128,https://camille-ambiance-nature.fr/produit/pendentif-coeur-20mm-pyrite-a-lot-5-pi%C3%A8ces,Primary Rupture control observed on the authenticated supplier page.,2026-09-07,,
10357644558683,Pendentif Rhodochrosite Pierre Brute,pendentif-rhodochrosite,https://admin.shopify.com/store/milaura-2/products/10357644558683,5,3701459069088,,,legacy_or_unknown_workflow,Rhodochrosite,True,False,exact_reference,exact_reference,1.0,rupture,PENDENTIF PIERRE BRUTE RHODOCHROSITE AA 20 À 40MM (LOT 3 PIÈCES),3701459069088,https://camille-ambiance-nature.fr/produit/pendentif-pierre-brute-rhodochrosite-aa-20-%C3%A0-40mm-lot-3-pi%C3%A8ces,Primary Rupture control observed on the authenticated supplier page.,2026-09-07,,
10357655044443,Pendentif Serti Ovale Améthyste,pendentif-amethyste,https://admin.shopify.com/store/milaura-2/products/10357655044443,5,3701459096657,,,legacy_or_unknown_workflow,Améthyste,True,False,exact_reference,exact_reference,1.0,rupture,PENDENTIF SERTI OVALE AMÉTHYSTE BRÉSIL A (LOT 2 PIÈCES),3701459096657,https://camille-ambiance-nature.fr/produit/pendentif-serti-ovale-amethyste-bresil-a-lot-2-pieces,Primary Rupture control observed on the authenticated supplier page.,2026-09-07,,
10357658714459,Pendentif Serti Œil de Tigre,pendentif-oeil-de-tigre,https://admin.shopify.com/store/milaura-2/products/10357658714459,5,3701459096701,,,legacy_or_unknown_workflow,Oeil De Tigre,True,False,exact_reference,exact_reference,1.0,rupture,PENDENTIF SERTI OVALE OEIL DE TIGRE A (LOT 2 PIÈCES),3701459096701,https://camille-ambiance-nature.fr/produit/pendentif-serti-ovale-oeil-de-tigre-a-lot-2-pieces,Primary Rupture control observed on the authenticated supplier page.,2026-09-07,,
10357653012827,Pendentif Shungite,pendentif-shungite,https://admin.shopify.com/store/milaura-2/products/10357653012827,4,3701459054725,,,legacy_or_unknown_workflow,Shungite,True,False,exact_reference,exact_reference,1.0,rupture,PENDENTIF PIERRE PLATE SHUNGITE RUSSIE AA FLEUR DE VIE AVEC CORDON 30MM (LOT 2 PIÈCES),3701459054725,https://camille-ambiance-nature.fr/produit/pendentif-pierre-plate-shungite-russie-aa-fleur-de-vie-avec-cordon-30mm-lot-2-pi%C3%A8ces,Primary Rupture control observed on the authenticated supplier page.,2026-09-07,,
10357640692059,Pendentif Étoile Sodalite,pendentif-etoile-sodalite,https://admin.shopify.com/store/milaura-2/products/10357640692059,5,3701459092222,,,legacy_or_unknown_workflow,Sodalite,True,False,exact_reference,exact_reference,1.0,rupture,PENDENTIF ÉTOILE 20MM SODALITE AB (LOT 5 PIÈCES),3701459092222,https://camille-ambiance-nature.fr/produit/pendentif-etoile-20mm-sodalite-ab-lot-5-pi%C3%A8ces,Primary Rupture control observed on the authenticated supplier page.,2026-09-07,,
10358580773211,Pendule Œil de Tigre,pendule-oeil-de-tigre-1,https://admin.shopify.com/store/milaura-2/products/10358580773211,5,3701459053803,,,legacy_or_unknown_workflow,Oeil De Tigre,True,False,exact_reference,exact_reference,1.0,rupture,PENDULE CONIQUE OEIL DE TIGRE AFRIQUE DU SUD A (LOT 3 PIÈCES),3701459053803,https://camille-ambiance-nature.fr/produit/pendule-conique-oeil-de-tigre-afrique-du-sud-a-lot-3-pi%C3%A8ces,Primary Rupture control observed on the authenticated supplier page.,2026-09-07,,
10359675781467,Pointe Calcédoine Bleue,pointe-calcedoine-bleue,https://admin.shopify.com/store/milaura-2/products/10359675781467,5,3701459075843,,,legacy_or_unknown_workflow,,True,False,exact_reference,exact_reference,1.0,rupture,POINTE POLIE CALCÉDOINE BLEUE NAMIBIE AAA 70 À 80G (1 PIÈCE),3701459075843,https://camille-ambiance-nature.fr/produit/pointe-polie-calcedoine-bleue-namibie-aaa-70-%C3%A0-80g-1-pi%C3%A8ce,Primary Rupture control observed on the authenticated supplier page.,2026-09-07,,
10359676240219,Sphère Azurite Malachite,sphere-azurite-malachite,https://admin.shopify.com/store/milaura-2/products/10359676240219,5,3701459080144,,,legacy_or_unknown_workflow,Malachite,True,False,exact_reference,exact_reference,1.0,rupture,SPHÈRE AZURITE MALACHITE PÉROU AAA 30 À 35MM (1 PIÈCE),3701459080144,https://camille-ambiance-nature.fr/produit/sph%C3%A8re-azurite-malachite-perou-aaa-30-%C3%A0-35mm-1-pi%C3%A8ce,Primary Rupture control observed on the authenticated supplier page.,2026-09-07,,
10357678145883,Sphère Fluorine Bleue,sphere-fluorine-bleue,https://admin.shopify.com/store/milaura-2/products/10357678145883,5,3701459051199,,,legacy_or_unknown_workflow,,True,False,exact_reference,exact_reference,1.0,rupture,SPHÈRE FLUORINE BLEUE AA 40 À 50MM (1 PIÈCE),3701459051199,https://camille-ambiance-nature.fr/produit/sph%C3%A8re-fluorine-bleue-aa-40-%C3%A0-50mm-1-pi%C3%A8ce,Primary Rupture control observed on the authenticated supplier page.,2026-09-07,,
10357675426139,Sphère Howlite Blanche,sphere-howlite-blanche,https://admin.shopify.com/store/milaura-2/products/10357675426139,5,3701459065363,,,legacy_or_unknown_workflow,Howlite,True,False,exact_reference,exact_reference,1.0,rupture,SPHÈRE 40MM HOWLITE BLANCHE A (1 PIÈCE),3701459065363,https://camille-ambiance-nature.fr/produit/sph%C3%A8re-40mm-howlite-blanche-a-1-pi%C3%A8ce,Primary Rupture control observed on the authenticated supplier page.,2026-09-07,,
10358580511067,Sphère Labradorite,sphere-labradorite-1,https://admin.shopify.com/store/milaura-2/products/10358580511067,5,3701459065431,,,legacy_or_unknown_workflow,Labradorite,True,False,exact_reference,exact_reference,1.0,rupture,SPHÈRE 40MM LABRADORITE A (1 PIÈCE),3701459065431,https://camille-ambiance-nature.fr/produit/sph%C3%A8re-40mm-labradorite-a-1-pi%C3%A8ce,Primary Rupture control observed on the authenticated supplier page.,2026-09-07,,
10357677097307,Sphère Œil de Tigre,sphere-oeil-de-tigre,https://admin.shopify.com/store/milaura-2/products/10357677097307,5,3701459013418,,,legacy_or_unknown_workflow,Oeil De Tigre,True,False,exact_reference,exact_reference,1.0,rupture,SPHÈRE 40MM OEIL DE TIGRE A (1 PIÈCE),3701459013418,https://camille-ambiance-nature.fr/produit/sph%C3%A8re-40mm-oeil-de-tigre-a-1-pi%C3%A8ce,Primary Rupture control observed on the authenticated supplier page.,2026-09-07,,
10358875521371,Sphère Œil de Tigre,sphere-oeil-de-tigre-1,https://admin.shopify.com/store/milaura-2/products/10358875521371,5,3701459067220,,,legacy_or_unknown_workflow,Oeil De Tigre,True,False,exact_reference,exact_reference,1.0,rupture,SPHÈRE OEIL DE TIGRE AA 50 À 60MM (1 PIÈCE),3701459067220,https://camille-ambiance-nature.fr/produit/sph%C3%A8re-oeil-de-tigre-aa-50-%C3%A0-60mm-1-pi%C3%A8ce,Primary Rupture control observed on the authenticated supplier page.,2026-09-07,,
10357704393051,Bol Orthocéras Rond - 150 mm,bol-orthoceras-rond-150-mm,https://admin.shopify.com/store/milaura-2/products/10357704393051,5,3701459050048,,,legacy_or_unknown_workflow,,True,False,not_found,not_found,0.0,supplier_page_not_found,,,,,2026-09-07,,
10357705113947,Bol Sélénite Cœur - 80 mm,bol-selenite-coeur-80-mm,https://admin.shopify.com/store/milaura-2/products/10357705113947,5,3701459032464,,,legacy_or_unknown_workflow,Sélénite,True,False,not_found,not_found,0.0,supplier_page_not_found,,,,,2026-09-07,,
10357427110235,Boucles d'Oreilles Aventurine,boucles-doreilles-aventurine-2,https://admin.shopify.com/store/milaura-2/products/10357427110235,5,3701459082001,,,legacy_or_unknown_workflow,Aventurine,True,False,not_found,not_found,0.0,supplier_page_not_found,,,,,2026-09-07,,
10357422883163,Boucles d'Oreilles Aventurine,boucles-doreilles-aventurine,https://admin.shopify.com/store/milaura-2/products/10357422883163,5,3701459081844,,,legacy_or_unknown_workflow,Aventurine,True,False,not_found,not_found,0.0,supplier_page_not_found,,,,,2026-09-07,,
10357429829979,Boucles d'Oreilles Aventurine 8mm,boucles-doreilles-aventurine-3,https://admin.shopify.com/store/milaura-2/products/10357429829979,5,3701459082117,,,legacy_or_unknown_workflow,Aventurine,True,False,not_found,not_found,0.0,supplier_page_not_found,,,,,2026-09-07,,
10402430517595,Boucles d'Oreilles Cornaline,boucles-doreilles-cornaline-fleur-15mm,https://admin.shopify.com/store/milaura-2/products/10402430517595,10,,,,legacy_or_unknown_workflow,Cornaline,True,True,not_found,not_found,0.0,supplier_page_not_found,,,,,2026-09-07,,
10357423341915,Boucles d'Oreilles Lapis-Lazuli,boucles-doreilles-lapis-lazuli,https://admin.shopify.com/store/milaura-2/products/10357423341915,5,3701459082810,,,legacy_or_unknown_workflow,Lapis Lazuli,True,False,not_found,not_found,0.0,supplier_page_not_found,,,,,2026-09-07,,
10357433631067,Boucles d'Oreilles Larvikite 10mm,boucles-doreilles-larvikite,https://admin.shopify.com/store/milaura-2/products/10357433631067,5,3701459082438,,,legacy_or_unknown_workflow,Larvikite,True,False,not_found,not_found,0.0,supplier_page_not_found,,,,,2026-09-07,,
10357425733979,Boucles d'Oreilles Obsidienne,boucles-doreilles-obsidienne-1,https://admin.shopify.com/store/milaura-2/products/10357425733979,5,3701459081936,,,legacy_or_unknown_workflow,Obsidienne,True,False,not_found,not_found,0.0,supplier_page_not_found,,,,,2026-09-07,,
10357428191579,Boucles d'Oreilles Obsidienne,boucles-doreilles-obsidienne-2,https://admin.shopify.com/store/milaura-2/products/10357428191579,5,3701459082063,,,legacy_or_unknown_workflow,Obsidienne,True,False,not_found,not_found,0.0,supplier_page_not_found,,,,,2026-09-07,,
10357423866203,Boucles d'Oreilles Obsidienne,boucles-doreilles-obsidienne,https://admin.shopify.com/store/milaura-2/products/10357423866203,5,3701459082827,,,legacy_or_unknown_workflow,Obsidienne,True,False,not_found,not_found,0.0,supplier_page_not_found,,,,,2026-09-07,,
10357434286427,Boucles d'Oreilles Quartz Rose,boucles-doreilles-quartz-rose-5,https://admin.shopify.com/store/milaura-2/products/10357434286427,5,3701459082469,,,legacy_or_unknown_workflow,Quartz Rose,True,False,not_found,not_found,0.0,supplier_page_not_found,,,,,2026-09-07,,
10357422293339,Boucles d'Oreilles Quartz Rose 6mm,boucles-doreilles-quartz-rose,https://admin.shopify.com/store/milaura-2/products/10357422293339,5,3701459076413,,,legacy_or_unknown_workflow,Quartz Rose,True,False,not_found,not_found,0.0,supplier_page_not_found,,,,,2026-09-07,,
10357433074011,Boucles d'Oreilles Quartz Rose Fleur,boucles-doreilles-quartz-rose-4,https://admin.shopify.com/store/milaura-2/products/10357433074011,5,3701459082933,,,legacy_or_unknown_workflow,Quartz Rose,True,False,not_found,not_found,0.0,supplier_page_not_found,,,,,2026-09-07,,
10357426422107,Boucles d'Oreilles Œil de Tigre,boucles-doreilles-oeil-de-tigre-1,https://admin.shopify.com/store/milaura-2/products/10357426422107,5,3701459081943,,,legacy_or_unknown_workflow,Oeil De Tigre,True,False,not_found,not_found,0.0,supplier_page_not_found,,,,,2026-09-07,,
10357428781403,Boucles d'Oreilles Œil de Tigre,boucles-doreilles-oeil-de-tigre-2,https://admin.shopify.com/store/milaura-2/products/10357428781403,5,3701459082070,,,legacy_or_unknown_workflow,Oeil De Tigre,True,False,not_found,not_found,0.0,supplier_page_not_found,,,,,2026-09-07,,
10357424423259,Boucles d'Oreilles Œil de Tigre,boucles-doreilles-oeil-de-tigre,https://admin.shopify.com/store/milaura-2/products/10357424423259,5,3701459083275,,,legacy_or_unknown_workflow,Oeil De Tigre,True,False,not_found,not_found,0.0,supplier_page_not_found,,,,,2026-09-07,,
10314321396059,Bougie Joie - Aventurine verte,bougie-joie-fleur-oranger-aventurine,https://admin.shopify.com/store/milaura-2/products/10314321396059,5,,,,legacy_or_unknown_workflow,Aventurine verte,True,False,not_found,not_found,0.0,supplier_page_not_found,,,,,2026-09-07,,
10314320937307,Bougie Protection - Obsidienne noire,bougie-protection-oud-obsidienne,https://admin.shopify.com/store/milaura-2/products/10314320937307,5,,,,legacy_or_unknown_workflow,Obsidienne noire,True,False,not_found,not_found,0.0,supplier_page_not_found,,,,,2026-09-07,,
10314321232219,Bougie Élégance - Quartz rose,bougie-elegance-ambre-quartz,https://admin.shopify.com/store/milaura-2/products/10314321232219,5,,,,legacy_or_unknown_workflow,Quartz rose,True,False,not_found,not_found,0.0,supplier_page_not_found,,,,,2026-09-07,,
10357698429275,Boîte Malachite - 145 g,boite-malachite-145-g,https://admin.shopify.com/store/milaura-2/products/10357698429275,5,BOIMALA0137,,,legacy_or_unknown_workflow,Malachite,True,False,not_found,not_found,0.0,supplier_page_not_found,,,,,2026-09-07,,
10357446705499,Bracelet Agate Crazy Lace 6mm,bracelet-agate-crazy-lace,https://admin.shopify.com/store/milaura-2/products/10357446705499,5,3701459035724,,,legacy_or_unknown_workflow,Agate,True,False,not_found,not_found,0.0,supplier_page_not_found,,,,,2026-09-07,,
10357461844315,Bracelet Agate Crazy Lace 8mm,bracelet-agate-crazy-lace-1,https://admin.shopify.com/store/milaura-2/products/10357461844315,5,3701459010370,,,legacy_or_unknown_workflow,Agate,True,False,not_found,not_found,0.0,supplier_page_not_found,,,,,2026-09-07,,
10357447360859,Bracelet Agate Fleur de Cerisier 6mm,bracelet-agate-fleur-de-cerisier,https://admin.shopify.com/store/milaura-2/products/10357447360859,5,3701459059690,,,legacy_or_unknown_workflow,Agate,True,False,not_found,not_found,0.0,supplier_page_not_found,,,,,2026-09-07,,
10357463646555,Bracelet Agate Grise 8mm,bracelet-agate-grise,https://admin.shopify.com/store/milaura-2/products/10357463646555,5,3701459072293,,,legacy_or_unknown_workflow,Agate,True,False,not_found,not_found,0.0,supplier_page_not_found,,,,,2026-09-07,,
10357447983451,Bracelet Amazonite 6mm,bracelet-amazonite-1,https://admin.shopify.com/store/milaura-2/products/10357447983451,5,3701459064489,,,legacy_or_unknown_workflow,Amazonite,True,False,not_found,not_found,0.0,supplier_page_not_found,,,,,2026-09-07,,
10357466267995,Bracelet Amazonite 8mm,bracelet-amazonite-2,https://admin.shopify.com/store/milaura-2/products/10357466267995,5,3701459036943,,,legacy_or_unknown_workflow,Amazonite,True,False,not_found,not_found,0.0,supplier_page_not_found,,,,,2026-09-07,,
10357467119963,Bracelet Amazonite 8mm,bracelet-amazonite-3,https://admin.shopify.com/store/milaura-2/products/10357467119963,5,3701459064410,,,legacy_or_unknown_workflow,Amazonite,True,False,not_found,not_found,0.0,supplier_page_not_found,,,,,2026-09-07,,
10357448540507,Bracelet Améthyste Rubanée 6mm,bracelet-amethyste-rubanee,https://admin.shopify.com/store/milaura-2/products/10357448540507,5,3701459043910,,,legacy_or_unknown_workflow,Améthyste,True,False,not_found,not_found,0.0,supplier_page_not_found,,,,,2026-09-07,,
10357448966491,Bracelet Aventurine Rouge 6mm,bracelet-aventurine-rouge,https://admin.shopify.com/store/milaura-2/products/10357448966491,5,3701459014811,,,legacy_or_unknown_workflow,Aventurine,True,False,not_found,not_found,0.0,supplier_page_not_found,,,,,2026-09-07,,
10357441036635,Bracelet Baroque Lapis-Lazuli,bracelet-lapis-lazuli,https://admin.shopify.com/store/milaura-2/products/10357441036635,5,3701459019021,,,legacy_or_unknown_workflow,Lapis Lazuli,True,False,not_found,not_found,0.0,supplier_page_not_found,,,,,2026-09-07,,
10357481210203,Bracelet Baroque Lapis-Lazuli,bracelet-lapis-lazuli-3,https://admin.shopify.com/store/milaura-2/products/10357481210203,5,3701459011407,,,legacy_or_unknown_workflow,Lapis Lazuli,True,False,not_found,not_found,0.0,supplier_page_not_found,,,,,2026-09-07,,
10357438382427,Bracelet Baroque Quartz Fumé,bracelet-quartz-fume,https://admin.shopify.com/store/milaura-2/products/10357438382427,5,3701459018765,,,legacy_or_unknown_workflow,,True,False,not_found,not_found,0.0,supplier_page_not_found,,,,,2026-09-07,,
10357468135771,Bracelet Bronzite 8mm,bracelet-bronzite,https://admin.shopify.com/store/milaura-2/products/10357468135771,5,3701459010745,,,legacy_or_unknown_workflow,Bronzite,True,False,not_found,not_found,0.0,supplier_page_not_found,,,,,2026-09-07,,
10357450146139,Bracelet Budstone 6mm,bracelet-budstone,https://admin.shopify.com/store/milaura-2/products/10357450146139,5,3701459025466,,,legacy_or_unknown_workflow,,True,False,not_found,not_found,0.0,supplier_page_not_found,,,,,2026-09-07,,
10357468758363,Bracelet Budstone 8mm,bracelet-budstone-1,https://admin.shopify.com/store/milaura-2/products/10357468758363,5,3701459010752,,,legacy_or_unknown_workflow,,True,False,not_found,not_found,0.0,supplier_page_not_found,,,,,2026-09-07,,
10357469774171,Bracelet Calcédoine Bleue 8mm,bracelet-calcedoine-bleue-1,https://admin.shopify.com/store/milaura-2/products/10357469774171,5,3701459035427,,,legacy_or_unknown_workflow,,True,False,not_found,not_found,0.0,supplier_page_not_found,,,,,2026-09-07,,
10357471543643,Bracelet Chrysoprase Citron 8mm,bracelet-chrysoprase-citron,https://admin.shopify.com/store/milaura-2/products/10357471543643,5,3701459010844,,,legacy_or_unknown_workflow,Chrysoprase,True,False,not_found,not_found,0.0,supplier_page_not_found,,,,,2026-09-07,,
10357472231771,Bracelet Cristal De Roche 8mm,bracelet-cristal-de-roche-5,https://admin.shopify.com/store/milaura-2/products/10357472231771,5,3701459010899,,,legacy_or_unknown_workflow,,True,False,not_found,not_found,0.0,supplier_page_not_found,,,,,2026-09-07,,
10357474099547,Bracelet Cristal De Roche 8mm,bracelet-cristal-de-roche-7,https://admin.shopify.com/store/milaura-2/products/10357474099547,5,3701459022311,,,legacy_or_unknown_workflow,,True,False,not_found,not_found,0.0,supplier_page_not_found,,,,,2026-09-07,,
10357445034331,Bracelet Cristal de Roche 4mm,bracelet-cristal-de-roche-1,https://admin.shopify.com/store/milaura-2/products/10357445034331,5,3701459008230,,,legacy_or_unknown_workflow,,True,False,not_found,not_found,0.0,supplier_page_not_found,,,,,2026-09-07,,
10357450637659,Bracelet Cristal de Roche 6mm,bracelet-cristal-de-roche-2,https://admin.shopify.com/store/milaura-2/products/10357450637659,5,3701459009084,,,legacy_or_unknown_workflow,,True,False,not_found,not_found,0.0,supplier_page_not_found,,,,,2026-09-07,,
10357451129179,Bracelet Cristal de Roche 6mm,bracelet-cristal-de-roche-3,https://admin.shopify.com/store/milaura-2/products/10357451129179,5,3701459083329,,,legacy_or_unknown_workflow,,True,False,not_found,not_found,0.0,supplier_page_not_found,,,,,2026-09-07,,
10357451555163,Bracelet Cristal de Roche 6mm,bracelet-cristal-de-roche-4,https://admin.shopify.com/store/milaura-2/products/10357451555163,5,3701459022267,,,legacy_or_unknown_workflow,,True,False,not_found,not_found,0.0,supplier_page_not_found,,,,,2026-09-07,,
10357472854363,Bracelet Cristal de Roche 8mm,bracelet-cristal-de-roche-6,https://admin.shopify.com/store/milaura-2/products/10357472854363,5,3667407004566,,,legacy_or_unknown_workflow,,True,False,not_found,not_found,0.0,supplier_page_not_found,,,,,2026-09-07,,
10357474689371,Bracelet Cristal de Roche Rutilé 8mm,bracelet-cristal-de-roche-rutile,https://admin.shopify.com/store/milaura-2/products/10357474689371,5,3701459010929,,,legacy_or_unknown_workflow,,True,False,not_found,not_found,0.0,supplier_page_not_found,,,,,2026-09-07,,
10504072692059,Bracelet Hematite 4mm - Ancrage Mil'Aura,bracelet-hematite-4mm-ancrage-milaura,https://admin.shopify.com/store/milaura-2/products/10504072692059,0,MILAURA-BR-HEMATITE-4MM,,,legacy_or_unknown_workflow,,False,False,not_found,not_found,0.0,supplier_page_not_found,,,,,2026-09-07,,
10443980276059,Bracelet Homme Œil de Taureau Noir Onyx A,bracelet-aska-cuir-noir-oeil-de-taureau-onyx-a,https://admin.shopify.com/store/milaura-2/products/10443980276059,10,,,,legacy_or_unknown_workflow,Onyx,True,True,not_found,not_found,0.0,supplier_page_not_found,,,,,2026-09-07,,
10357453685083,Bracelet Jade Néphrite 6mm,bracelet-jade-nephrite-1,https://admin.shopify.com/store/milaura-2/products/10357453685083,5,3701459009305,,,legacy_or_unknown_workflow,Jade,True,False,not_found,not_found,0.0,supplier_page_not_found,,,,,2026-09-07,,
10357475836251,Bracelet Jade Néphrite 8mm,bracelet-jade-nephrite-2,https://admin.shopify.com/store/milaura-2/products/10357475836251,5,3701459011155,,,legacy_or_unknown_workflow,Jade,True,False,not_found,not_found,0.0,supplier_page_not_found,,,,,2026-09-07,,
10357477179739,Bracelet Jaspe Kiwi 8mm,bracelet-jaspe-kiwi,https://admin.shopify.com/store/milaura-2/products/10357477179739,5,3701459083046,,,legacy_or_unknown_workflow,Jaspe,True,False,not_found,not_found,0.0,supplier_page_not_found,,,,,2026-09-07,,
10357454799195,Bracelet Jaspe Mokaïte 6mm,bracelet-jaspe-mokaite-1,https://admin.shopify.com/store/milaura-2/products/10357454799195,5,3701459009411,,,legacy_or_unknown_workflow,Jaspe,True,False,not_found,not_found,0.0,supplier_page_not_found,,,,,2026-09-07,,
10357455978843,Bracelet Jaspe Sang de Dragon 6mm,bracelet-jaspe-sang-de-dragon,https://admin.shopify.com/store/milaura-2/products/10357455978843,5,3701459025527,,,legacy_or_unknown_workflow,Jaspe,True,False,not_found,not_found,0.0,supplier_page_not_found,,,,,2026-09-07,,
10357479440731,Bracelet Lapis-Lazuli 8mm,bracelet-lapis-lazuli-2,https://admin.shopify.com/store/milaura-2/products/10357479440731,5,3701459045167,,,legacy_or_unknown_workflow,Lapis Lazuli,True,False,not_found,not_found,0.0,supplier_page_not_found,,,,,2026-09-07,,
10357449589083,Bracelet Libérite Bleue 6mm,bracelet-liberite-bleue,https://admin.shopify.com/store/milaura-2/products/10357449589083,5,3701459008865,,,legacy_or_unknown_workflow,,True,False,not_found,not_found,0.0,supplier_page_not_found,,,,,2026-09-07,,
10357456601435,Bracelet Obsidienne Flocon de Neige 6mm,bracelet-obsidienne-flocon-de-neige,https://admin.shopify.com/store/milaura-2/products/10357456601435,5,3701459009633,,,legacy_or_unknown_workflow,Obsidienne,True,False,not_found,not_found,0.0,supplier_page_not_found,,,,,2026-09-07,,
10357457813851,Bracelet Pyrite 6mm,bracelet-pyrite,https://admin.shopify.com/store/milaura-2/products/10357457813851,5,3701459071104,,,legacy_or_unknown_workflow,Pyrite,True,False,not_found,not_found,0.0,supplier_page_not_found,,,,,2026-09-07,,
10357458895195,Bracelet Quartz Rose 6mm,bracelet-quartz-rose,https://admin.shopify.com/store/milaura-2/products/10357458895195,5,3701459035229,,,legacy_or_unknown_workflow,Quartz Rose,True,False,not_found,not_found,0.0,supplier_page_not_found,,,,,2026-09-07,,
10357475311963,Bracelet Quartz Tourmaline 8mm,bracelet-quartz-tourmaline-1,https://admin.shopify.com/store/milaura-2/products/10357475311963,5,3701459010936,,,legacy_or_unknown_workflow,Tourmaline,True,False,not_found,not_found,0.0,supplier_page_not_found,,,,,2026-09-07,,
10357452079451,Bracelet Quartz Tourmaliné 6mm,bracelet-quartz-tourmaline,https://admin.shopify.com/store/milaura-2/products/10357452079451,5,3701459009121,,,legacy_or_unknown_workflow,Tourmaline,True,False,not_found,not_found,0.0,supplier_page_not_found,,,,,2026-09-07,,
10357460631899,Bracelet Sélénite 6mm,bracelet-selenite-1,https://admin.shopify.com/store/milaura-2/products/10357460631899,5,3701459018000,,,legacy_or_unknown_workflow,Sélénite,True,False,not_found,not_found,0.0,supplier_page_not_found,,,,,2026-09-07,,
10357482717531,Bracelet Sélénite 8mm,bracelet-selenite-2,https://admin.shopify.com/store/milaura-2/products/10357482717531,5,3701459065974,,,legacy_or_unknown_workflow,Sélénite,True,False,not_found,not_found,0.0,supplier_page_not_found,,,,,2026-09-07,,
10357483307355,Bracelet Sélénite 8mm,bracelet-selenite-3,https://admin.shopify.com/store/milaura-2/products/10357483307355,5,3701459049776,,,legacy_or_unknown_workflow,Sélénite,True,False,not_found,not_found,0.0,supplier_page_not_found,,,,,2026-09-07,,
10357489959259,Bracelet Tourmaline 3mm,bracelet-tourmaline-2,https://admin.shopify.com/store/milaura-2/products/10357489959259,4,3701459013173,,,legacy_or_unknown_workflow,Tourmaline,True,False,not_found,not_found,0.0,supplier_page_not_found,,,,,2026-09-07,,
10357483766107,Bracelet Tourmaline 8mm,bracelet-tourmaline,https://admin.shopify.com/store/milaura-2/products/10357483766107,5,3701459049714,,,legacy_or_unknown_workflow,Tourmaline,True,False,not_found,not_found,0.0,supplier_page_not_found,,,,,2026-09-07,,
10357485011291,Bracelet Tourmaline 8mm,bracelet-tourmaline-1,https://admin.shopify.com/store/milaura-2/products/10357485011291,5,3701459011940,,,legacy_or_unknown_workflow,Tourmaline,True,False,not_found,not_found,0.0,supplier_page_not_found,,,,,2026-09-07,,
10357484290395,Bracelet Tourmaline Multicolore 8mm,bracelet-tourmaline-multicolore,https://admin.shopify.com/store/milaura-2/products/10357484290395,5,3701459033508,,,legacy_or_unknown_workflow,Tourmaline,True,False,not_found,not_found,0.0,supplier_page_not_found,,,,,2026-09-07,,
10357485568347,Bracelet Yooperlite 8mm,bracelet-yooperlite,https://admin.shopify.com/store/milaura-2/products/10357485568347,5,3701459026999,,,legacy_or_unknown_workflow,,True,False,not_found,not_found,0.0,supplier_page_not_found,,,,,2026-09-07,,
10521564250459,Bracelet oeil de tigre et cuir brun,bracelet-oeil-de-tigre-cuir-brun,https://admin.shopify.com/store/milaura-2/products/10521564250459,10,3701459099016,3701459099016,,legacy_or_unknown_workflow,Oeil de tigre,True,True,not_found,not_found,0.0,supplier_page_not_found,,,,,2026-09-07,,
10357691351387,Bâton de Sauge Blanche et Basilic,sauge-blanche-et-basilic,https://admin.shopify.com/store/milaura-2/products/10357691351387,5,3701459086627,,,legacy_or_unknown_workflow,,False,False,not_found,not_found,0.0,supplier_page_not_found,,,,,2026-09-07,,
10357693972827,Bâton de Sauge Blanche et Lavande,sauge-blanche-et-lavande-1,https://admin.shopify.com/store/milaura-2/products/10357693972827,5,3701459080267,,,legacy_or_unknown_workflow,,False,False,not_found,not_found,0.0,supplier_page_not_found,,,,,2026-09-07,,
10358581920091,Bâton de Sauge Blanche et Lavande,sauge-blanche-et-lavande-2,https://admin.shopify.com/store/milaura-2/products/10358581920091,5,3701459086634,,,legacy_or_unknown_workflow,,False,False,not_found,not_found,0.0,supplier_page_not_found,,,,,2026-09-07,,
10357693251931,Bâton de Sauge Blanche et Lavande,sauge-blanche-et-lavande,https://admin.shopify.com/store/milaura-2/products/10357693251931,5,3701459091409,,,legacy_or_unknown_workflow,,False,False,not_found,not_found,0.0,supplier_page_not_found,,,,,2026-09-07,,
10357694693723,Bâton de Sauge Blanche et Menthe,sauge-blanche-et-menthe,https://admin.shopify.com/store/milaura-2/products/10357694693723,5,3701459080250,,,legacy_or_unknown_workflow,,False,False,not_found,not_found,0.0,supplier_page_not_found,,,,,2026-09-07,,
10358581789019,Bâtons De Cèdre,batons-de-cedre,https://admin.shopify.com/store/milaura-2/products/10358581789019,5,3701459081820,,,legacy_or_unknown_workflow,,False,False,not_found,not_found,0.0,supplier_page_not_found,,,,,2026-09-07,,
10358581854555,Bâtons de Lavande,batons-de-lavande,https://admin.shopify.com/store/milaura-2/products/10358581854555,5,3701459081806,,,legacy_or_unknown_workflow,,False,False,not_found,not_found,0.0,supplier_page_not_found,,,,,2026-09-07,,
10357690564955,Bâtons de Romarin,batons-de-romarin,https://admin.shopify.com/store/milaura-2/products/10357690564955,5,3701459081813,,,legacy_or_unknown_workflow,,False,False,not_found,not_found,0.0,supplier_page_not_found,,,,,2026-09-07,,
10357690925403,Bâtons de Sauge Blanche,batons-de-sauge-blanche,https://admin.shopify.com/store/milaura-2/products/10357690925403,5,3701459080229,,,legacy_or_unknown_workflow,,False,False,not_found,not_found,0.0,supplier_page_not_found,,,,,2026-09-07,,
10357696364891,Bâtons de Sauge Noire,batons-de-sauge-noire,https://admin.shopify.com/store/milaura-2/products/10357696364891,5,3701459081783,,,legacy_or_unknown_workflow,,False,False,not_found,not_found,0.0,supplier_page_not_found,,,,,2026-09-07,,
10358583165275,Cages Spirales Argentées,cages-spirales-argentees-2,https://admin.shopify.com/store/milaura-2/products/10358583165275,5,3667407004528,,,legacy_or_unknown_workflow,,False,False,not_found,not_found,0.0,supplier_page_not_found,,,,,2026-09-07,,
10358582903131,Cages Spirales Argentées,cages-spirales-argentees-1,https://admin.shopify.com/store/milaura-2/products/10358582903131,5,3667407000452,,,legacy_or_unknown_workflow,,False,False,not_found,not_found,0.0,supplier_page_not_found,,,,,2026-09-07,,
10358582640987,Cages Spirales Argentées,cages-spirales-argentees,https://admin.shopify.com/store/milaura-2/products/10358582640987,5,3701459007806,,,legacy_or_unknown_workflow,,False,False,not_found,not_found,0.0,supplier_page_not_found,,,,,2026-09-07,,
10358582804827,Cages Spirales Noires,cages-spirales-noires,https://admin.shopify.com/store/milaura-2/products/10358582804827,5,3701459007790,,,legacy_or_unknown_workflow,,False,False,not_found,not_found,0.0,supplier_page_not_found,,,,,2026-09-07,,
10358583329115,Cages Spirales Rose Doré,cages-spirales-rose-dore,https://admin.shopify.com/store/milaura-2/products/10358583329115,5,3667407004535,,,legacy_or_unknown_workflow,,False,False,not_found,not_found,0.0,supplier_page_not_found,,,,,2026-09-07,,
10357706293595,Distributeur Savon Lapis-Lazuli,savon-lapis-lazuli,https://admin.shopify.com/store/milaura-2/products/10357706293595,5,3701459065868,,,legacy_or_unknown_workflow,Lapis Lazuli,True,False,not_found,not_found,0.0,supplier_page_not_found,,,,,2026-09-07,,
10357689778523,Encens Sauge Blanche,encens-sauge-blanche,https://admin.shopify.com/store/milaura-2/products/10357689778523,5,3701459087044,,,legacy_or_unknown_workflow,,False,False,not_found,not_found,0.0,supplier_page_not_found,,,,,2026-09-07,,
10488132796763,Flacon Roll-On Améthyste,flacon-roll-on-amethyste-bresil-a,https://admin.shopify.com/store/milaura-2/products/10488132796763,10,,,,legacy_or_unknown_workflow,Améthyste,True,True,not_found,not_found,0.0,supplier_page_not_found,,,,,2026-09-07,,
10358580183387,Géodes Améthyste,geodes-amethyste,https://admin.shopify.com/store/milaura-2/products/10358580183387,5,LOTGEOAMURA4902,,,legacy_or_unknown_workflow,Améthyste,True,False,not_found,not_found,0.0,supplier_page_not_found,,,,,2026-09-07,,
10357711438171,Lampe Sélénite Torsadée,lampe-selenite-torsadee,https://admin.shopify.com/store/milaura-2/products/10357711438171,5,3701459035212,,,legacy_or_unknown_workflow,Sélénite,True,False,not_found,not_found,0.0,supplier_page_not_found,,,,,2026-09-07,,
10357699608923,Minéral Malachite,mineral-malachite,https://admin.shopify.com/store/milaura-2/products/10357699608923,5,BOIMALA0221,,,legacy_or_unknown_workflow,Malachite,True,False,not_found,not_found,0.0,supplier_page_not_found,,,,,2026-09-07,,
10357501100379,Pendentif Aigue-Marine,pendentif-aigue-marine-8,https://admin.shopify.com/store/milaura-2/products/10357501100379,5,PARG4972,,,legacy_or_unknown_workflow,Aigue Marine,True,False,not_found,not_found,0.0,supplier_page_not_found,,,,,2026-09-07,,
10357500510555,Pendentif Aigue-Marine,pendentif-aigue-marine-7,https://admin.shopify.com/store/milaura-2/products/10357500510555,5,PARG4971,,,legacy_or_unknown_workflow,Aigue Marine,True,False,not_found,not_found,0.0,supplier_page_not_found,,,,,2026-09-07,,
10357499920731,Pendentif Aigue-Marine,pendentif-aigue-marine-6,https://admin.shopify.com/store/milaura-2/products/10357499920731,5,PARG4970,,,legacy_or_unknown_workflow,Aigue Marine,True,False,not_found,not_found,0.0,supplier_page_not_found,,,,,2026-09-07,,
10357499035995,Pendentif Aigue-Marine,pendentif-aigue-marine-5,https://admin.shopify.com/store/milaura-2/products/10357499035995,5,PARG4969,,,legacy_or_unknown_workflow,Aigue Marine,True,False,not_found,not_found,0.0,supplier_page_not_found,,,,,2026-09-07,,
10357498118491,Pendentif Aigue-Marine,pendentif-aigue-marine-4,https://admin.shopify.com/store/milaura-2/products/10357498118491,5,PARG4967,,,legacy_or_unknown_workflow,Aigue Marine,True,False,not_found,not_found,0.0,supplier_page_not_found,,,,,2026-09-07,,
10357497495899,Pendentif Aigue-Marine,pendentif-aigue-marine-3,https://admin.shopify.com/store/milaura-2/products/10357497495899,5,PARG4966,,,legacy_or_unknown_workflow,Aigue Marine,True,False,not_found,not_found,0.0,supplier_page_not_found,,,,,2026-09-07,,
10357495988571,Pendentif Aigue-Marine,pendentif-aigue-marine-1,https://admin.shopify.com/store/milaura-2/products/10357495988571,5,PARG4964,,,legacy_or_unknown_workflow,Aigue Marine,True,False,not_found,not_found,0.0,supplier_page_not_found,,,,,2026-09-07,,
10357495005531,Pendentif Aigue-Marine,pendentif-aigue-marine,https://admin.shopify.com/store/milaura-2/products/10357495005531,5,PARG4031,,,legacy_or_unknown_workflow,Aigue Marine,True,False,not_found,not_found,0.0,supplier_page_not_found,,,,,2026-09-07,,
10357496742235,Pendentif Aigue-Marine Argent 925,pendentif-aigue-marine-2,https://admin.shopify.com/store/milaura-2/products/10357496742235,5,PARG4965,,,legacy_or_unknown_workflow,Aigue Marine,True,False,not_found,not_found,0.0,supplier_page_not_found,,,,,2026-09-07,,
10402435694939,Pendentif Améthyste Cœur Argent Rhodié,pendentif-argent-925-rhodie-modele-03-amethyste-facettee-bre,https://admin.shopify.com/store/milaura-2/products/10402435694939,10,,,,legacy_or_unknown_workflow,Améthyste,True,True,not_found,not_found,0.0,supplier_page_not_found,,,,,2026-09-07,,
10357651472731,Pendentif Œil de Sainte Lucie,pendentif-oeil-de-sainte-lucie-1,https://admin.shopify.com/store/milaura-2/products/10357651472731,5,3667407010758,,,legacy_or_unknown_workflow,,True,False,not_found,not_found,0.0,supplier_page_not_found,,,,,2026-09-07,,
10357549695323,Pendentifs Labradorite,pendentifs-labradorite,https://admin.shopify.com/store/milaura-2/products/10357549695323,5,PARG4345,,,legacy_or_unknown_workflow,Labradorite,True,False,not_found,not_found,0.0,supplier_page_not_found,,,,,2026-09-07,,
10359676895579,Pendule Acier Argenté,pendules-acier,https://admin.shopify.com/store/milaura-2/products/10359676895579,5,3701459055210,,,legacy_or_unknown_workflow,,False,False,not_found,not_found,0.0,supplier_page_not_found,,,,,2026-09-07,,
10358876537179,Pendule Lapis-Lazuli,pendule-lapis-lazuli-2,https://admin.shopify.com/store/milaura-2/products/10358876537179,5,3701459037636,,,legacy_or_unknown_workflow,Lapis Lazuli,True,False,not_found,not_found,0.0,supplier_page_not_found,,,,,2026-09-07,,
10358876340571,Pendule Lapis-Lazuli,pendule-lapis-lazuli-1,https://admin.shopify.com/store/milaura-2/products/10358876340571,5,3701459037629,,,legacy_or_unknown_workflow,Lapis Lazuli,True,False,not_found,not_found,0.0,supplier_page_not_found,,,,,2026-09-07,,
10358584508763,Plaques Cube Métatron,plaques-cube-metatron,https://admin.shopify.com/store/milaura-2/products/10358584508763,5,3701459056132,,,legacy_or_unknown_workflow,,False,False,not_found,not_found,0.0,supplier_page_not_found,,,,,2026-09-07,,
10358584246619,Plaques Fleur De Vie,plaques-fleur-de-vie-10,https://admin.shopify.com/store/milaura-2/products/10358584246619,5,3701459054985,,,legacy_or_unknown_workflow,,False,False,not_found,not_found,0.0,supplier_page_not_found,,,,,2026-09-07,,
10358582346075,Plaques Fleur De Vie,plaques-fleur-de-vie-4,https://admin.shopify.com/store/milaura-2/products/10358582346075,5,3667407007307,,,legacy_or_unknown_workflow,,False,False,not_found,not_found,0.0,supplier_page_not_found,,,,,2026-09-07,,
10357713437019,Plaques Fleur De Vie,plaques-fleur-de-vie,https://admin.shopify.com/store/milaura-2/products/10357713437019,5,3701459056057,,,legacy_or_unknown_workflow,,False,False,not_found,not_found,0.0,supplier_page_not_found,,,,,2026-09-07,,
10358584082779,Plaques Fleur de Vie,plaques-fleur-de-vie-9,https://admin.shopify.com/store/milaura-2/products/10358584082779,5,3701459056156,,,legacy_or_unknown_workflow,,False,False,not_found,not_found,0.0,supplier_page_not_found,,,,,2026-09-07,,
10358583722331,Plaques Fleur de Vie,plaques-fleur-de-vie-7,https://admin.shopify.com/store/milaura-2/products/10358583722331,5,3701459056125,,,legacy_or_unknown_workflow,,False,False,not_found,not_found,0.0,supplier_page_not_found,,,,,2026-09-07,,
10358583558491,Plaques Fleur de Vie,plaques-fleur-de-vie-6,https://admin.shopify.com/store/milaura-2/products/10358583558491,5,3701459056071,,,legacy_or_unknown_workflow,,False,False,not_found,not_found,0.0,supplier_page_not_found,,,,,2026-09-07,,
10358583427419,Plaques Fleur de Vie,plaques-fleur-de-vie-5,https://admin.shopify.com/store/milaura-2/products/10358583427419,5,3701459056064,,,legacy_or_unknown_workflow,,False,False,not_found,not_found,0.0,supplier_page_not_found,,,,,2026-09-07,,
10358582313307,Plaques Fleur de Vie,plaques-fleur-de-vie-3,https://admin.shopify.com/store/milaura-2/products/10358582313307,5,3667407007291,,,legacy_or_unknown_workflow,,False,False,not_found,not_found,0.0,supplier_page_not_found,,,,,2026-09-07,,
10358582182235,Plaques Fleur de Vie,plaques-fleur-de-vie-1,https://admin.shopify.com/store/milaura-2/products/10358582182235,5,3667407007260,,,legacy_or_unknown_workflow,,False,False,not_found,not_found,0.0,supplier_page_not_found,,,,,2026-09-07,,
10358584607067,Plaques de Radiesthésie,plaques-de-radiesthesie,https://admin.shopify.com/store/milaura-2/products/10358584607067,5,3701459059638,,,legacy_or_unknown_workflow,,False,False,not_found,not_found,0.0,supplier_page_not_found,,,,,2026-09-07,,
10357712945499,Plaquettes Téléphone Shungite,plaquettes-telephone-shungite,https://admin.shopify.com/store/milaura-2/products/10357712945499,5,3701459007660,,,legacy_or_unknown_workflow,Shungite,True,False,not_found,not_found,0.0,supplier_page_not_found,,,,,2026-09-07,,
10357674443099,Pointe Cordiérite,pointe-cordierite,https://admin.shopify.com/store/milaura-2/products/10357674443099,5,POINTE0140,,,legacy_or_unknown_workflow,,True,False,not_found,not_found,0.0,supplier_page_not_found,,,,,2026-09-07,,
10357701378395,Porte-Clés Howlite,porte-cles-howlite,https://admin.shopify.com/store/milaura-2/products/10357701378395,5,3701459042944,,,legacy_or_unknown_workflow,Howlite,True,False,not_found,not_found,0.0,supplier_page_not_found,,,,,2026-09-07,,
10357700493659,Porte-Clés Œil De Tigre,porte-cles-oeil-de-tigre,https://admin.shopify.com/store/milaura-2/products/10357700493659,5,3701459043118,,,legacy_or_unknown_workflow,Oeil De Tigre,True,False,not_found,not_found,0.0,supplier_page_not_found,,,,,2026-09-07,,
10357701738843,Porte-Clés Œil de Tigre,porte-cles-oeil-de-tigre-1,https://admin.shopify.com/store/milaura-2/products/10357701738843,5,3667407009288,,,legacy_or_unknown_workflow,Oeil De Tigre,True,False,not_found,not_found,0.0,supplier_page_not_found,,,,,2026-09-07,,
10358582116699,Porte-Encens Arbre de Vie,porte-encens-arbre-de-vie,https://admin.shopify.com/store/milaura-2/products/10358582116699,5,3667407007253,,,legacy_or_unknown_workflow,,False,False,not_found,not_found,0.0,supplier_page_not_found,,,,,2026-09-07,,
10357697151323,Porte-Encens Sélénite 7 Chakras,encens-selenite,https://admin.shopify.com/store/milaura-2/products/10357697151323,5,3701459050017,,,legacy_or_unknown_workflow,Sélénite,True,False,not_found,not_found,0.0,supplier_page_not_found,,,,,2026-09-07,,
10357697610075,Porte-Encens Sélénite Lune et Étoiles,encens-selenite-1,https://admin.shopify.com/store/milaura-2/products/10357697610075,5,3701459050024,,,legacy_or_unknown_workflow,Sélénite,True,False,not_found,not_found,0.0,supplier_page_not_found,,,,,2026-09-07,,
10357700952411,Porte-clés Rhodonite,porte-cles-rhodonite,https://admin.shopify.com/store/milaura-2/products/10357700952411,5,3701459043149,,,legacy_or_unknown_workflow,Rhodonite,True,False,not_found,not_found,0.0,supplier_page_not_found,,,,,2026-09-07,,
10357674934619,Sphère Aventurine Bleue,spheres-aventurine-bleue,https://admin.shopify.com/store/milaura-2/products/10357674934619,5,3701459065073,,,legacy_or_unknown_workflow,Aventurine,True,False,not_found,not_found,0.0,supplier_page_not_found,,,,,2026-09-07,,
10358875488603,Sphère Jade Néphrite,sphere-jade-nephrite,https://admin.shopify.com/store/milaura-2/products/10358875488603,3,3701459065387,,,legacy_or_unknown_workflow,Jade,True,False,not_found,not_found,0.0,supplier_page_not_found,,,,,2026-09-07,,
10358580609371,Sphère Pierre de Lune Brune AA - 70 à 80 mm,sphere-pierre-de-lune-brune-aa-70-80-mm,https://admin.shopify.com/store/milaura-2/products/10358580609371,5,3701459062119,,,legacy_or_unknown_workflow,Pierre De Lune,True,False,not_found,not_found,0.0,supplier_page_not_found,,,,,2026-09-07,,
10357677621595,Sphère Rhodonite Madagascar - 40 mm,sphere-rhodonite-madagascar-40-mm,https://admin.shopify.com/store/milaura-2/products/10357677621595,5,3701459065486,,,legacy_or_unknown_workflow,Rhodonite,True,False,not_found,not_found,0.0,supplier_page_not_found,,,,,2026-09-07,,
10504072954203,Cadeau - Bracelet Hematite 4mm,cadeau-bracelet-hematite-4mm,https://admin.shopify.com/store/milaura-2/products/10504072954203,0,MILAURA-GIFT-BR-HEMATITE,,,operational_gift,,False,False,not_found,not_found,0.0,supplier_page_not_found,,,,,2026-09-07,,
10504051130715,Cadeau - Pochon en velours camel,cadeau-pochon-en-velours-camel,https://admin.shopify.com/store/milaura-2/products/10504051130715,200,MILAURA-GIFT-POCHON-CAMEL,,,operational_gift,,False,False,not_found,not_found,0.0,supplier_page_not_found,,,,,2026-09-07,,
10694309871963,Coffret calendrier de l'Avent - Réf. 66896,coffret-calendrier-de-l-avent-ref-66896,https://admin.shopify.com/store/milaura-2/products/10694309871963,1,3701459066896,3701459066896,2026-09-04,recent_workflow,,True,False,not_found,not_found,0.0,supplier_page_not_found,,,,,2026-09-07,,
10694309445979,Coffret calendrier de l'Avent - Réf. 69910,coffret-calendrier-de-l-avent-ref-69910,https://admin.shopify.com/store/milaura-2/products/10694309445979,1,3701459069910,3701459069910,2026-09-04,recent_workflow,,True,False,not_found,not_found,0.0,supplier_page_not_found,,,,,2026-09-07,,
10694307709275,Coffret calendrier de l'Avent - Réf. 69927,coffret-calendrier-de-l-avent-ref-69927,https://admin.shopify.com/store/milaura-2/products/10694307709275,12,3701459069927,3701459069927,2026-09-04,recent_workflow,,True,False,not_found,not_found,0.0,supplier_page_not_found,,,,,2026-09-07,,
10694313541979,Coffret découverte purification,coffret-decouverte-purification,https://admin.shopify.com/store/milaura-2/products/10694313541979,1,3701459055838,3701459055838,2026-09-04,recent_workflow,,True,False,not_found,not_found,0.0,supplier_page_not_found,,,,,2026-09-07,,
